drink_id,name,type,temperature,sugar_level,caffeine_level,ingredient_ids,tags,popularity_score,description
1,Vanilla Iced Latte,coffee,iced,regular,medium,"[1,10,15,36]","['house_favorite','comfort']",0.9,
2,Caramel Cold Brew,coffee,iced,regular,high,"[2,11,16,36]","['house_favorite','energy_boost']",0.88,
3,Hazelnut Almond Latte,coffee,hot,half,medium,"[3,13,17]",['comfort'],0.8,
4,Sugar Free Vanilla Latte,coffee,hot,zero,medium,"[3,10,42]","['low_sugar','light_healthy']",0.82,
5,Pumpkin Spice Oat Latte,coffee,hot,regular,medium,"[3,12,21,23,33]","['comfort','warm_spice','seasonal']",0.87,
6,Gingerbread Oat Latte,coffee,hot,regular,medium,"[3,12,41,23,33]","['comfort','warm_spice','seasonal']",0.85,
7,Sugar Cookie Cold Brew,coffee,iced,regular,high,"[2,43,34,36]","['house_favorite','dessert']",0.89,
8,Peppermint Mocha,coffee,hot,regular,medium,"[3,19,40,10,33]","['dessert','seasonal']",0.83,
9,Matcha Coconut Latte,tea,hot,zero,low,"[26,38,42]","['light_healthy','low_sugar']",0.78,
10,Mango Berry Smoothie,smoothie,blended,regular,none,"[7,27,28,36]","['fruity','refreshing']",0.86,
11,Tropical Green Smoothie,smoothie,blended,half,none,"[7,31,32,27,36]","['fruity','refreshing','light_healthy']",0.84,
12,Strawberry Banana Yogurt Smoothie,smoothie,blended,regular,none,"[7,30,44,36]","['fruity','comfort']",0.83,
13,Passion Tea Lemonade,refresher,iced,regular,none,"[37,47,18,36]","['fruity','refreshing','house_favorite']",0.91,
14,Mango Refresher,refresher,iced,regular,none,"[45,47,36]","['fruity','refreshing']",0.82,
15,Strawberry Refresher,refresher,iced,regular,none,"[46,47,36]","['fruity','refreshing']",0.83,
16,Energy Cold Brew,coffee,iced,half,high,"[2,22,11,36]",['energy_boost'],0.81,
17,Light Iced Green Tea,tea,iced,zero,low,"[5,36]","['light_healthy','refreshing']",0.79,
18,Zero Sugar Passion Lemonade,refresher,iced,zero,none,"[37,47,42,36]","['low_sugar','fruity','refreshing']",0.8,
19,Brown Sugar Oat Shaken Espresso,coffee,iced,regular,high,"[1,12,22,36]","['house_favorite','energy_boost']",0.88,
20,Toasted Pecan Latte,coffee,hot,regular,medium,"[3,10,39,33]","['comfort','dessert']",0.84,
21,Coconut Mocha Macchiato,coffee,hot,regular,medium,"[3,38,19,33]","['dessert','comfort']",0.83,
22,Iced Sugar Cookie Almond Latte,coffee,iced,regular,medium,"[1,13,43,34,36]","['seasonal','dessert']",0.86,
23,Peppermint Cold Foam Cold Brew,coffee,iced,regular,high,"[2,40,34,36]","['seasonal','energy_boost']",0.85,
24,Matcha Lemonade,tea,iced,zero,low,"[26,47,36]","['light_healthy','refreshing']",0.82,
25,Strawberry Matcha Latte,tea,iced,half,low,"[26,44,11,36]","['fruity','comfort']",0.8,
26,Pineapple Coconut Refresher,refresher,iced,regular,none,"[31,38,47,36]","['fruity','refreshing']",0.84,
27,Berry Passion Refresher,refresher,iced,regular,none,"[37,28,29,47,36]","['fruity','refreshing']",0.83,
28,Tropical Coconut Smoothie,smoothie,blended,regular,none,"[7,31,27,38,36]","['fruity','comfort']",0.85,
29,Protein Yogurt Green Smoothie,smoothie,blended,half,none,"[7,31,32,5,36]","['light_healthy','fruity']",0.8,
30,Zero Sugar Iced Vanilla Cold Brew,coffee,iced,zero,high,"[2,42,11,36]","['low_sugar','energy_boost']",0.83,
31,Classic Chai Latte,tea,hot,regular,low,"[6,14,25]","['comfort','warm_spice']",0.81,
32,Iced Chai Oat Latte,tea,iced,regular,low,"[6,12,25,36]","['comfort','refreshing','warm_spice']",0.82,
33,Dirty Chai Oat Shaken Espresso,coffee,iced,regular,high,"[1,6,12,25,36]","['energy_boost','warm_spice']",0.84,
34,Cinnamon Brown Sugar Latte,coffee,hot,regular,medium,"[3,10,22,24]","['comfort','dessert']",0.83,
35,Pumpkin Cream Cold Brew,coffee,iced,regular,high,"[2,21,34,36]","['seasonal','comfort']",0.86,
36,Mocha Cookie Frappe,coffee,blended,regular,medium,"[4,1,19,35,33,36]","['dessert','house_favorite']",0.87,
37,Nutmeg Spice Creme Frappe,frappe,blended,regular,none,"[4,23,24,33,36]","['dessert','warm_spice']",0.8,
38,Kids Hot Chocolate,other,hot,regular,low,"[4,19,10,33]","['comfort','kids']",0.79,
39,White Chocolate Peppermint Mocha,coffee,hot,regular,medium,"[3,20,40,10,33]","['seasonal','dessert']",0.84,
40,Cinnamon Almond Cold Foam Cold Brew,coffee,iced,half,high,"[2,13,24,34,36]","['energy_boost','light_healthy']",0.82,
41,Caramel Pecan Latte,coffee,hot,regular,medium,"[3,10,16,39,33]","['dessert','comfort']",0.85,
42,Strawberry Coconut Refresher,refresher,iced,regular,none,"[46,38,47,36]","['fruity','refreshing']",0.82,
43,Brewed Coffee,coffee,hot,regular,high,"[10, 36]",['coffee'],0.75,
44,Brewed Coffee,coffee,hot,regular,high,"[10, 36]",['coffee'],0.75,
45,Brewed Coffee,coffee,hot,regular,high,"[10, 36]",['coffee'],0.75,
46,Brewed Coffee,coffee,hot,regular,high,"[10, 36]",['coffee'],0.75,
47,Caffè Latte,coffee,hot,regular,medium,"[1, 10, 36]",['coffee'],0.75,
48,Caffè Latte,coffee,hot,regular,medium,"[1, 10, 36]",['coffee'],0.75,
49,Caffè Latte,coffee,hot,regular,medium,"[1, 10, 36]",['coffee'],0.75,
50,Caffè Latte,coffee,hot,regular,medium,"[1, 10, 36]",['coffee'],0.75,
51,Caffè Latte,coffee,hot,regular,medium,"[1, 10, 36]",['coffee'],0.75,
52,Caffè Latte,coffee,hot,regular,medium,"[1, 10, 36]",['coffee'],0.75,
53,Caffè Latte,coffee,hot,regular,medium,"[1, 10, 36]",['coffee'],0.75,
54,Caffè Latte,coffee,hot,regular,medium,"[1, 10, 36]",['coffee'],0.75,
55,Caffè Latte,coffee,hot,regular,medium,"[1, 10, 36]",['coffee'],0.75,
56,Caffè Latte,coffee,hot,regular,medium,"[1, 10, 36]",['coffee'],0.75,
57,Caffè Latte,coffee,hot,regular,medium,"[1, 10, 36]",['coffee'],0.75,
58,Caffè Latte,coffee,hot,regular,medium,"[1, 10, 36]",['coffee'],0.75,
59,Caffè Mocha (Without Whipped Cream),coffee,hot,regular,medium,"[10, 19, 36]","['coffee', 'dessert']",0.75,
60,Caffè Mocha (Without Whipped Cream),coffee,hot,regular,medium,"[10, 19, 36]","['coffee', 'dessert']",0.75,
61,Caffè Mocha (Without Whipped Cream),coffee,hot,regular,medium,"[10, 19, 36]","['coffee', 'dessert']",0.75,
62,Caffè Mocha (Without Whipped Cream),coffee,hot,regular,medium,"[10, 19, 36]","['coffee', 'dessert']",0.75,
63,Caffè Mocha (Without Whipped Cream),coffee,hot,regular,medium,"[10, 19, 36]","['coffee', 'dessert']",0.75,
64,Caffè Mocha (Without Whipped Cream),coffee,hot,regular,medium,"[10, 19, 36]","['coffee', 'dessert']",0.75,
65,Caffè Mocha (Without Whipped Cream),coffee,hot,regular,high,"[10, 19, 36]","['coffee', 'dessert']",0.75,
66,Caffè Mocha (Without Whipped Cream),coffee,hot,regular,high,"[10, 19, 36]","['coffee', 'dessert']",0.75,
67,Caffè Mocha (Without Whipped Cream),coffee,hot,regular,high,"[10, 19, 36]","['coffee', 'dessert']",0.75,
68,Caffè Mocha (Without Whipped Cream),coffee,hot,regular,high,"[10, 19, 36]","['coffee', 'dessert']",0.75,
69,Caffè Mocha (Without Whipped Cream),coffee,hot,regular,high,"[10, 19, 36]","['coffee', 'dessert']",0.75,
70,Caffè Mocha (Without Whipped Cream),coffee,hot,regular,high,"[10, 19, 36]","['coffee', 'dessert']",0.75,
71,Vanilla Latte (Or Other Flavoured Latte),coffee,hot,regular,medium,"[1, 10, 15, 36]",['coffee'],0.75,
72,Vanilla Latte (Or Other Flavoured Latte),coffee,hot,regular,medium,"[1, 10, 15, 36]",['coffee'],0.75,
73,Vanilla Latte (Or Other Flavoured Latte),coffee,hot,regular,medium,"[1, 10, 15, 36]",['coffee'],0.75,
74,Vanilla Latte (Or Other Flavoured Latte),coffee,hot,regular,medium,"[1, 10, 15, 36]",['coffee'],0.75,
75,Vanilla Latte (Or Other Flavoured Latte),coffee,hot,regular,medium,"[1, 10, 15, 36]",['coffee'],0.75,
76,Vanilla Latte (Or Other Flavoured Latte),coffee,hot,regular,medium,"[1, 10, 15, 36]",['coffee'],0.75,
77,Vanilla Latte (Or Other Flavoured Latte),coffee,hot,regular,medium,"[1, 10, 15, 36]",['coffee'],0.75,
78,Vanilla Latte (Or Other Flavoured Latte),coffee,hot,regular,medium,"[1, 10, 15, 36]",['coffee'],0.75,
79,Vanilla Latte (Or Other Flavoured Latte),coffee,hot,regular,medium,"[1, 10, 15, 36]",['coffee'],0.75,
80,Vanilla Latte (Or Other Flavoured Latte),coffee,hot,regular,medium,"[1, 10, 15, 36]",['coffee'],0.75,
81,Vanilla Latte (Or Other Flavoured Latte),coffee,hot,regular,medium,"[1, 10, 15, 36]",['coffee'],0.75,
82,Vanilla Latte (Or Other Flavoured Latte),coffee,hot,regular,medium,"[1, 10, 15, 36]",['coffee'],0.75,
83,Caffè Americano,coffee,hot,regular,medium,"[1, 10, 36]",['coffee'],0.75,
84,Caffè Americano,coffee,hot,regular,medium,"[1, 10, 36]",['coffee'],0.75,
85,Caffè Americano,coffee,hot,regular,high,"[1, 10, 36]",['coffee'],0.75,
86,Caffè Americano,coffee,hot,regular,high,"[1, 10, 36]",['coffee'],0.75,
87,Cappuccino,coffee,hot,regular,medium,"[1, 10, 36]",['coffee'],0.75,
88,Cappuccino,coffee,hot,regular,medium,"[1, 10, 36]",['coffee'],0.75,
89,Cappuccino,coffee,hot,regular,medium,"[1, 10, 36]",['coffee'],0.75,
90,Cappuccino,coffee,hot,regular,medium,"[1, 10, 36]",['coffee'],0.75,
91,Cappuccino,coffee,hot,regular,medium,"[1, 10, 36]",['coffee'],0.75,
92,Cappuccino,coffee,hot,regular,medium,"[1, 10, 36]",['coffee'],0.75,
93,Cappuccino,coffee,hot,regular,medium,"[1, 10, 36]",['coffee'],0.75,
94,Cappuccino,coffee,hot,regular,medium,"[1, 10, 36]",['coffee'],0.75,
95,Cappuccino,coffee,hot,regular,medium,"[1, 10, 36]",['coffee'],0.75,
96,Cappuccino,coffee,hot,regular,medium,"[1, 10, 36]",['coffee'],0.75,
97,Cappuccino,coffee,hot,regular,medium,"[1, 10, 36]",['coffee'],0.75,
98,Cappuccino,coffee,hot,regular,medium,"[1, 10, 36]",['coffee'],0.75,
99,Espresso,coffee,hot,regular,medium,"[1, 10, 36]","['coffee', 'energy_boost']",0.75,
100,Espresso,coffee,hot,regular,medium,"[1, 10, 36]","['coffee', 'energy_boost']",0.75,
101,Skinny Latte (Any Flavour),coffee,hot,regular,medium,"[1, 10, 36]",['coffee'],0.75,
102,Skinny Latte (Any Flavour),coffee,hot,regular,medium,"[1, 10, 36]",['coffee'],0.75,
103,Skinny Latte (Any Flavour),coffee,hot,regular,medium,"[1, 10, 36]",['coffee'],0.75,
104,Skinny Latte (Any Flavour),coffee,hot,regular,medium,"[1, 10, 36]",['coffee'],0.75,
105,Caramel Macchiato,coffee,hot,regular,medium,"[1, 10, 16, 36]",['coffee'],0.75,
106,Caramel Macchiato,coffee,hot,regular,medium,"[1, 10, 16, 36]",['coffee'],0.75,
107,Caramel Macchiato,coffee,hot,regular,medium,"[1, 10, 16, 36]",['coffee'],0.75,
108,Caramel Macchiato,coffee,hot,regular,medium,"[1, 10, 16, 36]",['coffee'],0.75,
109,Caramel Macchiato,coffee,hot,regular,medium,"[1, 10, 16, 36]",['coffee'],0.75,
110,Caramel Macchiato,coffee,hot,regular,medium,"[1, 10, 16, 36]",['coffee'],0.75,
111,Caramel Macchiato,coffee,hot,regular,medium,"[1, 10, 16, 36]",['coffee'],0.75,
112,Caramel Macchiato,coffee,hot,regular,medium,"[1, 10, 16, 36]",['coffee'],0.75,
113,Caramel Macchiato,coffee,hot,regular,medium,"[1, 10, 16, 36]",['coffee'],0.75,
114,Caramel Macchiato,coffee,hot,regular,medium,"[1, 10, 16, 36]",['coffee'],0.75,
115,Caramel Macchiato,coffee,hot,regular,medium,"[1, 10, 16, 36]",['coffee'],0.75,
116,Caramel Macchiato,coffee,hot,regular,medium,"[1, 10, 16, 36]",['coffee'],0.75,
117,White Chocolate Mocha (Without Whipped Cream),coffee,hot,regular,medium,"[10, 19, 20, 36]","['coffee', 'dessert']",0.75,
118,White Chocolate Mocha (Without Whipped Cream),coffee,hot,regular,medium,"[10, 19, 20, 36]","['coffee', 'dessert']",0.75,
119,White Chocolate Mocha (Without Whipped Cream),coffee,hot,regular,medium,"[10, 19, 20, 36]","['coffee', 'dessert']",0.75,
120,White Chocolate Mocha (Without Whipped Cream),coffee,hot,regular,medium,"[10, 19, 20, 36]","['coffee', 'dessert']",0.75,
121,White Chocolate Mocha (Without Whipped Cream),coffee,hot,regular,medium,"[10, 19, 20, 36]","['coffee', 'dessert']",0.75,
122,White Chocolate Mocha (Without Whipped Cream),coffee,hot,regular,medium,"[10, 19, 20, 36]","['coffee', 'dessert']",0.75,
123,White Chocolate Mocha (Without Whipped Cream),coffee,hot,regular,medium,"[10, 19, 20, 36]","['coffee', 'dessert']",0.75,
124,White Chocolate Mocha (Without Whipped Cream),coffee,hot,regular,medium,"[10, 19, 20, 36]","['coffee', 'dessert']",0.75,
125,White Chocolate Mocha (Without Whipped Cream),coffee,hot,regular,medium,"[10, 19, 20, 36]","['coffee', 'dessert']",0.75,
126,White Chocolate Mocha (Without Whipped Cream),coffee,hot,regular,medium,"[10, 19, 20, 36]","['coffee', 'dessert']",0.75,
127,White Chocolate Mocha (Without Whipped Cream),coffee,hot,regular,medium,"[10, 19, 20, 36]","['coffee', 'dessert']",0.75,
128,White Chocolate Mocha (Without Whipped Cream),coffee,hot,regular,medium,"[10, 19, 20, 36]","['coffee', 'dessert']",0.75,
129,Hot Chocolate (Without Whipped Cream),other,hot,regular,low,"[10, 19, 36]",['dessert'],0.75,
130,Hot Chocolate (Without Whipped Cream),other,hot,regular,low,"[10, 19, 36]",['dessert'],0.75,
131,Hot Chocolate (Without Whipped Cream),other,hot,regular,low,"[10, 19, 36]",['dessert'],0.75,
132,Hot Chocolate (Without Whipped Cream),other,hot,regular,low,"[10, 19, 36]",['dessert'],0.75,
133,Hot Chocolate (Without Whipped Cream),other,hot,regular,low,"[10, 19, 36]",['dessert'],0.75,
134,Hot Chocolate (Without Whipped Cream),other,hot,regular,low,"[10, 19, 36]",['dessert'],0.75,
135,Hot Chocolate (Without Whipped Cream),other,hot,regular,low,"[10, 19, 36]",['dessert'],0.75,
136,Hot Chocolate (Without Whipped Cream),other,hot,regular,low,"[10, 19, 36]",['dessert'],0.75,
137,Hot Chocolate (Without Whipped Cream),other,hot,regular,low,"[10, 19, 36]",['dessert'],0.75,
138,Hot Chocolate (Without Whipped Cream),other,hot,regular,low,"[10, 19, 36]",['dessert'],0.75,
139,Hot Chocolate (Without Whipped Cream),other,hot,regular,low,"[10, 19, 36]",['dessert'],0.75,
140,Hot Chocolate (Without Whipped Cream),other,hot,regular,low,"[10, 19, 36]",['dessert'],0.75,
141,Caramel Apple Spice (Without Whipped Cream),other,hot,regular,none,"[10, 16, 25, 36]",['dessert'],0.75,
142,Caramel Apple Spice (Without Whipped Cream),other,hot,regular,none,"[10, 16, 25, 36]",['dessert'],0.75,
143,Caramel Apple Spice (Without Whipped Cream),other,hot,regular,none,"[10, 16, 25, 36]",['dessert'],0.75,
144,Caramel Apple Spice (Without Whipped Cream),other,hot,regular,none,"[10, 16, 25, 36]",['dessert'],0.75,
145,Tazo® Tea,tea,hot,regular,medium,"[6, 10, 36]",['tea'],0.75,
146,Tazo® Tea,tea,hot,regular,medium,"[6, 10, 36]",['tea'],0.75,
147,Tazo® Tea,tea,hot,regular,medium,"[6, 10, 36]",['tea'],0.75,
148,Tazo® Tea,tea,hot,regular,medium,"[6, 10, 36]",['tea'],0.75,
149,Tazo® Chai Tea Latte,tea,hot,regular,low,"[1, 10, 25, 36]",['tea'],0.75,
150,Tazo® Chai Tea Latte,tea,hot,regular,low,"[1, 10, 25, 36]",['tea'],0.75,
151,Tazo® Chai Tea Latte,tea,hot,regular,low,"[1, 10, 25, 36]",['tea'],0.75,
152,Tazo® Chai Tea Latte,tea,hot,regular,medium,"[1, 10, 25, 36]",['tea'],0.75,
153,Tazo® Chai Tea Latte,tea,hot,regular,medium,"[1, 10, 25, 36]",['tea'],0.75,
154,Tazo® Chai Tea Latte,tea,hot,regular,medium,"[1, 10, 25, 36]",['tea'],0.75,
155,Tazo® Chai Tea Latte,tea,hot,regular,medium,"[1, 10, 25, 36]",['tea'],0.75,
156,Tazo® Chai Tea Latte,tea,hot,regular,medium,"[1, 10, 25, 36]",['tea'],0.75,
157,Tazo® Chai Tea Latte,tea,hot,regular,medium,"[1, 10, 25, 36]",['tea'],0.75,
158,Tazo® Chai Tea Latte,tea,hot,regular,medium,"[1, 10, 25, 36]",['tea'],0.75,
159,Tazo® Chai Tea Latte,tea,hot,regular,medium,"[1, 10, 25, 36]",['tea'],0.75,
160,Tazo® Chai Tea Latte,tea,hot,regular,medium,"[1, 10, 25, 36]",['tea'],0.75,
161,Tazo® Green Tea Latte,tea,hot,regular,low,"[1, 10, 36]",['tea'],0.75,
162,Tazo® Green Tea Latte,tea,hot,regular,low,"[1, 10, 36]",['tea'],0.75,
163,Tazo® Green Tea Latte,tea,hot,regular,low,"[1, 10, 36]",['tea'],0.75,
164,Tazo® Green Tea Latte,tea,hot,regular,low,"[1, 10, 36]",['tea'],0.75,
165,Tazo® Green Tea Latte,tea,hot,regular,low,"[1, 10, 36]",['tea'],0.75,
166,Tazo® Green Tea Latte,tea,hot,regular,low,"[1, 10, 36]",['tea'],0.75,
167,Tazo® Green Tea Latte,tea,hot,regular,medium,"[1, 10, 36]",['tea'],0.75,
168,Tazo® Green Tea Latte,tea,hot,regular,medium,"[1, 10, 36]",['tea'],0.75,
169,Tazo® Green Tea Latte,tea,hot,regular,medium,"[1, 10, 36]",['tea'],0.75,
170,Tazo® Green Tea Latte,tea,hot,regular,medium,"[1, 10, 36]",['tea'],0.75,
171,Tazo® Green Tea Latte,tea,hot,regular,medium,"[1, 10, 36]",['tea'],0.75,
172,Tazo® Green Tea Latte,tea,hot,regular,medium,"[1, 10, 36]",['tea'],0.75,
173,Tazo® Full-Leaf Tea Latte,tea,hot,regular,medium,"[1, 10, 36]",['tea'],0.75,
174,Tazo® Full-Leaf Tea Latte,tea,hot,regular,medium,"[1, 10, 36]",['tea'],0.75,
175,Tazo® Full-Leaf Tea Latte,tea,hot,regular,medium,"[1, 10, 36]",['tea'],0.75,
176,Tazo® Full-Leaf Tea Latte,tea,hot,regular,medium,"[1, 10, 36]",['tea'],0.75,
177,Tazo® Full-Leaf Tea Latte,tea,hot,regular,medium,"[1, 10, 36]",['tea'],0.75,
178,Tazo® Full-Leaf Tea Latte,tea,hot,regular,medium,"[1, 10, 36]",['tea'],0.75,
179,Tazo® Full-Leaf Tea Latte,tea,hot,regular,medium,"[1, 10, 36]",['tea'],0.75,
180,Tazo® Full-Leaf Tea Latte,tea,hot,regular,medium,"[1, 10, 36]",['tea'],0.75,
181,Tazo® Full-Leaf Tea Latte,tea,hot,regular,medium,"[1, 10, 36]",['tea'],0.75,
182,Tazo® Full-Leaf Tea Latte,tea,hot,regular,medium,"[1, 10, 36]",['tea'],0.75,
183,Tazo® Full-Leaf Tea Latte,tea,hot,regular,medium,"[1, 10, 36]",['tea'],0.75,
184,Tazo® Full-Leaf Tea Latte,tea,hot,regular,medium,"[1, 10, 36]",['tea'],0.75,
185,Tazo® Full-Leaf Red Tea Latte (Vanilla Rooibos),tea,hot,regular,none,"[1, 10, 15, 36]",['tea'],0.75,
186,Tazo® Full-Leaf Red Tea Latte (Vanilla Rooibos),tea,hot,regular,none,"[1, 10, 15, 36]",['tea'],0.75,
187,Tazo® Full-Leaf Red Tea Latte (Vanilla Rooibos),tea,hot,regular,none,"[1, 10, 15, 36]",['tea'],0.75,
188,Tazo® Full-Leaf Red Tea Latte (Vanilla Rooibos),tea,hot,regular,none,"[1, 10, 15, 36]",['tea'],0.75,
189,Tazo® Full-Leaf Red Tea Latte (Vanilla Rooibos),tea,hot,regular,none,"[1, 10, 15, 36]",['tea'],0.75,
190,Tazo® Full-Leaf Red Tea Latte (Vanilla Rooibos),tea,hot,regular,none,"[1, 10, 15, 36]",['tea'],0.75,
191,Tazo® Full-Leaf Red Tea Latte (Vanilla Rooibos),tea,hot,regular,none,"[1, 10, 15, 36]",['tea'],0.75,
192,Tazo® Full-Leaf Red Tea Latte (Vanilla Rooibos),tea,hot,regular,none,"[1, 10, 15, 36]",['tea'],0.75,
193,Tazo® Full-Leaf Red Tea Latte (Vanilla Rooibos),tea,hot,regular,none,"[1, 10, 15, 36]",['tea'],0.75,
194,Tazo® Full-Leaf Red Tea Latte (Vanilla Rooibos),tea,hot,regular,none,"[1, 10, 15, 36]",['tea'],0.75,
195,Tazo® Full-Leaf Red Tea Latte (Vanilla Rooibos),tea,hot,regular,none,"[1, 10, 15, 36]",['tea'],0.75,
196,Tazo® Full-Leaf Red Tea Latte (Vanilla Rooibos),tea,hot,regular,none,"[1, 10, 15, 36]",['tea'],0.75,
197,Iced Brewed Coffee (With Classic Syrup),coffee,iced,regular,medium,"[10, 36]",['coffee'],0.75,
198,Iced Brewed Coffee (With Classic Syrup),coffee,iced,regular,high,"[10, 36]",['coffee'],0.75,
199,Iced Brewed Coffee (With Classic Syrup),coffee,iced,regular,high,"[10, 36]",['coffee'],0.75,
200,Iced Brewed Coffee (With Milk & Classic Syrup),coffee,iced,regular,medium,"[10, 36]",['coffee'],0.75,
201,Iced Brewed Coffee (With Milk & Classic Syrup),coffee,iced,regular,medium,"[10, 36]",['coffee'],0.75,
202,Iced Brewed Coffee (With Milk & Classic Syrup),coffee,iced,regular,medium,"[10, 36]",['coffee'],0.75,
203,Iced Brewed Coffee (With Milk & Classic Syrup),coffee,iced,regular,medium,"[10, 36]",['coffee'],0.75,
204,Iced Brewed Coffee (With Milk & Classic Syrup),coffee,iced,regular,medium,"[10, 36]",['coffee'],0.75,
205,Iced Brewed Coffee (With Milk & Classic Syrup),coffee,iced,regular,medium,"[10, 36]",['coffee'],0.75,
206,Iced Brewed Coffee (With Milk & Classic Syrup),coffee,iced,regular,medium,"[10, 36]",['coffee'],0.75,
207,Iced Brewed Coffee (With Milk & Classic Syrup),coffee,iced,regular,high,"[10, 36]",['coffee'],0.75,
208,Iced Brewed Coffee (With Milk & Classic Syrup),coffee,iced,regular,high,"[10, 36]",['coffee'],0.75,
209,Shaken Iced Tazo® Tea (With Classic Syrup),smoothie,iced,regular,high,"[6, 10, 36]",['smoothie'],0.75,
210,Shaken Iced Tazo® Tea (With Classic Syrup),smoothie,iced,regular,medium,"[6, 10, 36]",['smoothie'],0.75,
211,Shaken Iced Tazo® Tea (With Classic Syrup),smoothie,iced,regular,medium,"[6, 10, 36]",['smoothie'],0.75,
212,Shaken Iced Tazo® Tea Lemonade (With Classic Syrup),smoothie,iced,regular,medium,"[6, 10, 47, 36]",['smoothie'],0.75,
213,Shaken Iced Tazo® Tea Lemonade (With Classic Syrup),smoothie,iced,regular,medium,"[6, 10, 47, 36]",['smoothie'],0.75,
214,Shaken Iced Tazo® Tea Lemonade (With Classic Syrup),smoothie,iced,regular,medium,"[6, 10, 47, 36]",['smoothie'],0.75,
215,Banana Chocolate Smoothie,smoothie,hot,regular,medium,"[10, 19, 36]",['smoothie'],0.75,
216,Banana Chocolate Smoothie,smoothie,hot,regular,low,"[10, 19, 36]",['smoothie'],0.75,
217,Banana Chocolate Smoothie,smoothie,hot,regular,low,"[10, 19, 36]",['smoothie'],0.75,
218,Orange Mango Banana Smoothie,smoothie,hot,regular,low,"[10, 27, 36]",['smoothie'],0.75,
219,Orange Mango Banana Smoothie,smoothie,hot,regular,none,"[10, 27, 36]",['smoothie'],0.75,
220,Orange Mango Banana Smoothie,smoothie,hot,regular,none,"[10, 27, 36]",['smoothie'],0.75,
221,Strawberry Banana Smoothie,smoothie,hot,regular,none,"[10, 44, 36]",['smoothie'],0.75,
222,Strawberry Banana Smoothie,smoothie,hot,regular,none,"[10, 44, 36]",['smoothie'],0.75,
223,Strawberry Banana Smoothie,smoothie,hot,regular,none,"[10, 44, 36]",['smoothie'],0.75,
224,Coffee,coffee,hot,regular,none,"[10, 36]",['coffee'],0.75,
225,Coffee,coffee,hot,regular,medium,"[10, 36]",['coffee'],0.75,
226,Coffee,coffee,hot,regular,medium,"[10, 36]",['coffee'],0.75,
227,Coffee,coffee,hot,regular,medium,"[10, 36]",['coffee'],0.75,
228,Coffee,coffee,hot,regular,medium,"[10, 36]",['coffee'],0.75,
229,Coffee,coffee,hot,regular,medium,"[10, 36]",['coffee'],0.75,
230,Coffee,coffee,hot,regular,medium,"[10, 36]",['coffee'],0.75,
231,Coffee,coffee,hot,regular,medium,"[10, 36]",['coffee'],0.75,
232,Coffee,coffee,hot,regular,medium,"[10, 36]",['coffee'],0.75,
233,Mocha (Without Whipped Cream),coffee,hot,regular,medium,"[10, 19, 36]","['coffee', 'dessert']",0.75,
234,Mocha (Without Whipped Cream),coffee,hot,regular,medium,"[10, 19, 36]","['coffee', 'dessert']",0.75,
235,Mocha (Without Whipped Cream),coffee,hot,regular,medium,"[10, 19, 36]","['coffee', 'dessert']",0.75,
236,Mocha (Without Whipped Cream),coffee,hot,regular,medium,"[10, 19, 36]","['coffee', 'dessert']",0.75,
237,Mocha (Without Whipped Cream),coffee,hot,regular,medium,"[10, 19, 36]","['coffee', 'dessert']",0.75,
238,Mocha (Without Whipped Cream),coffee,hot,regular,medium,"[10, 19, 36]","['coffee', 'dessert']",0.75,
239,Mocha (Without Whipped Cream),coffee,hot,regular,medium,"[10, 19, 36]","['coffee', 'dessert']",0.75,
240,Mocha (Without Whipped Cream),coffee,hot,regular,medium,"[10, 19, 36]","['coffee', 'dessert']",0.75,
241,Mocha (Without Whipped Cream),coffee,hot,regular,medium,"[10, 19, 36]","['coffee', 'dessert']",0.75,
242,Caramel (Without Whipped Cream),other,hot,regular,medium,"[10, 16, 36]",['dessert'],0.75,
243,Caramel (Without Whipped Cream),other,hot,regular,medium,"[10, 16, 36]",['dessert'],0.75,
244,Caramel (Without Whipped Cream),other,hot,regular,medium,"[10, 16, 36]",['dessert'],0.75,
245,Caramel (Without Whipped Cream),other,hot,regular,medium,"[10, 16, 36]",['dessert'],0.75,
246,Caramel (Without Whipped Cream),other,hot,regular,medium,"[10, 16, 36]",['dessert'],0.75,
247,Caramel (Without Whipped Cream),other,hot,regular,medium,"[10, 16, 36]",['dessert'],0.75,
248,Caramel (Without Whipped Cream),other,hot,regular,medium,"[10, 16, 36]",['dessert'],0.75,
249,Caramel (Without Whipped Cream),other,hot,regular,medium,"[10, 16, 36]",['dessert'],0.75,
250,Caramel (Without Whipped Cream),other,hot,regular,medium,"[10, 16, 36]",['dessert'],0.75,
251,Java Chip (Without Whipped Cream),other,hot,regular,medium,"[10, 36]",['dessert'],0.75,
252,Java Chip (Without Whipped Cream),other,hot,regular,medium,"[10, 36]",['dessert'],0.75,
253,Java Chip (Without Whipped Cream),other,hot,regular,medium,"[10, 36]",['dessert'],0.75,
254,Java Chip (Without Whipped Cream),other,hot,regular,medium,"[10, 36]",['dessert'],0.75,
255,Java Chip (Without Whipped Cream),other,hot,regular,medium,"[10, 36]",['dessert'],0.75,
256,Java Chip (Without Whipped Cream),other,hot,regular,medium,"[10, 36]",['dessert'],0.75,
257,Java Chip (Without Whipped Cream),other,hot,regular,medium,"[10, 36]",['dessert'],0.75,
258,Java Chip (Without Whipped Cream),other,hot,regular,medium,"[10, 36]",['dessert'],0.75,
259,Java Chip (Without Whipped Cream),other,hot,regular,medium,"[10, 36]",['dessert'],0.75,
260,Coffee,coffee,hot,regular,medium,"[10, 36]",['coffee'],0.75,
261,Coffee,coffee,hot,regular,medium,"[10, 36]",['coffee'],0.75,
262,Coffee,coffee,hot,regular,medium,"[10, 36]",['coffee'],0.75,
263,Mocha,coffee,hot,regular,medium,"[10, 19, 36]","['coffee', 'dessert']",0.75,
264,Mocha,coffee,hot,regular,medium,"[10, 19, 36]","['coffee', 'dessert']",0.75,
265,Mocha,coffee,hot,regular,medium,"[10, 19, 36]","['coffee', 'dessert']",0.75,
266,Caramel,other,hot,regular,medium,"[10, 16, 36]",['menu_item'],0.75,
267,Caramel,other,hot,regular,medium,"[10, 16, 36]",['menu_item'],0.75,
268,Caramel,other,hot,regular,medium,"[10, 16, 36]",['menu_item'],0.75,
269,Java Chip,other,hot,regular,medium,"[10, 36]",['menu_item'],0.75,
270,Java Chip,other,hot,regular,medium,"[10, 36]",['menu_item'],0.75,
271,Java Chip,other,hot,regular,high,"[10, 36]",['menu_item'],0.75,
272,Strawberries & Crème (Without Whipped Cream),other,hot,regular,none,"[10, 36]",['dessert'],0.75,
273,Strawberries & Crème (Without Whipped Cream),other,hot,regular,none,"[10, 36]",['dessert'],0.75,
274,Strawberries & Crème (Without Whipped Cream),other,hot,regular,none,"[10, 36]",['dessert'],0.75,
275,Strawberries & Crème (Without Whipped Cream),other,hot,regular,none,"[10, 36]",['dessert'],0.75,
276,Strawberries & Crème (Without Whipped Cream),other,hot,regular,none,"[10, 36]",['dessert'],0.75,
277,Strawberries & Crème (Without Whipped Cream),other,hot,regular,none,"[10, 36]",['dessert'],0.75,
278,Strawberries & Crème (Without Whipped Cream),other,hot,regular,none,"[10, 36]",['dessert'],0.75,
279,Strawberries & Crème (Without Whipped Cream),other,hot,regular,none,"[10, 36]",['dessert'],0.75,
280,Strawberries & Crème (Without Whipped Cream),other,hot,regular,none,"[10, 36]",['dessert'],0.75,
281,Vanilla Bean (Without Whipped Cream),other,hot,regular,none,"[10, 15, 36]",['dessert'],0.75,
282,Vanilla Bean (Without Whipped Cream),other,hot,regular,none,"[10, 15, 36]",['dessert'],0.75,
283,Vanilla Bean (Without Whipped Cream),other,hot,regular,none,"[10, 15, 36]",['dessert'],0.75,
284,Vanilla Bean (Without Whipped Cream),other,hot,regular,none,"[10, 15, 36]",['dessert'],0.75,
285,Hot White Chocolate Mocha,coffee,hot,regular,medium,"[3,4,18,33]","['comfort','dessert']",0.88,
286,Iced White Chocolate Mocha,coffee,iced,regular,medium,"[1,4,18,36]","['dessert','house_favorite']",0.86,
287,Toasted Pistachio Latte,coffee,hot,half,medium,"[3,13,21,33]","['comfort','nutty','seasonal']",0.84,
288,Caramel Brulee Latte,coffee,hot,regular,medium,"[3,11,21,33,24]","['dessert','seasonal','warm_spice']",0.85,
289,Chai Oat Latte,tea,hot,half,low,"[25,12,21,33]","['comfort','warm_spice','light_healthy']",0.82,
290,Iced Brown Sugar Oat Shaken Espresso,coffee,iced,half,high,"[1,12,22,36]","['energy_boost','house_favorite']",0.89,
291,Strawberry Matcha Latte,tea,iced,regular,low,"[26,44,10,36]","['fruity','comfort']",0.83,
292,Mango Coconut Refresher,refresher,iced,regular,none,"[45,38,47,36]","['fruity','refreshing']",0.87,
293,Mocha Cookie Crumble Frappe,frappe,blended,regular,high,"[1,4,19,20,29,36]","['dessert','house_favorite']",0.9,
294,Vanilla Bean Pistachio Frappe,frappe,blended,regular,low,"[4,10,13,29,36]","['dessert','nutty']",0.83,
295,Toasted White Chocolate Cold Brew,coffee,iced,regular,high,"[2,4,20,22,36]","['dessert','house_favorite']",0.89,
296,Hot White Chocolate Strawberry Mocha,coffee,hot,regular,medium,"[3,20,44,33]","['dessert','fruity','comfort']",0.86,
297,Iced White Chocolate Strawberry Mocha,coffee,iced,regular,medium,"[1,20,44,36,33]","['dessert','fruity','refreshing']",0.85,
298,White Chocolate Matcha Latte,tea,hot,half,low,"[26,20,10,33]","['comfort','light_healthy']",0.82,
299,Iced White Chocolate Coconut Latte,coffee,iced,regular,medium,"[1,20,38,36]","['dessert','refreshing']",0.84,
300,Peppermint White Chocolate Mocha,coffee,hot,regular,medium,"[3,20,40,33]","['dessert','seasonal','warm_spice']",0.87,
301,Gingerbread White Chocolate Latte,coffee,hot,regular,medium,"[3,20,41,21,33]","['dessert','seasonal','warm_spice','comfort']",0.88,
302,White Chocolate Strawberry Creme Frappe,frappe,blended,regular,low,"[4,20,44,29,36]","['dessert','fruity','house_favorite']",0.9,
303,White Chocolate Berry Yogurt Smoothie,smoothie,blended,regular,none,"[7,20,28,29,36]","['dessert','fruity','comfort']",0.83,
304,"Iced Vanilla Iced Latte (Half Sugar, Extra Caffeine)",coffee,iced,half,high,"[1,10,18,36]","['house_favorite','comfort']; augmented; combo",0.914901424590337,"Iced Vanilla Iced Latte (Half Sugar, Extra Caffeine) is a iced coffee drink with half sugar and high caffeine. Featuring espresso shot, whole milk, classic simple syrup, ice."
305,Iced Vanilla Iced Latte,coffee,iced,regular,low,"[1,4,11,15,36]","['house_favorite','comfort']; augmented; combo",0.8958520709648645,"Iced Vanilla Iced Latte is a iced coffee drink with regular sweetness and low caffeine. Featuring espresso shot, creme base, skim milk, vanilla syrup."
306,Iced Vanilla Iced Latte,coffee,iced,regular,medium,"[1,15,35,36,38]","['house_favorite','comfort']; augmented; swap_add",0.9194306561430208,"Iced Vanilla Iced Latte is a iced coffee drink with regular sweetness and medium caffeine. Featuring espresso shot, vanilla syrup, java chips, ice."
307,Iced Vanilla Iced Latte,coffee,iced,regular,medium,"[6,10,15,36,37]","['house_favorite','comfort']; augmented; swap_add",0.9456908956922407,"Iced Vanilla Iced Latte is a iced coffee drink with regular sweetness and medium caffeine. Featuring black tea, whole milk, vanilla syrup, ice."
308,Iced Vanilla Iced Latte (Half Sugar),coffee,iced,half,medium,"[1,10,15,36]","['house_favorite','comfort']; augmented; sugar_half",0.8929753987582999,"Iced Vanilla Iced Latte (Half Sugar) is a iced coffee drink with half sugar and medium caffeine. Featuring espresso shot, whole milk, vanilla syrup, ice."
309,Iced Caramel Cold Brew (Extra Caffeine),coffee,iced,regular,high,"[2,11,16,36]","['house_favorite','energy_boost']; augmented; caffeine_high",0.8729758912915246,"Iced Caramel Cold Brew (Extra Caffeine) is a iced coffee drink with regular sweetness and high caffeine. Featuring cold brew coffee, skim milk, caramel syrup, ice."
310,"Iced Caramel Cold Brew (Half Sugar, Extra Caffeine)",coffee,iced,half,high,"[2,11,16,36]","['house_favorite','energy_boost']; augmented; sugar_half",0.9273763844652217,"Iced Caramel Cold Brew (Half Sugar, Extra Caffeine) is a iced coffee drink with half sugar and high caffeine. Featuring cold brew coffee, skim milk, caramel syrup, ice."
311,Iced Caramel Cold Brew,coffee,iced,regular,medium,"[2,11,16,36]","['house_favorite','energy_boost']; augmented; caffeine_medium",0.9030230418745873,"Iced Caramel Cold Brew is a iced coffee drink with regular sweetness and medium caffeine. Featuring cold brew coffee, skim milk, caramel syrup, ice."
312,Hot Caramel Cold Brew (Extra Caffeine),coffee,hot,regular,high,"[2,11,16,36]","['house_favorite','energy_boost']; augmented; temp_hot",0.8659157684219514,"Hot Caramel Cold Brew (Extra Caffeine) is a hot coffee drink with regular sweetness and high caffeine. Featuring cold brew coffee, skim milk, caramel syrup, ice."
313,Iced Caramel Cold Brew (Extra Caffeine),coffee,iced,regular,high,"[2,11,21,36]","['house_favorite','energy_boost']; augmented; ingredient_swap",0.8962768013075789,"Iced Caramel Cold Brew (Extra Caffeine) is a iced coffee drink with regular sweetness and high caffeine. Featuring cold brew coffee, skim milk, pumpkin spice syrup, ice."
314,Hot Hazelnut Almond Latte (Half Sugar),coffee,hot,half,medium,"[10,13,17,37]",['comfort']; augmented; swap_add,0.7860974692156262,"Hot Hazelnut Almond Latte (Half Sugar) is a hot coffee drink with half sugar and medium caffeine. Featuring whole milk, almond milk, hazelnut syrup, passion tea."
315,Hot Hazelnut Almond Latte (Half Sugar),coffee,hot,half,medium,"[13,15,17,46]",['comfort']; augmented; swap_add,0.7860281073928923,"Hot Hazelnut Almond Latte (Half Sugar) is a hot coffee drink with half sugar and medium caffeine. Featuring almond milk, vanilla syrup, hazelnut syrup, strawberry base."
316,"Hot Hazelnut Almond Latte (Zero Sugar, Extra Caffeine)",coffee,hot,zero,high,"[3,13,16,38]",['comfort']; augmented; combo,0.8072588681469811,"Hot Hazelnut Almond Latte (Zero Sugar, Extra Caffeine) is a hot coffee drink with zero sugar and high caffeine. Featuring brewed coffee, almond milk, caramel syrup, coconut milk."
317,Hot Hazelnut Almond Latte (Half Sugar),coffee,hot,half,low,"[3,13,17]",['comfort']; augmented; caffeine_low,0.7426015926602662,"Hot Hazelnut Almond Latte (Half Sugar) is a hot coffee drink with half sugar and low caffeine. Featuring brewed coffee, almond milk, hazelnut syrup."
318,"Hot Hazelnut Almond Latte (Half Sugar, Extra Caffeine)",coffee,hot,half,high,"[3,13,17]",['comfort']; augmented; caffeine_high,0.7482524650246091,"Hot Hazelnut Almond Latte (Half Sugar, Extra Caffeine) is a hot coffee drink with half sugar and high caffeine. Featuring brewed coffee, almond milk, hazelnut syrup."
319,Hot Sugar Free Vanilla Latte,coffee,hot,regular,medium,"[3,10,42]","['low_sugar','light_healthy']; augmented; sugar_regular",0.8031313741227708,"Hot Sugar Free Vanilla Latte is a hot coffee drink with regular sweetness and medium caffeine. Featuring brewed coffee, whole milk, sugar free syrup."
320,Hot Sugar Free Vanilla Latte (Zero Sugar),coffee,hot,zero,low,"[3,10,42]","['low_sugar','light_healthy']; augmented; caffeine_low",0.7896150663899673,"Hot Sugar Free Vanilla Latte (Zero Sugar) is a hot coffee drink with zero sugar and low caffeine. Featuring brewed coffee, whole milk, sugar free syrup."
321,Hot Sugar Free Vanilla Latte (Zero Sugar),coffee,hot,zero,medium,"[3,38,42]","['low_sugar','light_healthy']; augmented; swap_add",0.8294274199778582,"Hot Sugar Free Vanilla Latte (Zero Sugar) is a hot coffee drink with zero sugar and medium caffeine. Featuring brewed coffee, coconut milk, sugar free syrup."
322,Hot Sugar Free Vanilla Latte (Half Sugar),coffee,hot,half,medium,"[3,10,42]","['low_sugar','light_healthy']; augmented; sugar_half",0.7927592777343636,"Hot Sugar Free Vanilla Latte (Half Sugar) is a hot coffee drink with half sugar and medium caffeine. Featuring brewed coffee, whole milk, sugar free syrup."
323,Hot Sugar Free Vanilla Latte (Zero Sugar),coffee,hot,zero,medium,"[10,42,47]","['low_sugar','light_healthy']; augmented; ingredient_swap",0.7776308889599413,"Hot Sugar Free Vanilla Latte (Zero Sugar) is a hot coffee drink with zero sugar and medium caffeine. Featuring whole milk, sugar free syrup, lemonade."
324,Hot Pumpkin Spice Oat Latte,coffee,hot,regular,low,"[3,12,21,23,33]","['comfort','warm_spice','seasonal']; augmented; caffeine_low",0.9139694630676466,"Hot Pumpkin Spice Oat Latte is a hot coffee drink with regular sweetness and low caffeine. Featuring brewed coffee, oat milk, pumpkin spice syrup, nutmeg powder."
325,Hot Pumpkin Spice Oat Latte (Half Sugar),coffee,hot,half,medium,"[3,12,21,23,33]","['comfort','warm_spice','seasonal']; augmented; sugar_half",0.8632267109854039,"Hot Pumpkin Spice Oat Latte (Half Sugar) is a hot coffee drink with half sugar and medium caffeine. Featuring brewed coffee, oat milk, pumpkin spice syrup, nutmeg powder."
326,Hot Pumpkin Spice Oat Latte,coffee,hot,regular,medium,"[3,11,21,23,33]","['comfort','warm_spice','seasonal']; augmented; ingredient_swap",0.8720258461406377,"Hot Pumpkin Spice Oat Latte is a hot coffee drink with regular sweetness and medium caffeine. Featuring brewed coffee, skim milk, pumpkin spice syrup, nutmeg powder."
327,Hot Pumpkin Spice Oat Latte,coffee,hot,regular,medium,"[3,14,21,23,33,34]","['comfort','warm_spice','seasonal']; augmented; swap_add",0.8272575544135963,"Hot Pumpkin Spice Oat Latte is a hot coffee drink with regular sweetness and medium caffeine. Featuring brewed coffee, soy milk, pumpkin spice syrup, nutmeg powder."
328,Hot Pumpkin Spice Oat Latte (Half Sugar),coffee,hot,half,medium,"[3,12,21,23,33]","['comfort','warm_spice','seasonal']; augmented; sugar_half",0.8536685182642445,"Hot Pumpkin Spice Oat Latte (Half Sugar) is a hot coffee drink with half sugar and medium caffeine. Featuring brewed coffee, oat milk, pumpkin spice syrup, nutmeg powder."
329,Hot Gingerbread Oat Latte,coffee,hot,regular,medium,"[3,12,41,23,33]","['comfort','warm_spice','seasonal']; augmented; sugar_regular",0.8533276776912959,"Hot Gingerbread Oat Latte is a hot coffee drink with regular sweetness and medium caffeine. Featuring brewed coffee, oat milk, gingerbread syrup, nutmeg powder."
330,Hot Gingerbread Oat Latte (Extra Caffeine),coffee,hot,regular,high,"[3,12,41,23,33]","['comfort','warm_spice','seasonal']; augmented; caffeine_high",0.8154701926773309,"Hot Gingerbread Oat Latte (Extra Caffeine) is a hot coffee drink with regular sweetness and high caffeine. Featuring brewed coffee, oat milk, gingerbread syrup, nutmeg powder."
331,Hot Gingerbread Oat Latte,coffee,hot,regular,medium,"[3,12,24,33,41]","['comfort','warm_spice','seasonal']; augmented; swap_add",0.8612709405503701,"Hot Gingerbread Oat Latte is a hot coffee drink with regular sweetness and medium caffeine. Featuring brewed coffee, oat milk, cinnamon powder, whipped cream."
332,Hot Gingerbread Oat Latte (Half Sugar),coffee,hot,half,medium,"[3,12,41,23,33]","['comfort','warm_spice','seasonal']; augmented; sugar_half",0.8319808393024358,"Hot Gingerbread Oat Latte (Half Sugar) is a hot coffee drink with half sugar and medium caffeine. Featuring brewed coffee, oat milk, gingerbread syrup, nutmeg powder."
333,Iced Gingerbread Oat Latte,coffee,iced,regular,medium,"[3,12,41,23,33]","['comfort','warm_spice','seasonal']; augmented; temp_iced",0.8412491875062017,"Iced Gingerbread Oat Latte is a iced coffee drink with regular sweetness and medium caffeine. Featuring brewed coffee, oat milk, gingerbread syrup, nutmeg powder."
334,Hot Sugar Cookie Cold Brew (Extra Caffeine),coffee,hot,regular,high,"[2,43,34,36]","['house_favorite','dessert']; augmented; temp_hot",0.871948801633118,"Hot Sugar Cookie Cold Brew (Extra Caffeine) is a hot coffee drink with regular sweetness and high caffeine. Featuring cold brew coffee, sugar cookie syrup, cold foam, ice."
335,Hot Sugar Cookie Cold Brew (Extra Caffeine),coffee,hot,regular,high,"[2,43,34,36]","['house_favorite','dessert']; augmented; temp_hot",0.9455683455352681,"Hot Sugar Cookie Cold Brew (Extra Caffeine) is a hot coffee drink with regular sweetness and high caffeine. Featuring cold brew coffee, sugar cookie syrup, cold foam, ice."
336,"Iced Sugar Cookie Cold Brew (Half Sugar, Extra Caffeine)",coffee,iced,half,high,"[2,43,34,36]","['house_favorite','dessert']; augmented; sugar_half",0.889595083257862,"Iced Sugar Cookie Cold Brew (Half Sugar, Extra Caffeine) is a iced coffee drink with half sugar and high caffeine. Featuring cold brew coffee, sugar cookie syrup, cold foam, ice."
337,Iced Sugar Cookie Cold Brew (Half Sugar),coffee,iced,half,medium,"[34,36,43,46]","['house_favorite','dessert']; augmented; combo",0.858268672131323,"Iced Sugar Cookie Cold Brew (Half Sugar) is a iced coffee drink with half sugar and medium caffeine. Featuring cold foam, ice, sugar cookie syrup, strawberry base."
338,Iced Sugar Cookie Cold Brew (Extra Caffeine),coffee,iced,regular,high,"[34,36,43,47]","['house_favorite','dessert']; augmented; swap_add",0.9146763473630957,"Iced Sugar Cookie Cold Brew (Extra Caffeine) is a iced coffee drink with regular sweetness and high caffeine. Featuring cold foam, ice, sugar cookie syrup, lemonade."
339,"Hot Peppermint Mocha (Half Sugar, Extra Caffeine)",coffee,hot,half,high,"[3,10,19,21,33,42]","['dessert','seasonal']; augmented; combo",0.7933746905008693,"Hot Peppermint Mocha (Half Sugar, Extra Caffeine) is a hot coffee drink with half sugar and high caffeine. Featuring brewed coffee, whole milk, chocolate syrup, pumpkin spice syrup."
340,Hot Peppermint Mocha (Half Sugar),coffee,hot,half,low,"[3,10,19,33,42]","['dessert','seasonal']; augmented; combo",0.8362659078501427,"Hot Peppermint Mocha (Half Sugar) is a hot coffee drink with half sugar and low caffeine. Featuring brewed coffee, whole milk, chocolate syrup, whipped cream."
341,Hot Peppermint Mocha (Half Sugar),coffee,hot,half,medium,"[3,19,40,10,33]","['dessert','seasonal']; augmented; sugar_half",0.7712098962836067,"Hot Peppermint Mocha (Half Sugar) is a hot coffee drink with half sugar and medium caffeine. Featuring brewed coffee, chocolate syrup, peppermint syrup, whole milk."
342,Hot Peppermint Mocha (Half Sugar),coffee,hot,half,medium,"[3,19,40,10,33]","['dessert','seasonal']; augmented; sugar_half",0.790154418533047,"Hot Peppermint Mocha (Half Sugar) is a hot coffee drink with half sugar and medium caffeine. Featuring brewed coffee, chocolate syrup, peppermint syrup, whole milk."
343,Hot Peppermint Mocha,coffee,hot,regular,medium,"[3,10,19,22,33,44]","['dessert','seasonal']; augmented; swap_add",0.8359058370760737,"Hot Peppermint Mocha is a hot coffee drink with regular sweetness and medium caffeine. Featuring brewed coffee, whole milk, chocolate syrup, brown sugar syrup."
344,"Hot Matcha Coconut Latte (Zero Sugar, Decaf)",tea,hot,zero,none,"[26,38,42]","['light_healthy','low_sugar']; augmented; caffeine_none",0.8021539973998624,"Hot Matcha Coconut Latte (Zero Sugar, Decaf) is a hot tea drink with zero sugar and decaf. Featuring matcha powder, coconut milk, sugar free syrup."
345,Iced Matcha Coconut Latte (Zero Sugar),tea,iced,zero,low,"[26,38,42]","['light_healthy','low_sugar']; augmented; temp_iced",0.7851410484356991,"Iced Matcha Coconut Latte (Zero Sugar) is a iced tea drink with zero sugar and low caffeine. Featuring matcha powder, coconut milk, sugar free syrup."
346,Hot Matcha Coconut Latte,tea,hot,regular,low,"[26,38,42]","['light_healthy','low_sugar']; augmented; sugar_regular",0.7765305515283528,"Hot Matcha Coconut Latte is a hot tea drink with regular sweetness and low caffeine. Featuring matcha powder, coconut milk, sugar free syrup."
347,Iced Matcha Coconut Latte (Zero Sugar),tea,iced,zero,low,"[26,38,42]","['light_healthy','low_sugar']; augmented; temp_iced",0.7709668891323214,"Iced Matcha Coconut Latte (Zero Sugar) is a iced tea drink with zero sugar and low caffeine. Featuring matcha powder, coconut milk, sugar free syrup."
348,Iced Matcha Coconut Latte (Zero Sugar),tea,iced,zero,low,"[26,38,42]","['light_healthy','low_sugar']; augmented; temp_iced",0.7356443402889772,"Iced Matcha Coconut Latte (Zero Sugar) is a iced tea drink with zero sugar and low caffeine. Featuring matcha powder, coconut milk, sugar free syrup."
349,"Blended Mango Berry Smoothie (Half Sugar, Decaf)",smoothie,blended,half,none,"[24,27,28,36,47]","['fruity','refreshing']; augmented; combo",0.8384046737481587,"Blended Mango Berry Smoothie (Half Sugar, Decaf) is a blended smoothie drink with half sugar and decaf. Featuring cinnamon powder, mango puree, strawberry pieces, ice."
350,Blended Mango Berry Smoothie,smoothie,blended,regular,low,"[7,27,28,36]","['fruity','refreshing']; augmented; caffeine_low",0.8461808368712064,"Blended Mango Berry Smoothie is a blended smoothie drink with regular sweetness and low caffeine. Featuring yogurt base, mango puree, strawberry pieces, ice."
351,Blended Mango Berry Smoothie (Decaf),smoothie,blended,regular,none,"[7,27,28,36]","['fruity','refreshing']; augmented; sugar_regular",0.8917136667865675,"Blended Mango Berry Smoothie (Decaf) is a blended smoothie drink with regular sweetness and decaf. Featuring yogurt base, mango puree, strawberry pieces, ice."
352,Blended Mango Berry Smoothie (Half Sugar),smoothie,blended,half,low,"[7,27,31,36]","['fruity','refreshing']; augmented; combo",0.8703085486870539,"Blended Mango Berry Smoothie (Half Sugar) is a blended smoothie drink with half sugar and low caffeine. Featuring yogurt base, mango puree, pineapple, ice."
353,Blended Mango Berry Smoothie (Decaf),smoothie,blended,regular,none,"[4,27,28,36]","['fruity','refreshing']; augmented; ingredient_swap",0.807108795339118,"Blended Mango Berry Smoothie (Decaf) is a blended smoothie drink with regular sweetness and decaf. Featuring creme base, mango puree, strawberry pieces, ice."
354,"Blended Tropical Green Smoothie (Half Sugar, Decaf)",smoothie,blended,half,none,"[7,31,32,27,36]","['fruity','refreshing','light_healthy']; augmented; temp_blended",0.8497225190818438,"Blended Tropical Green Smoothie (Half Sugar, Decaf) is a blended smoothie drink with half sugar and decaf. Featuring yogurt base, pineapple, peach puree, mango puree."
355,"Iced Tropical Green Smoothie (Half Sugar, Decaf)",smoothie,iced,half,none,"[7,31,32,27,36]","['fruity','refreshing','light_healthy']; augmented; temp_iced",0.8284475315875105,"Iced Tropical Green Smoothie (Half Sugar, Decaf) is a iced smoothie drink with half sugar and decaf. Featuring yogurt base, pineapple, peach puree, mango puree."
356,"Blended Tropical Green Smoothie (Half Sugar, Decaf)",smoothie,blended,half,none,"[2,27,31,32,36]","['fruity','refreshing','light_healthy']; augmented; swap_add",0.8196923399908213,"Blended Tropical Green Smoothie (Half Sugar, Decaf) is a blended smoothie drink with half sugar and decaf. Featuring cold brew coffee, mango puree, pineapple, peach puree."
357,"Iced Tropical Green Smoothie (Half Sugar, Decaf)",smoothie,iced,half,none,"[7,31,32,27,36]","['fruity','refreshing','light_healthy']; augmented; temp_iced",0.858350288665226,"Iced Tropical Green Smoothie (Half Sugar, Decaf) is a iced smoothie drink with half sugar and decaf. Featuring yogurt base, pineapple, peach puree, mango puree."
358,"Iced Tropical Green Smoothie (Half Sugar, Decaf)",smoothie,iced,half,none,"[7,31,32,27,36]","['fruity','refreshing','light_healthy']; augmented; temp_iced",0.8709299856748784,"Iced Tropical Green Smoothie (Half Sugar, Decaf) is a iced smoothie drink with half sugar and decaf. Featuring yogurt base, pineapple, peach puree, mango puree."
359,Blended Strawberry Banana Yogurt Smoothie (Decaf),smoothie,blended,regular,none,"[7,30,44,36]","['fruity','comfort']; augmented; caffeine_none",0.8579384035734859,"Blended Strawberry Banana Yogurt Smoothie (Decaf) is a blended smoothie drink with regular sweetness and decaf. Featuring yogurt base, banana, strawberry puree, ice."
360,Blended Strawberry Banana Yogurt Smoothie (Decaf),smoothie,blended,regular,none,"[24,30,36,44,47]","['fruity','comfort']; augmented; swap_add",0.8048234743033208,"Blended Strawberry Banana Yogurt Smoothie (Decaf) is a blended smoothie drink with regular sweetness and decaf. Featuring cinnamon powder, banana, ice, strawberry puree."
361,Blended Strawberry Banana Yogurt Smoothie,smoothie,blended,regular,low,"[9,30,36,41,44]","['fruity','comfort']; augmented; combo",0.8207236287244635,"Blended Strawberry Banana Yogurt Smoothie is a blended smoothie drink with regular sweetness and low caffeine. Featuring coconut water, banana, ice, gingerbread syrup."
362,Blended Strawberry Banana Yogurt Smoothie (Decaf),smoothie,blended,regular,none,"[7,30,36]","['fruity','comfort']; augmented; ingredient_swap",0.8399379029421069,"Blended Strawberry Banana Yogurt Smoothie (Decaf) is a blended smoothie drink with regular sweetness and decaf. Featuring yogurt base, banana, ice."
363,Blended Strawberry Banana Yogurt Smoothie (Decaf),smoothie,blended,regular,none,"[1,30,36,44]","['fruity','comfort']; augmented; ingredient_swap",0.8592663538136708,"Blended Strawberry Banana Yogurt Smoothie (Decaf) is a blended smoothie drink with regular sweetness and decaf. Featuring espresso shot, banana, ice, strawberry puree."
364,Iced Passion Tea Lemonade (Decaf),refresher,iced,regular,none,"[4,18,36,47]","['fruity','refreshing','house_favorite']; augmented; ingredient_swap",0.8956247728646414,"Iced Passion Tea Lemonade (Decaf) is a iced refresher drink with regular sweetness and decaf. Featuring creme base, classic simple syrup, ice, lemonade."
365,"Iced Passion Tea Lemonade (Half Sugar, Decaf)",refresher,iced,half,none,"[37,47,18,36]","['fruity','refreshing','house_favorite']; augmented; sugar_half",0.9044302307000855,"Iced Passion Tea Lemonade (Half Sugar, Decaf) is a iced refresher drink with half sugar and decaf. Featuring passion tea, lemonade, classic simple syrup, ice."
366,Iced Passion Tea Lemonade (Decaf),refresher,iced,regular,none,"[17,36,37,47]","['fruity','refreshing','house_favorite']; augmented; ingredient_swap",0.8768099507798192,"Iced Passion Tea Lemonade (Decaf) is a iced refresher drink with regular sweetness and decaf. Featuring hazelnut syrup, ice, passion tea, lemonade."
367,Iced Passion Tea Lemonade,refresher,iced,regular,low,"[37,47,18,36]","['fruity','refreshing','house_favorite']; augmented; caffeine_low",0.8741138012775799,"Iced Passion Tea Lemonade is a iced refresher drink with regular sweetness and low caffeine. Featuring passion tea, lemonade, classic simple syrup, ice."
368,"Iced Passion Tea Lemonade (Zero Sugar, Decaf)",refresher,iced,zero,none,"[37,47,18,36]","['fruity','refreshing','house_favorite']; augmented; sugar_zero",0.934375774671826,"Iced Passion Tea Lemonade (Zero Sugar, Decaf) is a iced refresher drink with zero sugar and decaf. Featuring passion tea, lemonade, classic simple syrup, ice."
369,Iced Mango Refresher (Decaf),refresher,iced,regular,none,"[36,47]","['fruity','refreshing']; augmented; ingredient_swap",0.8606872008571247,"Iced Mango Refresher (Decaf) is a iced refresher drink with regular sweetness and decaf. Featuring ice, lemonade."
370,Iced Mango Refresher (Decaf),refresher,iced,regular,none,"[4,13,36,47]","['fruity','refreshing']; augmented; swap_add",0.8178396963525899,"Iced Mango Refresher (Decaf) is a iced refresher drink with regular sweetness and decaf. Featuring creme base, almond milk, ice, lemonade."
371,"Iced Mango Refresher (Zero Sugar, Decaf)",refresher,iced,zero,none,"[45,47,36]","['fruity','refreshing']; augmented; sugar_zero",0.8501059869367606,"Iced Mango Refresher (Zero Sugar, Decaf) is a iced refresher drink with zero sugar and decaf. Featuring mango base, lemonade, ice."
372,"Iced Mango Refresher (Half Sugar, Decaf)",refresher,iced,half,none,"[45,47,36]","['fruity','refreshing']; augmented; sugar_half",0.8308490807514289,"Iced Mango Refresher (Half Sugar, Decaf) is a iced refresher drink with half sugar and decaf. Featuring mango base, lemonade, ice."
373,Iced Mango Refresher (Decaf),refresher,iced,regular,none,"[5,36,45]","['fruity','refreshing']; augmented; ingredient_swap",0.8006464073618462,"Iced Mango Refresher (Decaf) is a iced refresher drink with regular sweetness and decaf. Featuring green tea, ice, mango base."
374,Iced Strawberry Refresher (Decaf),refresher,iced,regular,none,"[4,36,47]","['fruity','refreshing']; augmented; ingredient_swap",0.8408418681652524,"Iced Strawberry Refresher (Decaf) is a iced refresher drink with regular sweetness and decaf. Featuring creme base, ice, lemonade."
375,Iced Strawberry Refresher (Decaf),refresher,iced,regular,none,"[46,47,36]","['fruity','refreshing']; augmented; caffeine_none",0.876141096993979,"Iced Strawberry Refresher (Decaf) is a iced refresher drink with regular sweetness and decaf. Featuring strawberry base, lemonade, ice."
376,Hot Strawberry Refresher (Decaf),refresher,hot,regular,none,"[46,47,36]","['fruity','refreshing']; augmented; temp_hot",0.8289252188267014,"Hot Strawberry Refresher (Decaf) is a hot refresher drink with regular sweetness and decaf. Featuring strawberry base, lemonade, ice."
377,Iced Strawberry Refresher (Decaf),refresher,iced,regular,none,"[1,14,36,46]","['fruity','refreshing']; augmented; swap_add",0.8769393096744201,"Iced Strawberry Refresher (Decaf) is a iced refresher drink with regular sweetness and decaf. Featuring espresso shot, soy milk, ice, strawberry base."
378,Iced Strawberry Refresher (Decaf),refresher,iced,regular,none,"[2,36,37,47]","['fruity','refreshing']; augmented; swap_add",0.7514076468773077,"Iced Strawberry Refresher (Decaf) is a iced refresher drink with regular sweetness and decaf. Featuring cold brew coffee, ice, passion tea, lemonade."
379,"Iced Energy Cold Brew (Half Sugar, Extra Caffeine)",coffee,iced,half,high,"[2,11,21,24,36]",['energy_boost']; augmented; swap_add,0.8346570751312568,"Iced Energy Cold Brew (Half Sugar, Extra Caffeine) is a iced coffee drink with half sugar and high caffeine. Featuring cold brew coffee, skim milk, pumpkin spice syrup, cinnamon powder."
380,"Iced Energy Cold Brew (Half Sugar, Extra Caffeine)",coffee,iced,half,high,"[2,22,35,36,38]",['energy_boost']; augmented; swap_add,0.8126114120471452,"Iced Energy Cold Brew (Half Sugar, Extra Caffeine) is a iced coffee drink with half sugar and high caffeine. Featuring cold brew coffee, brown sugar syrup, java chips, ice."
381,"Iced Energy Cold Brew (Half Sugar, Extra Caffeine)",coffee,iced,half,high,"[2,13,22,34,36]",['energy_boost']; augmented; swap_add,0.801029779486024,"Iced Energy Cold Brew (Half Sugar, Extra Caffeine) is a iced coffee drink with half sugar and high caffeine. Featuring cold brew coffee, almond milk, brown sugar syrup, cold foam."
382,"Iced Energy Cold Brew (Zero Sugar, Extra Caffeine)",coffee,iced,zero,high,"[2,22,11,36]",['energy_boost']; augmented; sugar_zero,0.8127528232960651,"Iced Energy Cold Brew (Zero Sugar, Extra Caffeine) is a iced coffee drink with zero sugar and high caffeine. Featuring cold brew coffee, brown sugar syrup, skim milk, ice."
383,"Iced Energy Cold Brew (Zero Sugar, Extra Caffeine)",coffee,iced,zero,high,"[2,22,11,36]",['energy_boost']; augmented; sugar_zero,0.7503729325619732,"Iced Energy Cold Brew (Zero Sugar, Extra Caffeine) is a iced coffee drink with zero sugar and high caffeine. Featuring cold brew coffee, brown sugar syrup, skim milk, ice."
384,Iced Light Iced Green Tea (Zero Sugar),tea,iced,zero,medium,"[5,36]","['light_healthy','refreshing']; augmented; caffeine_medium",0.7834098433648746,"Iced Light Iced Green Tea (Zero Sugar) is a iced tea drink with zero sugar and medium caffeine. Featuring green tea, ice."
385,"Iced Light Iced Green Tea (Zero Sugar, Decaf)",tea,iced,zero,none,"[5,36]","['light_healthy','refreshing']; augmented; caffeine_none",0.8007133771453524,"Iced Light Iced Green Tea (Zero Sugar, Decaf) is a iced tea drink with zero sugar and decaf. Featuring green tea, ice."
386,Hot Light Iced Green Tea (Zero Sugar),tea,hot,zero,low,"[5,36]","['light_healthy','refreshing']; augmented; temp_hot",0.8343368213422455,"Hot Light Iced Green Tea (Zero Sugar) is a hot tea drink with zero sugar and low caffeine. Featuring green tea, ice."
387,Iced Light Iced Green Tea (Zero Sugar),tea,iced,zero,low,"[36,45]","['light_healthy','refreshing']; augmented; ingredient_swap",0.7744518934517907,"Iced Light Iced Green Tea (Zero Sugar) is a iced tea drink with zero sugar and low caffeine. Featuring ice, mango base."
388,Iced Light Iced Green Tea,tea,iced,regular,low,"[5,36]","['light_healthy','refreshing']; augmented; sugar_regular",0.7657451919132044,"Iced Light Iced Green Tea is a iced tea drink with regular sweetness and low caffeine. Featuring green tea, ice."
389,"Iced Zero Sugar Passion Lemonade (Zero Sugar, Decaf)",refresher,iced,zero,none,"[37,47,42,36]","['low_sugar','fruity','refreshing']; augmented; caffeine_none",0.784947288692464,"Iced Zero Sugar Passion Lemonade (Zero Sugar, Decaf) is a iced refresher drink with zero sugar and decaf. Featuring passion tea, lemonade, sugar free syrup, ice."
390,"Iced Zero Sugar Passion Lemonade (Zero Sugar, Decaf)",refresher,iced,zero,none,"[37,47,42,36]","['low_sugar','fruity','refreshing']; augmented; caffeine_none",0.8274620635310622,"Iced Zero Sugar Passion Lemonade (Zero Sugar, Decaf) is a iced refresher drink with zero sugar and decaf. Featuring passion tea, lemonade, sugar free syrup, ice."
391,"Iced Zero Sugar Passion Lemonade (Half Sugar, Decaf)",refresher,iced,half,none,"[37,47,42,36]","['low_sugar','fruity','refreshing']; augmented; sugar_half",0.8098625332897906,"Iced Zero Sugar Passion Lemonade (Half Sugar, Decaf) is a iced refresher drink with half sugar and decaf. Featuring passion tea, lemonade, sugar free syrup, ice."
392,"Iced Zero Sugar Passion Lemonade (Zero Sugar, Decaf)",refresher,iced,zero,none,"[37,47,42,36]","['low_sugar','fruity','refreshing']; augmented; caffeine_none",0.7841071938869889,"Iced Zero Sugar Passion Lemonade (Zero Sugar, Decaf) is a iced refresher drink with zero sugar and decaf. Featuring passion tea, lemonade, sugar free syrup, ice."
393,"Iced Zero Sugar Passion Lemonade (Zero Sugar, Decaf)",refresher,iced,zero,none,"[36,42,47]","['low_sugar','fruity','refreshing']; augmented; ingredient_swap",0.8153980229934007,"Iced Zero Sugar Passion Lemonade (Zero Sugar, Decaf) is a iced refresher drink with zero sugar and decaf. Featuring ice, sugar free syrup, lemonade."
394,Iced Brown Sugar Oat Shaken Espresso (Extra Caffeine),coffee,iced,regular,high,"[4,12,22,36,42]","['house_favorite','energy_boost']; augmented; swap_add",0.8829123264804413,"Iced Brown Sugar Oat Shaken Espresso (Extra Caffeine) is a iced coffee drink with regular sweetness and high caffeine. Featuring creme base, oat milk, brown sugar syrup, ice."
395,Iced Brown Sugar Oat Shaken Espresso (Extra Caffeine),coffee,iced,regular,high,"[1,12,19,34,36]","['house_favorite','energy_boost']; augmented; swap_add",0.9090593497159867,"Iced Brown Sugar Oat Shaken Espresso (Extra Caffeine) is a iced coffee drink with regular sweetness and high caffeine. Featuring espresso shot, oat milk, chocolate syrup, cold foam."
396,"Iced Brown Sugar Oat Shaken Espresso (Half Sugar, Extra Caffeine)",coffee,iced,half,high,"[1,12,22,36]","['house_favorite','energy_boost']; augmented; sugar_half",0.8589384071836794,"Iced Brown Sugar Oat Shaken Espresso (Half Sugar, Extra Caffeine) is a iced coffee drink with half sugar and high caffeine. Featuring espresso shot, oat milk, brown sugar syrup, ice."
397,Iced Brown Sugar Oat Shaken Espresso (Extra Caffeine),coffee,iced,regular,high,"[1,12,22,36]","['house_favorite','energy_boost']; augmented; caffeine_high",0.8701701356020669,"Iced Brown Sugar Oat Shaken Espresso (Extra Caffeine) is a iced coffee drink with regular sweetness and high caffeine. Featuring espresso shot, oat milk, brown sugar syrup, ice."
398,Iced Brown Sugar Oat Shaken Espresso,coffee,iced,regular,medium,"[1,12,22,36]","['house_favorite','energy_boost']; augmented; caffeine_medium",0.8682367554060353,"Iced Brown Sugar Oat Shaken Espresso is a iced coffee drink with regular sweetness and medium caffeine. Featuring espresso shot, oat milk, brown sugar syrup, ice."
399,Iced Toasted Pecan Latte,coffee,iced,regular,medium,"[3,10,39,33]","['comfort','dessert']; augmented; temp_iced",0.7960945515560364,"Iced Toasted Pecan Latte is a iced coffee drink with regular sweetness and medium caffeine. Featuring brewed coffee, whole milk, pecan syrup, whipped cream."
400,"Hot Toasted Pecan Latte (Half Sugar, Extra Caffeine)",coffee,hot,half,high,"[3,10,20,33]","['comfort','dessert']; augmented; combo",0.8488836083119372,"Hot Toasted Pecan Latte (Half Sugar, Extra Caffeine) is a hot coffee drink with half sugar and high caffeine. Featuring brewed coffee, whole milk, white chocolate syrup, whipped cream."
401,"Hot Toasted Pecan Latte (Zero Sugar, Extra Caffeine)",coffee,hot,zero,high,"[3,10,33,34,39]","['comfort','dessert']; augmented; combo",0.8478316581653966,"Hot Toasted Pecan Latte (Zero Sugar, Extra Caffeine) is a hot coffee drink with zero sugar and high caffeine. Featuring brewed coffee, whole milk, whipped cream, cold foam."
402,Hot Toasted Pecan Latte,coffee,hot,regular,medium,"[3,10,11,33,41]","['comfort','dessert']; augmented; swap_add",0.8401534036992738,"Hot Toasted Pecan Latte is a hot coffee drink with regular sweetness and medium caffeine. Featuring brewed coffee, whole milk, skim milk, whipped cream."
403,Iced Toasted Pecan Latte,coffee,iced,regular,medium,"[3,10,39,33]","['comfort','dessert']; augmented; temp_iced",0.8329623859987456,"Iced Toasted Pecan Latte is a iced coffee drink with regular sweetness and medium caffeine. Featuring brewed coffee, whole milk, pecan syrup, whipped cream."
404,Hot Coconut Mocha Macchiato (Extra Caffeine),coffee,hot,regular,high,"[3,38,19,33]","['dessert','comfort']; augmented; caffeine_high",0.7875388777384875,"Hot Coconut Mocha Macchiato (Extra Caffeine) is a hot coffee drink with regular sweetness and high caffeine. Featuring brewed coffee, coconut milk, chocolate syrup, whipped cream."
405,Iced Coconut Mocha Macchiato,coffee,iced,regular,medium,"[3,38,19,33]","['dessert','comfort']; augmented; temp_iced",0.8173806403170392,"Iced Coconut Mocha Macchiato is a iced coffee drink with regular sweetness and medium caffeine. Featuring brewed coffee, coconut milk, chocolate syrup, whipped cream."
406,Hot Coconut Mocha Macchiato,coffee,hot,regular,low,"[3,38,19,33]","['dessert','comfort']; augmented; caffeine_low",0.8197185645041969,"Hot Coconut Mocha Macchiato is a hot coffee drink with regular sweetness and low caffeine. Featuring brewed coffee, coconut milk, chocolate syrup, whipped cream."
407,Hot Coconut Mocha Macchiato (Half Sugar),coffee,hot,half,low,"[3,14,19,33]","['dessert','comfort']; augmented; combo",0.8059316819233514,"Hot Coconut Mocha Macchiato (Half Sugar) is a hot coffee drink with half sugar and low caffeine. Featuring brewed coffee, soy milk, chocolate syrup, whipped cream."
408,Hot Coconut Mocha Macchiato (Zero Sugar),coffee,hot,zero,medium,"[3,38,19,33]","['dessert','comfort']; augmented; sugar_zero",0.8251614286500197,"Hot Coconut Mocha Macchiato (Zero Sugar) is a hot coffee drink with zero sugar and medium caffeine. Featuring brewed coffee, coconut milk, chocolate syrup, whipped cream."
409,Iced Iced Sugar Cookie Almond Latte,coffee,iced,regular,medium,"[1,13,34,36,42]","['seasonal','dessert']; augmented; ingredient_swap",0.8721215257044361,"Iced Iced Sugar Cookie Almond Latte is a iced coffee drink with regular sweetness and medium caffeine. Featuring espresso shot, almond milk, cold foam, ice."
410,Iced Iced Sugar Cookie Almond Latte (Extra Caffeine),coffee,iced,regular,high,"[1,13,43,34,36]","['seasonal','dessert']; augmented; caffeine_high",0.9165855770363159,"Iced Iced Sugar Cookie Almond Latte (Extra Caffeine) is a iced coffee drink with regular sweetness and high caffeine. Featuring espresso shot, almond milk, sugar cookie syrup, cold foam."
411,"Iced Iced Sugar Cookie Almond Latte (Zero Sugar, Extra Caffeine)",coffee,iced,zero,high,"[9,13,34,36,43]","['seasonal','dessert']; augmented; combo",0.8652373343849552,"Iced Iced Sugar Cookie Almond Latte (Zero Sugar, Extra Caffeine) is a iced coffee drink with zero sugar and high caffeine. Featuring coconut water, almond milk, cold foam, ice."
412,Iced Iced Sugar Cookie Almond Latte,coffee,iced,regular,medium,"[13,34,36,37,43]","['seasonal','dessert']; augmented; ingredient_swap",0.8677265117216829,"Iced Iced Sugar Cookie Almond Latte is a iced coffee drink with regular sweetness and medium caffeine. Featuring almond milk, cold foam, ice, passion tea."
413,Iced Iced Sugar Cookie Almond Latte (Extra Caffeine),coffee,iced,regular,high,"[1,13,43,34,36]","['seasonal','dessert']; augmented; caffeine_high",0.857766622527015,"Iced Iced Sugar Cookie Almond Latte (Extra Caffeine) is a iced coffee drink with regular sweetness and high caffeine. Featuring espresso shot, almond milk, sugar cookie syrup, cold foam."
414,"Iced Peppermint Cold Foam Cold Brew (Half Sugar, Extra Caffeine)",coffee,iced,half,high,"[2,40,34,36]","['seasonal','energy_boost']; augmented; sugar_half",0.7924368635410287,"Iced Peppermint Cold Foam Cold Brew (Half Sugar, Extra Caffeine) is a iced coffee drink with half sugar and high caffeine. Featuring cold brew coffee, peppermint syrup, cold foam, ice."
415,"Iced Peppermint Cold Foam Cold Brew (Half Sugar, Extra Caffeine)",coffee,iced,half,high,"[6,26,34,36,40]","['seasonal','energy_boost']; augmented; combo",0.8492045837365235,"Iced Peppermint Cold Foam Cold Brew (Half Sugar, Extra Caffeine) is a iced coffee drink with half sugar and high caffeine. Featuring black tea, matcha powder, cold foam, ice."
416,Iced Peppermint Cold Foam Cold Brew (Extra Caffeine),coffee,iced,regular,high,"[2,19,27,34,36]","['seasonal','energy_boost']; augmented; combo",0.8518069062982307,"Iced Peppermint Cold Foam Cold Brew (Extra Caffeine) is a iced coffee drink with regular sweetness and high caffeine. Featuring cold brew coffee, chocolate syrup, mango puree, cold foam."
417,Hot Peppermint Cold Foam Cold Brew (Extra Caffeine),coffee,hot,regular,high,"[2,40,34,36]","['seasonal','energy_boost']; augmented; temp_hot",0.9238972633745586,"Hot Peppermint Cold Foam Cold Brew (Extra Caffeine) is a hot coffee drink with regular sweetness and high caffeine. Featuring cold brew coffee, peppermint syrup, cold foam, ice."
418,Iced Peppermint Cold Foam Cold Brew (Extra Caffeine),coffee,iced,regular,high,"[7,23,34,36,40]","['seasonal','energy_boost']; augmented; swap_add",0.8442291710565663,"Iced Peppermint Cold Foam Cold Brew (Extra Caffeine) is a iced coffee drink with regular sweetness and high caffeine. Featuring yogurt base, nutmeg powder, cold foam, ice."
419,Iced Matcha Lemonade (Zero Sugar),tea,iced,zero,low,"[1,26,36]","['light_healthy','refreshing']; augmented; ingredient_swap",0.8290464202700083,"Iced Matcha Lemonade (Zero Sugar) is a iced tea drink with zero sugar and low caffeine. Featuring espresso shot, matcha powder, ice."
420,"Iced Matcha Lemonade (Half Sugar, Decaf)",tea,iced,half,none,"[7,26,34,36]","['light_healthy','refreshing']; augmented; combo",0.8189586469088427,"Iced Matcha Lemonade (Half Sugar, Decaf) is a iced tea drink with half sugar and decaf. Featuring yogurt base, matcha powder, cold foam, ice."
421,Iced Matcha Lemonade (Zero Sugar),tea,iced,zero,low,"[25,36,47]","['light_healthy','refreshing']; augmented; swap_add",0.784939658871414,"Iced Matcha Lemonade (Zero Sugar) is a iced tea drink with zero sugar and low caffeine. Featuring chai spice mix, ice, lemonade."
422,Iced Matcha Lemonade (Zero Sugar),tea,iced,zero,low,"[24,31,36,47]","['light_healthy','refreshing']; augmented; swap_add",0.8542846844354506,"Iced Matcha Lemonade (Zero Sugar) is a iced tea drink with zero sugar and low caffeine. Featuring cinnamon powder, pineapple, ice, lemonade."
423,Iced Matcha Lemonade (Zero Sugar),tea,iced,zero,low,"[26,47,36]","['light_healthy','refreshing']; augmented; sugar_zero",0.8425579909806031,"Iced Matcha Lemonade (Zero Sugar) is a iced tea drink with zero sugar and low caffeine. Featuring matcha powder, lemonade, ice."
424,Iced Strawberry Matcha Latte (Half Sugar),tea,iced,half,low,"[11,25,36,44]","['fruity','comfort']; augmented; ingredient_swap",0.8237309584112914,"Iced Strawberry Matcha Latte (Half Sugar) is a iced tea drink with half sugar and low caffeine. Featuring skim milk, chai spice mix, ice, strawberry puree."
425,Iced Strawberry Matcha Latte,tea,iced,regular,medium,"[13,14,26,36,44]","['fruity','comfort']; augmented; combo",0.7727183763561579,"Iced Strawberry Matcha Latte is a iced tea drink with regular sweetness and medium caffeine. Featuring almond milk, soy milk, matcha powder, ice."
426,Iced Strawberry Matcha Latte (Half Sugar),tea,iced,half,low,"[11,24,33,36,44]","['fruity','comfort']; augmented; swap_add",0.842083829328083,"Iced Strawberry Matcha Latte (Half Sugar) is a iced tea drink with half sugar and low caffeine. Featuring skim milk, cinnamon powder, whipped cream, ice."
427,Iced Strawberry Matcha Latte (Half Sugar),tea,iced,half,low,"[10,26,35,36,44]","['fruity','comfort']; augmented; swap_add",0.7579444681162316,"Iced Strawberry Matcha Latte (Half Sugar) is a iced tea drink with half sugar and low caffeine. Featuring whole milk, matcha powder, java chips, ice."
428,Iced Strawberry Matcha Latte (Half Sugar),tea,iced,half,low,"[4,12,26,36,44]","['fruity','comfort']; augmented; swap_add",0.8176057128140082,"Iced Strawberry Matcha Latte (Half Sugar) is a iced tea drink with half sugar and low caffeine. Featuring creme base, oat milk, matcha powder, ice."
429,"Iced Pineapple Coconut Refresher (Half Sugar, Decaf)",refresher,iced,half,none,"[31,38,47,36]","['fruity','refreshing']; augmented; sugar_half",0.9057136687742993,"Iced Pineapple Coconut Refresher (Half Sugar, Decaf) is a iced refresher drink with half sugar and decaf. Featuring pineapple, coconut milk, lemonade, ice."
430,Iced Pineapple Coconut Refresher (Decaf),refresher,iced,regular,none,"[31,38,47,36]","['fruity','refreshing']; augmented; sugar_regular",0.8102839102460793,"Iced Pineapple Coconut Refresher (Decaf) is a iced refresher drink with regular sweetness and decaf. Featuring pineapple, coconut milk, lemonade, ice."
431,Hot Pineapple Coconut Refresher (Decaf),refresher,hot,regular,none,"[31,38,47,36]","['fruity','refreshing']; augmented; temp_hot",0.8230110681119168,"Hot Pineapple Coconut Refresher (Decaf) is a hot refresher drink with regular sweetness and decaf. Featuring pineapple, coconut milk, lemonade, ice."
432,Iced Pineapple Coconut Refresher (Decaf),refresher,iced,regular,none,"[36,38,44,47]","['fruity','refreshing']; augmented; ingredient_swap",0.8429895409526292,"Iced Pineapple Coconut Refresher (Decaf) is a iced refresher drink with regular sweetness and decaf. Featuring ice, coconut milk, strawberry puree, lemonade."
433,Iced Pineapple Coconut Refresher (Half Sugar),refresher,iced,half,low,"[31,36,38,46]","['fruity','refreshing']; augmented; combo",0.824895730376514,"Iced Pineapple Coconut Refresher (Half Sugar) is a iced refresher drink with half sugar and low caffeine. Featuring pineapple, ice, coconut milk, strawberry base."
434,Hot Berry Passion Refresher (Decaf),refresher,hot,regular,none,"[37,28,29,47,36]","['fruity','refreshing']; augmented; temp_hot",0.783480097068016,"Hot Berry Passion Refresher (Decaf) is a hot refresher drink with regular sweetness and decaf. Featuring passion tea, strawberry pieces, blueberry puree, lemonade."
435,Iced Berry Passion Refresher (Decaf),refresher,iced,regular,none,"[28,29,36,45,47]","['fruity','refreshing']; augmented; ingredient_swap",0.8320568892441808,"Iced Berry Passion Refresher (Decaf) is a iced refresher drink with regular sweetness and decaf. Featuring strawberry pieces, blueberry puree, ice, mango base."
436,Iced Berry Passion Refresher (Decaf),refresher,iced,regular,none,"[2,28,29,36,47]","['fruity','refreshing']; augmented; ingredient_swap",0.7981308885882168,"Iced Berry Passion Refresher (Decaf) is a iced refresher drink with regular sweetness and decaf. Featuring cold brew coffee, strawberry pieces, blueberry puree, ice."
437,Iced Berry Passion Refresher (Decaf),refresher,iced,regular,none,"[28,29,36,37,46]","['fruity','refreshing']; augmented; ingredient_swap",0.8442077729190554,"Iced Berry Passion Refresher (Decaf) is a iced refresher drink with regular sweetness and decaf. Featuring strawberry pieces, blueberry puree, ice, passion tea."
438,Iced Berry Passion Refresher (Decaf),refresher,iced,regular,none,"[28,32,36,37,47]","['fruity','refreshing']; augmented; swap_add",0.8024172729729858,"Iced Berry Passion Refresher (Decaf) is a iced refresher drink with regular sweetness and decaf. Featuring strawberry pieces, peach puree, ice, passion tea."
439,Blended Tropical Coconut Smoothie (Decaf),smoothie,blended,regular,none,"[7,27,28,36,38]","['fruity','comfort']; augmented; swap_add",0.8964980321505261,"Blended Tropical Coconut Smoothie (Decaf) is a blended smoothie drink with regular sweetness and decaf. Featuring yogurt base, mango puree, strawberry pieces, ice."
440,Blended Tropical Coconut Smoothie (Decaf),smoothie,blended,regular,none,"[7,27,28,36,38]","['fruity','comfort']; augmented; ingredient_swap",0.8265024012299129,"Blended Tropical Coconut Smoothie (Decaf) is a blended smoothie drink with regular sweetness and decaf. Featuring yogurt base, mango puree, strawberry pieces, ice."
441,Blended Tropical Coconut Smoothie (Half Sugar),smoothie,blended,half,low,"[7,12,27,31,34,36]","['fruity','comfort']; augmented; combo",0.8403381545138298,"Blended Tropical Coconut Smoothie (Half Sugar) is a blended smoothie drink with half sugar and low caffeine. Featuring yogurt base, oat milk, mango puree, pineapple."
442,"Blended Tropical Coconut Smoothie (Half Sugar, Decaf)",smoothie,blended,half,none,"[7,31,27,38,36]","['fruity','comfort']; augmented; sugar_half",0.8744055165210901,"Blended Tropical Coconut Smoothie (Half Sugar, Decaf) is a blended smoothie drink with half sugar and decaf. Featuring yogurt base, pineapple, mango puree, coconut milk."
443,Blended Tropical Coconut Smoothie (Decaf),smoothie,blended,regular,none,"[7,31,27,38,36]","['fruity','comfort']; augmented; caffeine_none",0.8130740705069813,"Blended Tropical Coconut Smoothie (Decaf) is a blended smoothie drink with regular sweetness and decaf. Featuring yogurt base, pineapple, mango puree, coconut milk."
444,"Blended Protein Yogurt Green Smoothie (Zero Sugar, Decaf)",smoothie,blended,zero,none,"[7,31,32,5,36]","['light_healthy','fruity']; augmented; sugar_zero",0.8068237980381239,"Blended Protein Yogurt Green Smoothie (Zero Sugar, Decaf) is a blended smoothie drink with zero sugar and decaf. Featuring yogurt base, pineapple, peach puree, green tea."
445,"Blended Protein Yogurt Green Smoothie (Half Sugar, Decaf)",smoothie,blended,half,none,"[6,7,31,32,36]","['light_healthy','fruity']; augmented; ingredient_swap",0.8392142826284729,"Blended Protein Yogurt Green Smoothie (Half Sugar, Decaf) is a blended smoothie drink with half sugar and decaf. Featuring black tea, yogurt base, pineapple, peach puree."
446,"Blended Protein Yogurt Green Smoothie (Half Sugar, Decaf)",smoothie,blended,half,none,"[7,31,32,5,36]","['light_healthy','fruity']; augmented; temp_blended",0.7517755029631632,"Blended Protein Yogurt Green Smoothie (Half Sugar, Decaf) is a blended smoothie drink with half sugar and decaf. Featuring yogurt base, pineapple, peach puree, green tea."
447,"Blended Protein Yogurt Green Smoothie (Half Sugar, Decaf)",smoothie,blended,half,none,"[5,7,30,31,36]","['light_healthy','fruity']; augmented; ingredient_swap",0.8055390157559692,"Blended Protein Yogurt Green Smoothie (Half Sugar, Decaf) is a blended smoothie drink with half sugar and decaf. Featuring green tea, yogurt base, banana, pineapple."
448,"Iced Protein Yogurt Green Smoothie (Half Sugar, Decaf)",smoothie,iced,half,none,"[7,31,32,5,36]","['light_healthy','fruity']; augmented; temp_iced",0.8077964838274527,"Iced Protein Yogurt Green Smoothie (Half Sugar, Decaf) is a iced smoothie drink with half sugar and decaf. Featuring yogurt base, pineapple, peach puree, green tea."
449,"Iced Zero Sugar Iced Vanilla Cold Brew (Zero Sugar, Extra Caffeine)",coffee,iced,zero,high,"[11,36,42,46]","['low_sugar','energy_boost']; augmented; ingredient_swap",0.8534546861533193,"Iced Zero Sugar Iced Vanilla Cold Brew (Zero Sugar, Extra Caffeine) is a iced coffee drink with zero sugar and high caffeine. Featuring skim milk, ice, sugar free syrup, strawberry base."
450,"Iced Zero Sugar Iced Vanilla Cold Brew (Zero Sugar, Extra Caffeine)",coffee,iced,zero,high,"[7,11,36,42]","['low_sugar','energy_boost']; augmented; ingredient_swap",0.7928914786736575,"Iced Zero Sugar Iced Vanilla Cold Brew (Zero Sugar, Extra Caffeine) is a iced coffee drink with zero sugar and high caffeine. Featuring yogurt base, skim milk, ice, sugar free syrup."
451,"Iced Zero Sugar Iced Vanilla Cold Brew (Zero Sugar, Extra Caffeine)",coffee,iced,zero,high,"[2,42,11,36]","['low_sugar','energy_boost']; augmented; caffeine_high",0.7903863016074717,"Iced Zero Sugar Iced Vanilla Cold Brew (Zero Sugar, Extra Caffeine) is a iced coffee drink with zero sugar and high caffeine. Featuring cold brew coffee, sugar free syrup, skim milk, ice."
452,"Iced Zero Sugar Iced Vanilla Cold Brew (Zero Sugar, Extra Caffeine)",coffee,iced,zero,high,"[2,14,36,42]","['low_sugar','energy_boost']; augmented; ingredient_swap",0.8456582469685069,"Iced Zero Sugar Iced Vanilla Cold Brew (Zero Sugar, Extra Caffeine) is a iced coffee drink with zero sugar and high caffeine. Featuring cold brew coffee, soy milk, ice, sugar free syrup."
453,"Iced Zero Sugar Iced Vanilla Cold Brew (Half Sugar, Extra Caffeine)",coffee,iced,half,high,"[2,42,11,36]","['low_sugar','energy_boost']; augmented; sugar_half",0.8389095401969956,"Iced Zero Sugar Iced Vanilla Cold Brew (Half Sugar, Extra Caffeine) is a iced coffee drink with half sugar and high caffeine. Featuring cold brew coffee, sugar free syrup, skim milk, ice."
454,Hot Classic Chai Latte,tea,hot,regular,low,"[5,14,25]","['comfort','warm_spice']; augmented; ingredient_swap",0.8175147855103764,"Hot Classic Chai Latte is a hot tea drink with regular sweetness and low caffeine. Featuring green tea, soy milk, chai spice mix."
455,Hot Classic Chai Latte,tea,hot,regular,medium,"[6,14,25]","['comfort','warm_spice']; augmented; caffeine_medium",0.8203934462849093,"Hot Classic Chai Latte is a hot tea drink with regular sweetness and medium caffeine. Featuring black tea, soy milk, chai spice mix."
456,Hot Classic Chai Latte (Half Sugar),tea,hot,half,medium,"[6,13,25]","['comfort','warm_spice']; augmented; combo",0.7895992583526453,"Hot Classic Chai Latte (Half Sugar) is a hot tea drink with half sugar and medium caffeine. Featuring black tea, almond milk, chai spice mix."
457,Hot Classic Chai Latte (Half Sugar),tea,hot,half,medium,"[6,11,12,25]","['comfort','warm_spice']; augmented; combo",0.8169676109148302,"Hot Classic Chai Latte (Half Sugar) is a hot tea drink with half sugar and medium caffeine. Featuring black tea, skim milk, oat milk, chai spice mix."
458,Hot Classic Chai Latte (Half Sugar),tea,hot,half,low,"[6,14,25]","['comfort','warm_spice']; augmented; sugar_half",0.8187921741989604,"Hot Classic Chai Latte (Half Sugar) is a hot tea drink with half sugar and low caffeine. Featuring black tea, soy milk, chai spice mix."
459,Iced Iced Chai Oat Latte,tea,iced,regular,medium,"[6,12,25,36]","['comfort','refreshing','warm_spice']; augmented; caffeine_medium",0.7985694574592089,"Iced Iced Chai Oat Latte is a iced tea drink with regular sweetness and medium caffeine. Featuring black tea, oat milk, chai spice mix, ice."
460,Iced Iced Chai Oat Latte,tea,iced,regular,medium,"[6,12,25,36]","['comfort','refreshing','warm_spice']; augmented; caffeine_medium",0.8759732353343427,"Iced Iced Chai Oat Latte is a iced tea drink with regular sweetness and medium caffeine. Featuring black tea, oat milk, chai spice mix, ice."
461,Iced Iced Chai Oat Latte (Decaf),tea,iced,regular,none,"[6,12,25,36]","['comfort','refreshing','warm_spice']; augmented; caffeine_none",0.8342149876273536,"Iced Iced Chai Oat Latte (Decaf) is a iced tea drink with regular sweetness and decaf. Featuring black tea, oat milk, chai spice mix, ice."
462,Iced Iced Chai Oat Latte,tea,iced,regular,low,"[7,12,25,36]","['comfort','refreshing','warm_spice']; augmented; ingredient_swap",0.7842608950839205,"Iced Iced Chai Oat Latte is a iced tea drink with regular sweetness and low caffeine. Featuring yogurt base, oat milk, chai spice mix, ice."
463,Iced Iced Chai Oat Latte (Half Sugar),tea,iced,half,low,"[6,12,25,36]","['comfort','refreshing','warm_spice']; augmented; sugar_half",0.8396966082590148,"Iced Iced Chai Oat Latte (Half Sugar) is a iced tea drink with half sugar and low caffeine. Featuring black tea, oat milk, chai spice mix, ice."
464,Iced Dirty Chai Oat Shaken Espresso (Half Sugar),coffee,iced,half,medium,"[1,6,10,25,36]","['energy_boost','warm_spice']; augmented; combo",0.8107595498931803,"Iced Dirty Chai Oat Shaken Espresso (Half Sugar) is a iced coffee drink with half sugar and medium caffeine. Featuring espresso shot, black tea, whole milk, chai spice mix."
465,"Iced Dirty Chai Oat Shaken Espresso (Half Sugar, Extra Caffeine)",coffee,iced,half,high,"[1,6,12,25,36]","['energy_boost','warm_spice']; augmented; sugar_half",0.8636125381122736,"Iced Dirty Chai Oat Shaken Espresso (Half Sugar, Extra Caffeine) is a iced coffee drink with half sugar and high caffeine. Featuring espresso shot, black tea, oat milk, chai spice mix."
466,Iced Dirty Chai Oat Shaken Espresso (Half Sugar),coffee,iced,half,medium,"[1,5,12,23,25,36]","['energy_boost','warm_spice']; augmented; combo",0.8747578673702221,"Iced Dirty Chai Oat Shaken Espresso (Half Sugar) is a iced coffee drink with half sugar and medium caffeine. Featuring espresso shot, green tea, oat milk, nutmeg powder."
467,"Iced Dirty Chai Oat Shaken Espresso (Zero Sugar, Extra Caffeine)",coffee,iced,zero,high,"[1,6,12,25,36]","['energy_boost','warm_spice']; augmented; sugar_zero",0.8153795304494487,"Iced Dirty Chai Oat Shaken Espresso (Zero Sugar, Extra Caffeine) is a iced coffee drink with zero sugar and high caffeine. Featuring espresso shot, black tea, oat milk, chai spice mix."
468,Iced Dirty Chai Oat Shaken Espresso (Extra Caffeine),coffee,iced,regular,high,"[1,12,13,25,36,46]","['energy_boost','warm_spice']; augmented; swap_add",0.8689012838773296,"Iced Dirty Chai Oat Shaken Espresso (Extra Caffeine) is a iced coffee drink with regular sweetness and high caffeine. Featuring espresso shot, oat milk, almond milk, chai spice mix."
469,Hot Cinnamon Brown Sugar Latte (Half Sugar),coffee,hot,half,low,"[3,10,24,42]","['comfort','dessert']; augmented; combo",0.8423834278080949,"Hot Cinnamon Brown Sugar Latte (Half Sugar) is a hot coffee drink with half sugar and low caffeine. Featuring brewed coffee, whole milk, cinnamon powder, sugar free syrup."
470,Iced Cinnamon Brown Sugar Latte,coffee,iced,regular,medium,"[3,10,22,24]","['comfort','dessert']; augmented; temp_iced",0.8546618047998347,"Iced Cinnamon Brown Sugar Latte is a iced coffee drink with regular sweetness and medium caffeine. Featuring brewed coffee, whole milk, brown sugar syrup, cinnamon powder."
471,Hot Cinnamon Brown Sugar Latte,coffee,hot,regular,medium,"[3,10,24,27,40]","['comfort','dessert']; augmented; swap_add",0.8869037894796183,"Hot Cinnamon Brown Sugar Latte is a hot coffee drink with regular sweetness and medium caffeine. Featuring brewed coffee, whole milk, cinnamon powder, mango puree."
472,Hot Cinnamon Brown Sugar Latte,coffee,hot,regular,medium,"[3,14,22,24]","['comfort','dessert']; augmented; swap_add",0.8226383565199138,"Hot Cinnamon Brown Sugar Latte is a hot coffee drink with regular sweetness and medium caffeine. Featuring brewed coffee, soy milk, brown sugar syrup, cinnamon powder."
473,Iced Cinnamon Brown Sugar Latte,coffee,iced,regular,medium,"[3,10,22,24]","['comfort','dessert']; augmented; temp_iced",0.8073879150692753,"Iced Cinnamon Brown Sugar Latte is a iced coffee drink with regular sweetness and medium caffeine. Featuring brewed coffee, whole milk, brown sugar syrup, cinnamon powder."
474,Iced Pumpkin Cream Cold Brew (Extra Caffeine),coffee,iced,regular,high,"[4,21,34,36]","['seasonal','comfort']; augmented; ingredient_swap",0.8333145671112343,"Iced Pumpkin Cream Cold Brew (Extra Caffeine) is a iced coffee drink with regular sweetness and high caffeine. Featuring creme base, pumpkin spice syrup, cold foam, ice."
475,Iced Pumpkin Cream Cold Brew (Extra Caffeine),coffee,iced,regular,high,"[2,34,36,41]","['seasonal','comfort']; augmented; ingredient_swap",0.8355256914510368,"Iced Pumpkin Cream Cold Brew (Extra Caffeine) is a iced coffee drink with regular sweetness and high caffeine. Featuring cold brew coffee, cold foam, ice, gingerbread syrup."
476,Iced Pumpkin Cream Cold Brew (Extra Caffeine),coffee,iced,regular,high,"[9,21,34,36]","['seasonal','comfort']; augmented; swap_add",0.8576869487175769,"Iced Pumpkin Cream Cold Brew (Extra Caffeine) is a iced coffee drink with regular sweetness and high caffeine. Featuring coconut water, pumpkin spice syrup, cold foam, ice."
477,Iced Pumpkin Cream Cold Brew (Extra Caffeine),coffee,iced,regular,high,"[5,21,34,36]","['seasonal','comfort']; augmented; swap_add",0.8702345592444993,"Iced Pumpkin Cream Cold Brew (Extra Caffeine) is a iced coffee drink with regular sweetness and high caffeine. Featuring green tea, pumpkin spice syrup, cold foam, ice."
478,Hot Pumpkin Cream Cold Brew (Extra Caffeine),coffee,hot,regular,high,"[2,21,34,36]","['seasonal','comfort']; augmented; temp_hot",0.8683007239799005,"Hot Pumpkin Cream Cold Brew (Extra Caffeine) is a hot coffee drink with regular sweetness and high caffeine. Featuring cold brew coffee, pumpkin spice syrup, cold foam, ice."
479,Blended Mocha Cookie Frappe (Extra Caffeine),coffee,blended,regular,high,"[4,1,19,35,33,36]","['dessert','house_favorite']; augmented; caffeine_high",0.8948154974710807,"Blended Mocha Cookie Frappe (Extra Caffeine) is a blended coffee drink with regular sweetness and high caffeine. Featuring creme base, espresso shot, chocolate syrup, java chips."
480,Blended Mocha Cookie Frappe,coffee,blended,regular,medium,"[4,1,19,35,33,36]","['dessert','house_favorite']; augmented; sugar_regular",0.8703900567563372,"Blended Mocha Cookie Frappe is a blended coffee drink with regular sweetness and medium caffeine. Featuring creme base, espresso shot, chocolate syrup, java chips."
481,Blended Mocha Cookie Frappe,coffee,blended,regular,medium,"[1,4,5,19,33,34,36]","['dessert','house_favorite']; augmented; swap_add",0.9136060223147195,"Blended Mocha Cookie Frappe is a blended coffee drink with regular sweetness and medium caffeine. Featuring espresso shot, creme base, green tea, chocolate syrup."
482,Blended Mocha Cookie Frappe (Half Sugar),coffee,blended,half,medium,"[4,1,19,35,33,36]","['dessert','house_favorite']; augmented; sugar_half",0.8620602950028613,"Blended Mocha Cookie Frappe (Half Sugar) is a blended coffee drink with half sugar and medium caffeine. Featuring creme base, espresso shot, chocolate syrup, java chips."
483,Blended Mocha Cookie Frappe (Extra Caffeine),coffee,blended,regular,high,"[4,1,19,35,33,36]","['dessert','house_favorite']; augmented; caffeine_high",0.9516050749976885,"Blended Mocha Cookie Frappe (Extra Caffeine) is a blended coffee drink with regular sweetness and high caffeine. Featuring creme base, espresso shot, chocolate syrup, java chips."
484,Blended Nutmeg Spice Creme Frappe,frappe,blended,regular,low,"[4,23,24,33,36]","['dessert','warm_spice']; augmented; caffeine_low",0.8187700204329502,"Blended Nutmeg Spice Creme Frappe is a blended frappe drink with regular sweetness and low caffeine. Featuring creme base, nutmeg powder, cinnamon powder, whipped cream."
485,Blended Nutmeg Spice Creme Frappe (Decaf),frappe,blended,regular,none,"[2,4,23,24,34,36]","['dessert','warm_spice']; augmented; swap_add",0.7742852733075116,"Blended Nutmeg Spice Creme Frappe (Decaf) is a blended frappe drink with regular sweetness and decaf. Featuring cold brew coffee, creme base, nutmeg powder, cinnamon powder."
486,"Blended Nutmeg Spice Creme Frappe (Half Sugar, Decaf)",frappe,blended,half,none,"[4,23,24,33,36]","['dessert','warm_spice']; augmented; sugar_half",0.7678732250581667,"Blended Nutmeg Spice Creme Frappe (Half Sugar, Decaf) is a blended frappe drink with half sugar and decaf. Featuring creme base, nutmeg powder, cinnamon powder, whipped cream."
487,Blended Nutmeg Spice Creme Frappe (Decaf),frappe,blended,regular,none,"[23,24,33,36,47]","['dessert','warm_spice']; augmented; swap_add",0.8144741724572956,"Blended Nutmeg Spice Creme Frappe (Decaf) is a blended frappe drink with regular sweetness and decaf. Featuring nutmeg powder, cinnamon powder, whipped cream, ice."
488,Blended Nutmeg Spice Creme Frappe (Decaf),frappe,blended,regular,none,"[6,23,24,33,36]","['dessert','warm_spice']; augmented; ingredient_swap",0.7932961164402245,"Blended Nutmeg Spice Creme Frappe (Decaf) is a blended frappe drink with regular sweetness and decaf. Featuring black tea, nutmeg powder, cinnamon powder, whipped cream."
489,Hot Kids Hot Chocolate (Half Sugar),other,hot,half,low,"[4,19,10,33]","['comfort','kids']; augmented; sugar_half",0.8114200148227628,"Hot Kids Hot Chocolate (Half Sugar) is a hot other drink with half sugar and low caffeine. Featuring creme base, chocolate syrup, whole milk, whipped cream."
490,Hot Kids Hot Chocolate (Half Sugar),other,hot,half,low,"[4,19,10,33]","['comfort','kids']; augmented; sugar_half",0.8041971287372064,"Hot Kids Hot Chocolate (Half Sugar) is a hot other drink with half sugar and low caffeine. Featuring creme base, chocolate syrup, whole milk, whipped cream."
491,Hot Kids Hot Chocolate,other,hot,regular,low,"[4,19,33,38]","['comfort','kids']; augmented; swap_add",0.7878151326202939,"Hot Kids Hot Chocolate is a hot other drink with regular sweetness and low caffeine. Featuring creme base, chocolate syrup, whipped cream, coconut milk."
492,Hot Kids Hot Chocolate,other,hot,regular,low,"[4,14,19,28,33]","['comfort','kids']; augmented; swap_add",0.7645961884579479,"Hot Kids Hot Chocolate is a hot other drink with regular sweetness and low caffeine. Featuring creme base, soy milk, chocolate syrup, strawberry pieces."
493,Iced Kids Hot Chocolate,other,iced,regular,low,"[4,19,10,33]","['comfort','kids']; augmented; temp_iced",0.7445545832594241,"Iced Kids Hot Chocolate is a iced other drink with regular sweetness and low caffeine. Featuring creme base, chocolate syrup, whole milk, whipped cream."
494,Hot White Chocolate Peppermint Mocha (Half Sugar),coffee,hot,half,low,"[5,10,20,33,40]","['seasonal','dessert']; augmented; combo",0.8266045514379894,"Hot White Chocolate Peppermint Mocha (Half Sugar) is a hot coffee drink with half sugar and low caffeine. Featuring green tea, whole milk, white chocolate syrup, whipped cream."
495,Hot White Chocolate Peppermint Mocha (Extra Caffeine),coffee,hot,regular,high,"[3,20,40,10,33]","['seasonal','dessert']; augmented; caffeine_high",0.8656919638297041,"Hot White Chocolate Peppermint Mocha (Extra Caffeine) is a hot coffee drink with regular sweetness and high caffeine. Featuring brewed coffee, white chocolate syrup, peppermint syrup, whole milk."
496,Iced White Chocolate Peppermint Mocha,coffee,iced,regular,medium,"[3,20,40,10,33]","['seasonal','dessert']; augmented; temp_iced",0.846422812323906,"Iced White Chocolate Peppermint Mocha is a iced coffee drink with regular sweetness and medium caffeine. Featuring brewed coffee, white chocolate syrup, peppermint syrup, whole milk."
497,Hot White Chocolate Peppermint Mocha (Half Sugar),coffee,hot,half,medium,"[3,20,40,10,33]","['seasonal','dessert']; augmented; sugar_half",0.8026278366386403,"Hot White Chocolate Peppermint Mocha (Half Sugar) is a hot coffee drink with half sugar and medium caffeine. Featuring brewed coffee, white chocolate syrup, peppermint syrup, whole milk."
498,Hot White Chocolate Peppermint Mocha,coffee,hot,regular,low,"[3,20,40,10,33]","['seasonal','dessert']; augmented; caffeine_low",0.8451954277755355,"Hot White Chocolate Peppermint Mocha is a hot coffee drink with regular sweetness and low caffeine. Featuring brewed coffee, white chocolate syrup, peppermint syrup, whole milk."
499,Iced Cinnamon Almond Cold Foam Cold Brew (Half Sugar),coffee,iced,half,medium,"[2,13,24,34,36]","['energy_boost','light_healthy']; augmented; caffeine_medium",0.8315595213918651,"Iced Cinnamon Almond Cold Foam Cold Brew (Half Sugar) is a iced coffee drink with half sugar and medium caffeine. Featuring cold brew coffee, almond milk, cinnamon powder, cold foam."
500,"Iced Cinnamon Almond Cold Foam Cold Brew (Zero Sugar, Extra Caffeine)",coffee,iced,zero,high,"[13,24,34,36,45,46]","['energy_boost','light_healthy']; augmented; combo",0.793484276913966,"Iced Cinnamon Almond Cold Foam Cold Brew (Zero Sugar, Extra Caffeine) is a iced coffee drink with zero sugar and high caffeine. Featuring almond milk, cinnamon powder, cold foam, ice."
501,"Iced Cinnamon Almond Cold Foam Cold Brew (Half Sugar, Extra Caffeine)",coffee,iced,half,high,"[13,24,34,36,46]","['energy_boost','light_healthy']; augmented; ingredient_swap",0.8246117531783658,"Iced Cinnamon Almond Cold Foam Cold Brew (Half Sugar, Extra Caffeine) is a iced coffee drink with half sugar and high caffeine. Featuring almond milk, cinnamon powder, cold foam, ice."
502,"Iced Cinnamon Almond Cold Foam Cold Brew (Half Sugar, Extra Caffeine)",coffee,iced,half,high,"[2,13,24,34,36]","['energy_boost','light_healthy']; augmented; caffeine_high",0.8217462615533799,"Iced Cinnamon Almond Cold Foam Cold Brew (Half Sugar, Extra Caffeine) is a iced coffee drink with half sugar and high caffeine. Featuring cold brew coffee, almond milk, cinnamon powder, cold foam."
503,"Iced Cinnamon Almond Cold Foam Cold Brew (Half Sugar, Extra Caffeine)",coffee,iced,half,high,"[2,13,24,33,36]","['energy_boost','light_healthy']; augmented; ingredient_swap",0.7857108910650813,"Iced Cinnamon Almond Cold Foam Cold Brew (Half Sugar, Extra Caffeine) is a iced coffee drink with half sugar and high caffeine. Featuring cold brew coffee, almond milk, cinnamon powder, whipped cream."
504,Iced Caramel Pecan Latte,coffee,iced,regular,medium,"[3,10,16,39,33]","['dessert','comfort']; augmented; temp_iced",0.8607336208104485,"Iced Caramel Pecan Latte is a iced coffee drink with regular sweetness and medium caffeine. Featuring brewed coffee, whole milk, caramel syrup, pecan syrup."
505,Hot Caramel Pecan Latte (Extra Caffeine),coffee,hot,regular,high,"[3,10,16,39,33]","['dessert','comfort']; augmented; caffeine_high",0.866823535791047,"Hot Caramel Pecan Latte (Extra Caffeine) is a hot coffee drink with regular sweetness and high caffeine. Featuring brewed coffee, whole milk, caramel syrup, pecan syrup."
506,Iced Caramel Pecan Latte,coffee,iced,regular,medium,"[3,10,16,39,33]","['dessert','comfort']; augmented; temp_iced",0.8824915372952583,"Iced Caramel Pecan Latte is a iced coffee drink with regular sweetness and medium caffeine. Featuring brewed coffee, whole milk, caramel syrup, pecan syrup."
507,Iced Caramel Pecan Latte,coffee,iced,regular,medium,"[3,10,16,39,33]","['dessert','comfort']; augmented; temp_iced",0.881614061561047,"Iced Caramel Pecan Latte is a iced coffee drink with regular sweetness and medium caffeine. Featuring brewed coffee, whole milk, caramel syrup, pecan syrup."
508,Hot Caramel Pecan Latte,coffee,hot,regular,medium,"[3,10,16,34,39]","['dessert','comfort']; augmented; ingredient_swap",0.8086699189612873,"Hot Caramel Pecan Latte is a hot coffee drink with regular sweetness and medium caffeine. Featuring brewed coffee, whole milk, caramel syrup, cold foam."
509,"Iced Strawberry Coconut Refresher (Half Sugar, Decaf)",refresher,iced,half,none,"[46,38,47,36]","['fruity','refreshing']; augmented; sugar_half",0.7918652488025463,"Iced Strawberry Coconut Refresher (Half Sugar, Decaf) is a iced refresher drink with half sugar and decaf. Featuring strawberry base, coconut milk, lemonade, ice."
510,Iced Strawberry Coconut Refresher (Decaf),refresher,iced,regular,none,"[5,11,36,46,47]","['fruity','refreshing']; augmented; swap_add",0.8354510580162597,"Iced Strawberry Coconut Refresher (Decaf) is a iced refresher drink with regular sweetness and decaf. Featuring green tea, skim milk, ice, strawberry base."
511,Iced Strawberry Coconut Refresher (Decaf),refresher,iced,regular,none,"[9,36,38,46]","['fruity','refreshing']; augmented; swap_add",0.8354135785273662,"Iced Strawberry Coconut Refresher (Decaf) is a iced refresher drink with regular sweetness and decaf. Featuring coconut water, ice, coconut milk, strawberry base."
512,Iced Strawberry Coconut Refresher,refresher,iced,regular,low,"[46,38,47,36]","['fruity','refreshing']; augmented; caffeine_low",0.8354514305891814,"Iced Strawberry Coconut Refresher is a iced refresher drink with regular sweetness and low caffeine. Featuring strawberry base, coconut milk, lemonade, ice."
513,Iced Strawberry Coconut Refresher (Decaf),refresher,iced,regular,none,"[46,38,47,36]","['fruity','refreshing']; augmented; caffeine_none",0.9355819447196416,"Iced Strawberry Coconut Refresher (Decaf) is a iced refresher drink with regular sweetness and decaf. Featuring strawberry base, coconut milk, lemonade, ice."
514,Hot Brewed Coffee (Extra Caffeine),coffee,hot,regular,high,"[12,17,36]",['coffee']; augmented; swap_add,0.767126715320795,"Hot Brewed Coffee (Extra Caffeine) is a hot coffee drink with regular sweetness and high caffeine. Featuring oat milk, hazelnut syrup, ice."
515,"Hot Brewed Coffee (Half Sugar, Extra Caffeine)",coffee,hot,half,high,"[10,36]",['coffee']; augmented; sugar_half,0.784066969205418,"Hot Brewed Coffee (Half Sugar, Extra Caffeine) is a hot coffee drink with half sugar and high caffeine. Featuring whole milk, ice."
516,Iced Brewed Coffee (Extra Caffeine),coffee,iced,regular,high,"[10,36]",['coffee']; augmented; temp_iced,0.7786200529047961,"Iced Brewed Coffee (Extra Caffeine) is a iced coffee drink with regular sweetness and high caffeine. Featuring whole milk, ice."
517,"Hot Brewed Coffee (Half Sugar, Extra Caffeine)",coffee,hot,half,high,"[10,36]",['coffee']; augmented; sugar_half,0.769541737539174,"Hot Brewed Coffee (Half Sugar, Extra Caffeine) is a hot coffee drink with half sugar and high caffeine. Featuring whole milk, ice."
518,Hot Brewed Coffee (Extra Caffeine),coffee,hot,regular,high,"[11,36]",['coffee']; augmented; ingredient_swap,0.7405419226607897,"Hot Brewed Coffee (Extra Caffeine) is a hot coffee drink with regular sweetness and high caffeine. Featuring skim milk, ice."
519,"Hot Brewed Coffee (Half Sugar, Extra Caffeine)",coffee,hot,half,high,"[10,36]",['coffee']; augmented; sugar_half,0.772769076614798,"Hot Brewed Coffee (Half Sugar, Extra Caffeine) is a hot coffee drink with half sugar and high caffeine. Featuring whole milk, ice."
520,Hot Brewed Coffee (Extra Caffeine),coffee,hot,regular,high,"[10,36]",['coffee']; augmented; caffeine_high,0.7268152435638728,"Hot Brewed Coffee (Extra Caffeine) is a hot coffee drink with regular sweetness and high caffeine. Featuring whole milk, ice."
521,Iced Brewed Coffee (Extra Caffeine),coffee,iced,regular,high,"[10,36]",['coffee']; augmented; temp_iced,0.7428954417977998,"Iced Brewed Coffee (Extra Caffeine) is a iced coffee drink with regular sweetness and high caffeine. Featuring whole milk, ice."
522,"Hot Brewed Coffee (Half Sugar, Extra Caffeine)",coffee,hot,half,high,"[11,36]",['coffee']; augmented; combo,0.7354390935651269,"Hot Brewed Coffee (Half Sugar, Extra Caffeine) is a hot coffee drink with half sugar and high caffeine. Featuring skim milk, ice."
523,"Hot Brewed Coffee (Half Sugar, Extra Caffeine)",coffee,hot,half,high,"[11,31,36]",['coffee']; augmented; combo,0.7524562241815896,"Hot Brewed Coffee (Half Sugar, Extra Caffeine) is a hot coffee drink with half sugar and high caffeine. Featuring skim milk, pineapple, ice."
524,"Hot Brewed Coffee (Half Sugar, Extra Caffeine)",coffee,hot,half,high,"[13,36]",['coffee']; augmented; combo,0.8194397570002052,"Hot Brewed Coffee (Half Sugar, Extra Caffeine) is a hot coffee drink with half sugar and high caffeine. Featuring almond milk, ice."
525,Hot Brewed Coffee (Extra Caffeine),coffee,hot,regular,high,"[10,36]",['coffee']; augmented; caffeine_high,0.6939820442222475,"Hot Brewed Coffee (Extra Caffeine) is a hot coffee drink with regular sweetness and high caffeine. Featuring whole milk, ice."
526,Hot Brewed Coffee (Extra Caffeine),coffee,hot,regular,high,"[14,36]",['coffee']; augmented; ingredient_swap,0.7705878057112354,"Hot Brewed Coffee (Extra Caffeine) is a hot coffee drink with regular sweetness and high caffeine. Featuring soy milk, ice."
527,"Hot Brewed Coffee (Half Sugar, Extra Caffeine)",coffee,hot,half,high,"[12,36]",['coffee']; augmented; combo,0.7016185238643105,"Hot Brewed Coffee (Half Sugar, Extra Caffeine) is a hot coffee drink with half sugar and high caffeine. Featuring oat milk, ice."
528,Hot Brewed Coffee (Extra Caffeine),coffee,hot,regular,high,"[6,36,38]",['coffee']; augmented; swap_add,0.735842044026317,"Hot Brewed Coffee (Extra Caffeine) is a hot coffee drink with regular sweetness and high caffeine. Featuring black tea, ice, coconut milk."
529,Hot Brewed Coffee (Extra Caffeine),coffee,hot,regular,high,"[12,36]",['coffee']; augmented; ingredient_swap,0.7826685179090209,"Hot Brewed Coffee (Extra Caffeine) is a hot coffee drink with regular sweetness and high caffeine. Featuring oat milk, ice."
530,Hot Brewed Coffee (Extra Caffeine),coffee,hot,regular,high,"[11,12,36]",['coffee']; augmented; swap_add,0.7519284005728639,"Hot Brewed Coffee (Extra Caffeine) is a hot coffee drink with regular sweetness and high caffeine. Featuring skim milk, oat milk, ice."
531,Hot Brewed Coffee,coffee,hot,regular,medium,"[10,36]",['coffee']; augmented; caffeine_medium,0.7176676566621208,"Hot Brewed Coffee is a hot coffee drink with regular sweetness and medium caffeine. Featuring whole milk, ice."
532,"Hot Brewed Coffee (Half Sugar, Extra Caffeine)",coffee,hot,half,high,"[10,36]",['coffee']; augmented; sugar_half,0.7285408887222009,"Hot Brewed Coffee (Half Sugar, Extra Caffeine) is a hot coffee drink with half sugar and high caffeine. Featuring whole milk, ice."
533,"Hot Brewed Coffee (Half Sugar, Extra Caffeine)",coffee,hot,half,high,"[11,27,36]",['coffee']; augmented; combo,0.7703879324680403,"Hot Brewed Coffee (Half Sugar, Extra Caffeine) is a hot coffee drink with half sugar and high caffeine. Featuring skim milk, mango puree, ice."
534,Hot Caffè Latte,coffee,hot,regular,medium,"[9,10,36]",['coffee']; augmented; ingredient_swap,0.728089001048486,"Hot Caffè Latte is a hot coffee drink with regular sweetness and medium caffeine. Featuring coconut water, whole milk, ice."
535,Iced Caffè Latte,coffee,iced,regular,medium,"[1,10,36]",['coffee']; augmented; temp_iced,0.7564937576874593,"Iced Caffè Latte is a iced coffee drink with regular sweetness and medium caffeine. Featuring espresso shot, whole milk, ice."
536,Hot Caffè Latte (Half Sugar),coffee,hot,half,medium,"[1,10,36]",['coffee']; augmented; sugar_half,0.7513671551971144,"Hot Caffè Latte (Half Sugar) is a hot coffee drink with half sugar and medium caffeine. Featuring espresso shot, whole milk, ice."
537,Hot Caffè Latte,coffee,hot,regular,medium,"[1,11,24,36]",['coffee']; augmented; swap_add,0.7304519895718254,"Hot Caffè Latte is a hot coffee drink with regular sweetness and medium caffeine. Featuring espresso shot, skim milk, cinnamon powder, ice."
538,Hot Caffè Latte (Extra Caffeine),coffee,hot,regular,high,"[1,10,36]",['coffee']; augmented; caffeine_high,0.8143183226797598,"Hot Caffè Latte (Extra Caffeine) is a hot coffee drink with regular sweetness and high caffeine. Featuring espresso shot, whole milk, ice."
539,Hot Caffè Latte (Half Sugar),coffee,hot,half,low,"[6,10,36]",['coffee']; augmented; combo,0.7690175706695404,"Hot Caffè Latte (Half Sugar) is a hot coffee drink with half sugar and low caffeine. Featuring black tea, whole milk, ice."
540,Hot Caffè Latte,coffee,hot,regular,medium,"[1,12,36]",['coffee']; augmented; swap_add,0.6892457224002718,"Hot Caffè Latte is a hot coffee drink with regular sweetness and medium caffeine. Featuring espresso shot, oat milk, ice."
541,Iced Caffè Latte,coffee,iced,regular,medium,"[1,10,36]",['coffee']; augmented; temp_iced,0.7555936294430828,"Iced Caffè Latte is a iced coffee drink with regular sweetness and medium caffeine. Featuring espresso shot, whole milk, ice."
542,Hot Caffè Latte,coffee,hot,regular,medium,"[10,36,37]",['coffee']; augmented; ingredient_swap,0.7301464060569484,"Hot Caffè Latte is a hot coffee drink with regular sweetness and medium caffeine. Featuring whole milk, ice, passion tea."
543,"Hot Caffè Latte (Half Sugar, Extra Caffeine)",coffee,hot,half,high,"[1,14,24,36]",['coffee']; augmented; combo,0.7755730000438867,"Hot Caffè Latte (Half Sugar, Extra Caffeine) is a hot coffee drink with half sugar and high caffeine. Featuring espresso shot, soy milk, cinnamon powder, ice."
544,Hot Caffè Latte,coffee,hot,regular,medium,"[3,10,36]",['coffee']; augmented; ingredient_swap,0.726224377847019,"Hot Caffè Latte is a hot coffee drink with regular sweetness and medium caffeine. Featuring brewed coffee, whole milk, ice."
545,Hot Caffè Latte (Extra Caffeine),coffee,hot,regular,high,"[1,10,36]",['coffee']; augmented; caffeine_high,0.746557906755993,"Hot Caffè Latte (Extra Caffeine) is a hot coffee drink with regular sweetness and high caffeine. Featuring espresso shot, whole milk, ice."
546,Hot Caffè Latte (Extra Caffeine),coffee,hot,regular,high,"[1,10,36]",['coffee']; augmented; caffeine_high,0.7651496183694138,"Hot Caffè Latte (Extra Caffeine) is a hot coffee drink with regular sweetness and high caffeine. Featuring espresso shot, whole milk, ice."
547,Iced Caffè Latte,coffee,iced,regular,medium,"[1,10,36]",['coffee']; augmented; temp_iced,0.7759726558251037,"Iced Caffè Latte is a iced coffee drink with regular sweetness and medium caffeine. Featuring espresso shot, whole milk, ice."
548,Hot Caffè Latte (Extra Caffeine),coffee,hot,regular,high,"[1,10,36]",['coffee']; augmented; caffeine_high,0.7139911077883268,"Hot Caffè Latte (Extra Caffeine) is a hot coffee drink with regular sweetness and high caffeine. Featuring espresso shot, whole milk, ice."
549,Hot Caffè Latte,coffee,hot,regular,medium,"[1,14,29,36]",['coffee']; augmented; swap_add,0.7399649629247715,"Hot Caffè Latte is a hot coffee drink with regular sweetness and medium caffeine. Featuring espresso shot, soy milk, blueberry puree, ice."
550,Hot Caffè Latte,coffee,hot,regular,medium,"[1,13,36]",['coffee']; augmented; swap_add,0.7357516406651713,"Hot Caffè Latte is a hot coffee drink with regular sweetness and medium caffeine. Featuring espresso shot, almond milk, ice."
551,"Hot Caffè Latte (Half Sugar, Extra Caffeine)",coffee,hot,half,high,"[2,10,36,38]",['coffee']; augmented; combo,0.7304001230227887,"Hot Caffè Latte (Half Sugar, Extra Caffeine) is a hot coffee drink with half sugar and high caffeine. Featuring cold brew coffee, whole milk, ice, coconut milk."
552,Hot Caffè Latte,coffee,hot,regular,medium,"[1,14,36]",['coffee']; augmented; ingredient_swap,0.802963627208433,"Hot Caffè Latte is a hot coffee drink with regular sweetness and medium caffeine. Featuring espresso shot, soy milk, ice."
553,Iced Caffè Latte,coffee,iced,regular,medium,"[1,10,36]",['coffee']; augmented; temp_iced,0.7621494513288287,"Iced Caffè Latte is a iced coffee drink with regular sweetness and medium caffeine. Featuring espresso shot, whole milk, ice."
554,Hot Caffè Latte (Half Sugar),coffee,hot,half,medium,"[1,10,36]",['coffee']; augmented; sugar_half,0.7121734813699486,"Hot Caffè Latte (Half Sugar) is a hot coffee drink with half sugar and medium caffeine. Featuring espresso shot, whole milk, ice."
555,Hot Caffè Latte,coffee,hot,regular,medium,"[1,10,14,36]",['coffee']; augmented; swap_add,0.7775358584116433,"Hot Caffè Latte is a hot coffee drink with regular sweetness and medium caffeine. Featuring espresso shot, whole milk, soy milk, ice."
556,Hot Caffè Latte (Half Sugar),coffee,hot,half,low,"[6,10,34,36]",['coffee']; augmented; combo,0.813664685910379,"Hot Caffè Latte (Half Sugar) is a hot coffee drink with half sugar and low caffeine. Featuring black tea, whole milk, cold foam, ice."
557,"Hot Caffè Latte (Half Sugar, Extra Caffeine)",coffee,hot,half,high,"[1,14,36]",['coffee']; augmented; combo,0.7809739578165344,"Hot Caffè Latte (Half Sugar, Extra Caffeine) is a hot coffee drink with half sugar and high caffeine. Featuring espresso shot, soy milk, ice."
558,Iced Caffè Latte,coffee,iced,regular,medium,"[1,10,36]",['coffee']; augmented; temp_iced,0.7044189010213796,"Iced Caffè Latte is a iced coffee drink with regular sweetness and medium caffeine. Featuring espresso shot, whole milk, ice."
559,Hot Caffè Latte,coffee,hot,regular,medium,"[10,28,36,47]",['coffee']; augmented; swap_add,0.7354729778140124,"Hot Caffè Latte is a hot coffee drink with regular sweetness and medium caffeine. Featuring whole milk, strawberry pieces, ice, lemonade."
560,Hot Caffè Latte (Half Sugar),coffee,hot,half,low,"[4,10,36]",['coffee']; augmented; combo,0.7880073344755987,"Hot Caffè Latte (Half Sugar) is a hot coffee drink with half sugar and low caffeine. Featuring creme base, whole milk, ice."
561,Iced Caffè Latte,coffee,iced,regular,medium,"[1,10,36]",['coffee']; augmented; temp_iced,0.7287699160314366,"Iced Caffè Latte is a iced coffee drink with regular sweetness and medium caffeine. Featuring espresso shot, whole milk, ice."
562,Iced Caffè Latte,coffee,iced,regular,medium,"[1,10,36]",['coffee']; augmented; temp_iced,0.7633145828443868,"Iced Caffè Latte is a iced coffee drink with regular sweetness and medium caffeine. Featuring espresso shot, whole milk, ice."
563,Hot Caffè Latte,coffee,hot,regular,low,"[1,10,36]",['coffee']; augmented; caffeine_low,0.77323902160288,"Hot Caffè Latte is a hot coffee drink with regular sweetness and low caffeine. Featuring espresso shot, whole milk, ice."
564,Hot Caffè Latte (Extra Caffeine),coffee,hot,regular,high,"[1,10,36]",['coffee']; augmented; caffeine_high,0.7221920858526575,"Hot Caffè Latte (Extra Caffeine) is a hot coffee drink with regular sweetness and high caffeine. Featuring espresso shot, whole milk, ice."
565,Hot Caffè Latte (Extra Caffeine),coffee,hot,regular,high,"[1,10,36]",['coffee']; augmented; caffeine_high,0.748214239318146,"Hot Caffè Latte (Extra Caffeine) is a hot coffee drink with regular sweetness and high caffeine. Featuring espresso shot, whole milk, ice."
566,Hot Caffè Latte (Half Sugar),coffee,hot,half,medium,"[1,10,36]",['coffee']; augmented; sugar_half,0.6527619797979278,"Hot Caffè Latte (Half Sugar) is a hot coffee drink with half sugar and medium caffeine. Featuring espresso shot, whole milk, ice."
567,Hot Caffè Latte,coffee,hot,regular,medium,"[4,10,36]",['coffee']; augmented; ingredient_swap,0.7192683707599713,"Hot Caffè Latte is a hot coffee drink with regular sweetness and medium caffeine. Featuring creme base, whole milk, ice."
568,Iced Caffè Latte,coffee,iced,regular,medium,"[1,10,36]",['coffee']; augmented; temp_iced,0.7424229554582051,"Iced Caffè Latte is a iced coffee drink with regular sweetness and medium caffeine. Featuring espresso shot, whole milk, ice."
569,Hot Caffè Latte,coffee,hot,regular,medium,"[1,14,36]",['coffee']; augmented; swap_add,0.7125665045410545,"Hot Caffè Latte is a hot coffee drink with regular sweetness and medium caffeine. Featuring espresso shot, soy milk, ice."
570,Hot Caffè Latte (Half Sugar),coffee,hot,half,medium,"[1,10,36]",['coffee']; augmented; sugar_half,0.7989723391179491,"Hot Caffè Latte (Half Sugar) is a hot coffee drink with half sugar and medium caffeine. Featuring espresso shot, whole milk, ice."
571,"Hot Caffè Latte (Half Sugar, Extra Caffeine)",coffee,hot,half,high,"[6,10,36]",['coffee']; augmented; combo,0.707095758661181,"Hot Caffè Latte (Half Sugar, Extra Caffeine) is a hot coffee drink with half sugar and high caffeine. Featuring black tea, whole milk, ice."
572,Hot Caffè Latte (Half Sugar),coffee,hot,half,medium,"[1,10,36]",['coffee']; augmented; sugar_half,0.7367986653990904,"Hot Caffè Latte (Half Sugar) is a hot coffee drink with half sugar and medium caffeine. Featuring espresso shot, whole milk, ice."
573,Hot Caffè Latte (Extra Caffeine),coffee,hot,regular,high,"[1,10,36]",['coffee']; augmented; caffeine_high,0.7539222173185828,"Hot Caffè Latte (Extra Caffeine) is a hot coffee drink with regular sweetness and high caffeine. Featuring espresso shot, whole milk, ice."
574,Hot Caffè Latte (Extra Caffeine),coffee,hot,regular,high,"[1,12,36]",['coffee']; augmented; combo,0.7932381986719834,"Hot Caffè Latte (Extra Caffeine) is a hot coffee drink with regular sweetness and high caffeine. Featuring espresso shot, oat milk, ice."
575,Hot Caffè Latte,coffee,hot,regular,medium,"[9,10,36]",['coffee']; augmented; ingredient_swap,0.7069241354646169,"Hot Caffè Latte is a hot coffee drink with regular sweetness and medium caffeine. Featuring coconut water, whole milk, ice."
576,Hot Caffè Latte,coffee,hot,regular,medium,"[1,5,13,36]",['coffee']; augmented; swap_add,0.7848949125646488,"Hot Caffè Latte is a hot coffee drink with regular sweetness and medium caffeine. Featuring espresso shot, green tea, almond milk, ice."
577,Hot Caffè Latte,coffee,hot,regular,low,"[1,10,36]",['coffee']; augmented; caffeine_low,0.7503069918305876,"Hot Caffè Latte is a hot coffee drink with regular sweetness and low caffeine. Featuring espresso shot, whole milk, ice."
578,Hot Caffè Latte,coffee,hot,regular,medium,"[6,10,36]",['coffee']; augmented; swap_add,0.7205547404685615,"Hot Caffè Latte is a hot coffee drink with regular sweetness and medium caffeine. Featuring black tea, whole milk, ice."
579,Hot Caffè Latte (Half Sugar),coffee,hot,half,medium,"[1,10,36]",['coffee']; augmented; sugar_half,0.7638631042278982,"Hot Caffè Latte (Half Sugar) is a hot coffee drink with half sugar and medium caffeine. Featuring espresso shot, whole milk, ice."
580,Hot Caffè Latte,coffee,hot,regular,low,"[1,10,36]",['coffee']; augmented; caffeine_low,0.7559717908672041,"Hot Caffè Latte is a hot coffee drink with regular sweetness and low caffeine. Featuring espresso shot, whole milk, ice."
581,"Hot Caffè Latte (Half Sugar, Extra Caffeine)",coffee,hot,half,high,"[10,36,47]",['coffee']; augmented; combo,0.7319934936852361,"Hot Caffè Latte (Half Sugar, Extra Caffeine) is a hot coffee drink with half sugar and high caffeine. Featuring whole milk, ice, lemonade."
582,Hot Caffè Latte (Extra Caffeine),coffee,hot,regular,high,"[1,10,36]",['coffee']; augmented; caffeine_high,0.7520940625497006,"Hot Caffè Latte (Extra Caffeine) is a hot coffee drink with regular sweetness and high caffeine. Featuring espresso shot, whole milk, ice."
583,Iced Caffè Latte,coffee,iced,regular,medium,"[1,10,36]",['coffee']; augmented; temp_iced,0.7384405920941471,"Iced Caffè Latte is a iced coffee drink with regular sweetness and medium caffeine. Featuring espresso shot, whole milk, ice."
584,Hot Caffè Latte,coffee,hot,regular,medium,"[1,11,36]",['coffee']; augmented; swap_add,0.7534055203575375,"Hot Caffè Latte is a hot coffee drink with regular sweetness and medium caffeine. Featuring espresso shot, skim milk, ice."
585,Hot Caffè Latte (Extra Caffeine),coffee,hot,regular,high,"[1,10,36]",['coffee']; augmented; caffeine_high,0.7698639202356314,"Hot Caffè Latte (Extra Caffeine) is a hot coffee drink with regular sweetness and high caffeine. Featuring espresso shot, whole milk, ice."
586,Hot Caffè Latte (Half Sugar),coffee,hot,half,medium,"[1,10,36]",['coffee']; augmented; sugar_half,0.7975805044843606,"Hot Caffè Latte (Half Sugar) is a hot coffee drink with half sugar and medium caffeine. Featuring espresso shot, whole milk, ice."
587,Hot Caffè Latte,coffee,hot,regular,medium,"[1,5,12,36]",['coffee']; augmented; swap_add,0.7128655350351946,"Hot Caffè Latte is a hot coffee drink with regular sweetness and medium caffeine. Featuring espresso shot, green tea, oat milk, ice."
588,Hot Caffè Latte (Extra Caffeine),coffee,hot,regular,high,"[1,10,36]",['coffee']; augmented; caffeine_high,0.813991001239688,"Hot Caffè Latte (Extra Caffeine) is a hot coffee drink with regular sweetness and high caffeine. Featuring espresso shot, whole milk, ice."
589,Iced Caffè Latte,coffee,iced,regular,medium,"[1,10,36]",['coffee']; augmented; temp_iced,0.6914373660143249,"Iced Caffè Latte is a iced coffee drink with regular sweetness and medium caffeine. Featuring espresso shot, whole milk, ice."
590,Hot Caffè Latte,coffee,hot,regular,medium,"[5,10,36]",['coffee']; augmented; ingredient_swap,0.7454464471489325,"Hot Caffè Latte is a hot coffee drink with regular sweetness and medium caffeine. Featuring green tea, whole milk, ice."
591,"Hot Caffè Latte (Half Sugar, Extra Caffeine)",coffee,hot,half,high,"[2,10,22,36]",['coffee']; augmented; combo,0.7676495161945373,"Hot Caffè Latte (Half Sugar, Extra Caffeine) is a hot coffee drink with half sugar and high caffeine. Featuring cold brew coffee, whole milk, brown sugar syrup, ice."
592,Hot Caffè Latte (Extra Caffeine),coffee,hot,regular,high,"[1,10,36]",['coffee']; augmented; caffeine_high,0.758429756032051,"Hot Caffè Latte (Extra Caffeine) is a hot coffee drink with regular sweetness and high caffeine. Featuring espresso shot, whole milk, ice."
593,Hot Caffè Latte,coffee,hot,regular,medium,"[1,10,11,36]",['coffee']; augmented; swap_add,0.7313190144053822,"Hot Caffè Latte is a hot coffee drink with regular sweetness and medium caffeine. Featuring espresso shot, whole milk, skim milk, ice."
594,Hot Caffè Mocha (Without Whipped Cream),coffee,hot,regular,medium,"[11,19,36,38]","['coffee', 'dessert']; augmented; swap_add",0.7437563324892817,"Hot Caffè Mocha (Without Whipped Cream) is a hot coffee drink with regular sweetness and medium caffeine. Featuring skim milk, chocolate syrup, ice, coconut milk."
595,Hot Caffè Mocha (Without Whipped Cream) (Extra Caffeine),coffee,hot,regular,high,"[10,19,36]","['coffee', 'dessert']; augmented; caffeine_high",0.735209971960235,"Hot Caffè Mocha (Without Whipped Cream) (Extra Caffeine) is a hot coffee drink with regular sweetness and high caffeine. Featuring whole milk, chocolate syrup, ice."
596,Iced Caffè Mocha (Without Whipped Cream),coffee,iced,regular,medium,"[10,19,36]","['coffee', 'dessert']; augmented; temp_iced",0.7323190572916737,"Iced Caffè Mocha (Without Whipped Cream) is a iced coffee drink with regular sweetness and medium caffeine. Featuring whole milk, chocolate syrup, ice."
597,Hot Caffè Mocha (Without Whipped Cream) (Half Sugar),coffee,hot,half,medium,"[10,19,36]","['coffee', 'dessert']; augmented; sugar_half",0.7754880629106308,"Hot Caffè Mocha (Without Whipped Cream) (Half Sugar) is a hot coffee drink with half sugar and medium caffeine. Featuring whole milk, chocolate syrup, ice."
598,Iced Caffè Mocha (Without Whipped Cream),coffee,iced,regular,medium,"[10,19,36]","['coffee', 'dessert']; augmented; temp_iced",0.7607104645789514,"Iced Caffè Mocha (Without Whipped Cream) is a iced coffee drink with regular sweetness and medium caffeine. Featuring whole milk, chocolate syrup, ice."
599,Hot Caffè Mocha (Without Whipped Cream) (Extra Caffeine),coffee,hot,regular,high,"[10,19,36]","['coffee', 'dessert']; augmented; caffeine_high",0.7292127121421804,"Hot Caffè Mocha (Without Whipped Cream) (Extra Caffeine) is a hot coffee drink with regular sweetness and high caffeine. Featuring whole milk, chocolate syrup, ice."
600,Iced Caffè Mocha (Without Whipped Cream),coffee,iced,regular,medium,"[10,19,36]","['coffee', 'dessert']; augmented; temp_iced",0.7769879962629975,"Iced Caffè Mocha (Without Whipped Cream) is a iced coffee drink with regular sweetness and medium caffeine. Featuring whole milk, chocolate syrup, ice."
601,Iced Caffè Mocha (Without Whipped Cream),coffee,iced,regular,medium,"[10,19,36]","['coffee', 'dessert']; augmented; temp_iced",0.7592189856262983,"Iced Caffè Mocha (Without Whipped Cream) is a iced coffee drink with regular sweetness and medium caffeine. Featuring whole milk, chocolate syrup, ice."
602,Hot Caffè Mocha (Without Whipped Cream) (Zero Sugar),coffee,hot,zero,medium,"[10,19,36]","['coffee', 'dessert']; augmented; sugar_zero",0.7743858635651688,"Hot Caffè Mocha (Without Whipped Cream) (Zero Sugar) is a hot coffee drink with zero sugar and medium caffeine. Featuring whole milk, chocolate syrup, ice."
603,Hot Caffè Mocha (Without Whipped Cream),coffee,hot,regular,medium,"[19,36,38]","['coffee', 'dessert']; augmented; ingredient_swap",0.7688888652577084,"Hot Caffè Mocha (Without Whipped Cream) is a hot coffee drink with regular sweetness and medium caffeine. Featuring chocolate syrup, ice, coconut milk."
604,Hot Caffè Mocha (Without Whipped Cream),coffee,hot,regular,medium,"[10,36,42]","['coffee', 'dessert']; augmented; ingredient_swap",0.7251301496723378,"Hot Caffè Mocha (Without Whipped Cream) is a hot coffee drink with regular sweetness and medium caffeine. Featuring whole milk, ice, sugar free syrup."
605,Iced Caffè Mocha (Without Whipped Cream),coffee,iced,regular,medium,"[10,19,36]","['coffee', 'dessert']; augmented; temp_iced",0.733194568794091,"Iced Caffè Mocha (Without Whipped Cream) is a iced coffee drink with regular sweetness and medium caffeine. Featuring whole milk, chocolate syrup, ice."
606,Hot Caffè Mocha (Without Whipped Cream),coffee,hot,regular,medium,"[11,19,36]","['coffee', 'dessert']; augmented; ingredient_swap",0.7724188081536979,"Hot Caffè Mocha (Without Whipped Cream) is a hot coffee drink with regular sweetness and medium caffeine. Featuring skim milk, chocolate syrup, ice."
607,"Hot Caffè Mocha (Without Whipped Cream) (Half Sugar, Extra Caffeine)",coffee,hot,half,high,"[13,19,34,36]","['coffee', 'dessert']; augmented; combo",0.768311107963004,"Hot Caffè Mocha (Without Whipped Cream) (Half Sugar, Extra Caffeine) is a hot coffee drink with half sugar and high caffeine. Featuring almond milk, chocolate syrup, cold foam, ice."
608,Hot Caffè Mocha (Without Whipped Cream),coffee,hot,regular,medium,"[14,19,22,36]","['coffee', 'dessert']; augmented; swap_add",0.7493729521810756,"Hot Caffè Mocha (Without Whipped Cream) is a hot coffee drink with regular sweetness and medium caffeine. Featuring soy milk, chocolate syrup, brown sugar syrup, ice."
609,Iced Caffè Mocha (Without Whipped Cream),coffee,iced,regular,medium,"[10,19,36]","['coffee', 'dessert']; augmented; temp_iced",0.7535198214992634,"Iced Caffè Mocha (Without Whipped Cream) is a iced coffee drink with regular sweetness and medium caffeine. Featuring whole milk, chocolate syrup, ice."
610,Hot Caffè Mocha (Without Whipped Cream) (Half Sugar),coffee,hot,half,low,"[10,18,36]","['coffee', 'dessert']; augmented; combo",0.7883299468736528,"Hot Caffè Mocha (Without Whipped Cream) (Half Sugar) is a hot coffee drink with half sugar and low caffeine. Featuring whole milk, classic simple syrup, ice."
611,Hot Caffè Mocha (Without Whipped Cream),coffee,hot,regular,medium,"[4,10,36,40]","['coffee', 'dessert']; augmented; swap_add",0.7322528583349251,"Hot Caffè Mocha (Without Whipped Cream) is a hot coffee drink with regular sweetness and medium caffeine. Featuring creme base, whole milk, ice, peppermint syrup."
612,Hot Caffè Mocha (Without Whipped Cream),coffee,hot,regular,low,"[10,19,36]","['coffee', 'dessert']; augmented; caffeine_low",0.7664129214351011,"Hot Caffè Mocha (Without Whipped Cream) is a hot coffee drink with regular sweetness and low caffeine. Featuring whole milk, chocolate syrup, ice."
613,Hot Caffè Mocha (Without Whipped Cream),coffee,hot,regular,medium,"[10,17,36]","['coffee', 'dessert']; augmented; swap_add",0.7439342204269832,"Hot Caffè Mocha (Without Whipped Cream) is a hot coffee drink with regular sweetness and medium caffeine. Featuring whole milk, hazelnut syrup, ice."
614,Hot Caffè Mocha (Without Whipped Cream),coffee,hot,regular,medium,"[11,17,19,36]","['coffee', 'dessert']; augmented; swap_add",0.7434695639031834,"Hot Caffè Mocha (Without Whipped Cream) is a hot coffee drink with regular sweetness and medium caffeine. Featuring skim milk, hazelnut syrup, chocolate syrup, ice."
615,Iced Caffè Mocha (Without Whipped Cream),coffee,iced,regular,medium,"[10,19,36]","['coffee', 'dessert']; augmented; temp_iced",0.7829633055596157,"Iced Caffè Mocha (Without Whipped Cream) is a iced coffee drink with regular sweetness and medium caffeine. Featuring whole milk, chocolate syrup, ice."
616,Hot Caffè Mocha (Without Whipped Cream),coffee,hot,regular,low,"[10,19,36]","['coffee', 'dessert']; augmented; caffeine_low",0.7747624904696409,"Hot Caffè Mocha (Without Whipped Cream) is a hot coffee drink with regular sweetness and low caffeine. Featuring whole milk, chocolate syrup, ice."
617,Hot Caffè Mocha (Without Whipped Cream),coffee,hot,regular,medium,"[12,19,36,47]","['coffee', 'dessert']; augmented; swap_add",0.7744052890800192,"Hot Caffè Mocha (Without Whipped Cream) is a hot coffee drink with regular sweetness and medium caffeine. Featuring oat milk, chocolate syrup, ice, lemonade."
618,Hot Caffè Mocha (Without Whipped Cream),coffee,hot,regular,medium,"[10,36,39]","['coffee', 'dessert']; augmented; ingredient_swap",0.7891643642146299,"Hot Caffè Mocha (Without Whipped Cream) is a hot coffee drink with regular sweetness and medium caffeine. Featuring whole milk, ice, pecan syrup."
619,Hot Caffè Mocha (Without Whipped Cream),coffee,hot,regular,medium,"[14,19,36]","['coffee', 'dessert']; augmented; ingredient_swap",0.7506301152489828,"Hot Caffè Mocha (Without Whipped Cream) is a hot coffee drink with regular sweetness and medium caffeine. Featuring soy milk, chocolate syrup, ice."
620,Hot Caffè Mocha (Without Whipped Cream),coffee,hot,regular,medium,"[10,36,43]","['coffee', 'dessert']; augmented; swap_add",0.7704585891388489,"Hot Caffè Mocha (Without Whipped Cream) is a hot coffee drink with regular sweetness and medium caffeine. Featuring whole milk, ice, sugar cookie syrup."
621,"Hot Caffè Mocha (Without Whipped Cream) (Half Sugar, Extra Caffeine)",coffee,hot,half,high,"[10,36,39]","['coffee', 'dessert']; augmented; combo",0.7406919973021964,"Hot Caffè Mocha (Without Whipped Cream) (Half Sugar, Extra Caffeine) is a hot coffee drink with half sugar and high caffeine. Featuring whole milk, ice, pecan syrup."
622,Hot Caffè Mocha (Without Whipped Cream),coffee,hot,regular,medium,"[10,36,43]","['coffee', 'dessert']; augmented; ingredient_swap",0.7597249905746533,"Hot Caffè Mocha (Without Whipped Cream) is a hot coffee drink with regular sweetness and medium caffeine. Featuring whole milk, ice, sugar cookie syrup."
623,Hot Caffè Mocha (Without Whipped Cream),coffee,hot,regular,medium,"[10,21,36]","['coffee', 'dessert']; augmented; ingredient_swap",0.7460957083689694,"Hot Caffè Mocha (Without Whipped Cream) is a hot coffee drink with regular sweetness and medium caffeine. Featuring whole milk, pumpkin spice syrup, ice."
624,Hot Caffè Mocha (Without Whipped Cream) (Extra Caffeine),coffee,hot,regular,high,"[10,17,35,36]","['coffee', 'dessert']; augmented; swap_add",0.7529098789497816,"Hot Caffè Mocha (Without Whipped Cream) (Extra Caffeine) is a hot coffee drink with regular sweetness and high caffeine. Featuring whole milk, hazelnut syrup, java chips, ice."
625,Hot Caffè Mocha (Without Whipped Cream) (Extra Caffeine),coffee,hot,regular,high,"[14,19,36,38]","['coffee', 'dessert']; augmented; swap_add",0.7678547107631074,"Hot Caffè Mocha (Without Whipped Cream) (Extra Caffeine) is a hot coffee drink with regular sweetness and high caffeine. Featuring soy milk, chocolate syrup, ice, coconut milk."
626,Hot Caffè Mocha (Without Whipped Cream) (Extra Caffeine),coffee,hot,regular,high,"[11,19,36]","['coffee', 'dessert']; augmented; swap_add",0.7254533795029958,"Hot Caffè Mocha (Without Whipped Cream) (Extra Caffeine) is a hot coffee drink with regular sweetness and high caffeine. Featuring skim milk, chocolate syrup, ice."
627,Hot Caffè Mocha (Without Whipped Cream),coffee,hot,regular,medium,"[5,12,19,36]","['coffee', 'dessert']; augmented; combo",0.8127716182705638,"Hot Caffè Mocha (Without Whipped Cream) is a hot coffee drink with regular sweetness and medium caffeine. Featuring green tea, oat milk, chocolate syrup, ice."
628,Hot Caffè Mocha (Without Whipped Cream) (Extra Caffeine),coffee,hot,regular,high,"[13,19,36]","['coffee', 'dessert']; augmented; ingredient_swap",0.7198194785550089,"Hot Caffè Mocha (Without Whipped Cream) (Extra Caffeine) is a hot coffee drink with regular sweetness and high caffeine. Featuring almond milk, chocolate syrup, ice."
629,Hot Caffè Mocha (Without Whipped Cream) (Extra Caffeine),coffee,hot,regular,high,"[13,19,36]","['coffee', 'dessert']; augmented; ingredient_swap",0.713574341616368,"Hot Caffè Mocha (Without Whipped Cream) (Extra Caffeine) is a hot coffee drink with regular sweetness and high caffeine. Featuring almond milk, chocolate syrup, ice."
630,"Hot Caffè Mocha (Without Whipped Cream) (Half Sugar, Extra Caffeine)",coffee,hot,half,high,"[10,19,36]","['coffee', 'dessert']; augmented; sugar_half",0.7847433262050021,"Hot Caffè Mocha (Without Whipped Cream) (Half Sugar, Extra Caffeine) is a hot coffee drink with half sugar and high caffeine. Featuring whole milk, chocolate syrup, ice."
631,Hot Caffè Mocha (Without Whipped Cream) (Extra Caffeine),coffee,hot,regular,high,"[10,16,36]","['coffee', 'dessert']; augmented; ingredient_swap",0.7737498808188881,"Hot Caffè Mocha (Without Whipped Cream) (Extra Caffeine) is a hot coffee drink with regular sweetness and high caffeine. Featuring whole milk, caramel syrup, ice."
632,Iced Caffè Mocha (Without Whipped Cream) (Extra Caffeine),coffee,iced,regular,high,"[10,19,36]","['coffee', 'dessert']; augmented; temp_iced",0.7687235945115647,"Iced Caffè Mocha (Without Whipped Cream) (Extra Caffeine) is a iced coffee drink with regular sweetness and high caffeine. Featuring whole milk, chocolate syrup, ice."
633,Hot Caffè Mocha (Without Whipped Cream) (Extra Caffeine),coffee,hot,regular,high,"[10,17,36]","['coffee', 'dessert']; augmented; ingredient_swap",0.7688503652779284,"Hot Caffè Mocha (Without Whipped Cream) (Extra Caffeine) is a hot coffee drink with regular sweetness and high caffeine. Featuring whole milk, hazelnut syrup, ice."
634,Hot Caffè Mocha (Without Whipped Cream) (Extra Caffeine),coffee,hot,regular,high,"[10,36,42,44]","['coffee', 'dessert']; augmented; swap_add",0.7496325968145926,"Hot Caffè Mocha (Without Whipped Cream) (Extra Caffeine) is a hot coffee drink with regular sweetness and high caffeine. Featuring whole milk, ice, sugar free syrup, strawberry puree."
635,Hot Caffè Mocha (Without Whipped Cream) (Half Sugar),coffee,hot,half,medium,"[13,19,24,36]","['coffee', 'dessert']; augmented; combo",0.7230823688554251,"Hot Caffè Mocha (Without Whipped Cream) (Half Sugar) is a hot coffee drink with half sugar and medium caffeine. Featuring almond milk, chocolate syrup, cinnamon powder, ice."
636,"Hot Caffè Mocha (Without Whipped Cream) (Half Sugar, Extra Caffeine)",coffee,hot,half,high,"[10,19,36]","['coffee', 'dessert']; augmented; sugar_half",0.7522741367458118,"Hot Caffè Mocha (Without Whipped Cream) (Half Sugar, Extra Caffeine) is a hot coffee drink with half sugar and high caffeine. Featuring whole milk, chocolate syrup, ice."
637,"Hot Caffè Mocha (Without Whipped Cream) (Half Sugar, Extra Caffeine)",coffee,hot,half,high,"[10,19,36]","['coffee', 'dessert']; augmented; sugar_half",0.7296851486546366,"Hot Caffè Mocha (Without Whipped Cream) (Half Sugar, Extra Caffeine) is a hot coffee drink with half sugar and high caffeine. Featuring whole milk, chocolate syrup, ice."
638,Hot Caffè Mocha (Without Whipped Cream) (Extra Caffeine),coffee,hot,regular,high,"[5,13,19,36]","['coffee', 'dessert']; augmented; swap_add",0.7792535920025325,"Hot Caffè Mocha (Without Whipped Cream) (Extra Caffeine) is a hot coffee drink with regular sweetness and high caffeine. Featuring green tea, almond milk, chocolate syrup, ice."
639,Hot Caffè Mocha (Without Whipped Cream) (Extra Caffeine),coffee,hot,regular,high,"[10,15,34,36]","['coffee', 'dessert']; augmented; swap_add",0.7455882785549358,"Hot Caffè Mocha (Without Whipped Cream) (Extra Caffeine) is a hot coffee drink with regular sweetness and high caffeine. Featuring whole milk, vanilla syrup, cold foam, ice."
640,Hot Caffè Mocha (Without Whipped Cream) (Extra Caffeine),coffee,hot,regular,high,"[10,19,36]","['coffee', 'dessert']; augmented; caffeine_high",0.7252350840962246,"Hot Caffè Mocha (Without Whipped Cream) (Extra Caffeine) is a hot coffee drink with regular sweetness and high caffeine. Featuring whole milk, chocolate syrup, ice."
641,Iced Caffè Mocha (Without Whipped Cream) (Extra Caffeine),coffee,iced,regular,high,"[10,19,36]","['coffee', 'dessert']; augmented; temp_iced",0.7403584247504102,"Iced Caffè Mocha (Without Whipped Cream) (Extra Caffeine) is a iced coffee drink with regular sweetness and high caffeine. Featuring whole milk, chocolate syrup, ice."
642,Hot Caffè Mocha (Without Whipped Cream) (Extra Caffeine),coffee,hot,regular,high,"[10,19,36]","['coffee', 'dessert']; augmented; sugar_regular",0.7623879436282688,"Hot Caffè Mocha (Without Whipped Cream) (Extra Caffeine) is a hot coffee drink with regular sweetness and high caffeine. Featuring whole milk, chocolate syrup, ice."
643,Hot Caffè Mocha (Without Whipped Cream) (Half Sugar),coffee,hot,half,medium,"[10,36,43]","['coffee', 'dessert']; augmented; combo",0.7330882634158807,"Hot Caffè Mocha (Without Whipped Cream) (Half Sugar) is a hot coffee drink with half sugar and medium caffeine. Featuring whole milk, ice, sugar cookie syrup."
644,Hot Caffè Mocha (Without Whipped Cream) (Extra Caffeine),coffee,hot,regular,high,"[13,19,36]","['coffee', 'dessert']; augmented; ingredient_swap",0.7253333881330071,"Hot Caffè Mocha (Without Whipped Cream) (Extra Caffeine) is a hot coffee drink with regular sweetness and high caffeine. Featuring almond milk, chocolate syrup, ice."
645,"Hot Caffè Mocha (Without Whipped Cream) (Half Sugar, Extra Caffeine)",coffee,hot,half,high,"[10,19,36]","['coffee', 'dessert']; augmented; sugar_half",0.7573106163447574,"Hot Caffè Mocha (Without Whipped Cream) (Half Sugar, Extra Caffeine) is a hot coffee drink with half sugar and high caffeine. Featuring whole milk, chocolate syrup, ice."
646,Hot Caffè Mocha (Without Whipped Cream) (Half Sugar),coffee,hot,half,medium,"[10,17,36]","['coffee', 'dessert']; augmented; combo",0.7573489971332616,"Hot Caffè Mocha (Without Whipped Cream) (Half Sugar) is a hot coffee drink with half sugar and medium caffeine. Featuring whole milk, hazelnut syrup, ice."
647,Iced Caffè Mocha (Without Whipped Cream) (Extra Caffeine),coffee,iced,regular,high,"[10,19,36]","['coffee', 'dessert']; augmented; temp_iced",0.7347917047388661,"Iced Caffè Mocha (Without Whipped Cream) (Extra Caffeine) is a iced coffee drink with regular sweetness and high caffeine. Featuring whole milk, chocolate syrup, ice."
648,"Hot Caffè Mocha (Without Whipped Cream) (Half Sugar, Extra Caffeine)",coffee,hot,half,high,"[19,28,36,38]","['coffee', 'dessert']; augmented; combo",0.7358688508314504,"Hot Caffè Mocha (Without Whipped Cream) (Half Sugar, Extra Caffeine) is a hot coffee drink with half sugar and high caffeine. Featuring chocolate syrup, strawberry pieces, ice, coconut milk."
649,Hot Caffè Mocha (Without Whipped Cream) (Extra Caffeine),coffee,hot,regular,high,"[10,22,35,36]","['coffee', 'dessert']; augmented; swap_add",0.7569614981207291,"Hot Caffè Mocha (Without Whipped Cream) (Extra Caffeine) is a hot coffee drink with regular sweetness and high caffeine. Featuring whole milk, brown sugar syrup, java chips, ice."
650,Hot Caffè Mocha (Without Whipped Cream) (Extra Caffeine),coffee,hot,regular,high,"[11,19,23,36]","['coffee', 'dessert']; augmented; swap_add",0.7065574697550803,"Hot Caffè Mocha (Without Whipped Cream) (Extra Caffeine) is a hot coffee drink with regular sweetness and high caffeine. Featuring skim milk, chocolate syrup, nutmeg powder, ice."
651,Iced Caffè Mocha (Without Whipped Cream) (Extra Caffeine),coffee,iced,regular,high,"[10,19,36]","['coffee', 'dessert']; augmented; temp_iced",0.7077760867687033,"Iced Caffè Mocha (Without Whipped Cream) (Extra Caffeine) is a iced coffee drink with regular sweetness and high caffeine. Featuring whole milk, chocolate syrup, ice."
652,"Hot Caffè Mocha (Without Whipped Cream) (Half Sugar, Extra Caffeine)",coffee,hot,half,high,"[10,19,36]","['coffee', 'dessert']; augmented; sugar_half",0.728446673362427,"Hot Caffè Mocha (Without Whipped Cream) (Half Sugar, Extra Caffeine) is a hot coffee drink with half sugar and high caffeine. Featuring whole milk, chocolate syrup, ice."
653,"Hot Caffè Mocha (Without Whipped Cream) (Half Sugar, Extra Caffeine)",coffee,hot,half,high,"[10,19,36]","['coffee', 'dessert']; augmented; sugar_half",0.7435965854486446,"Hot Caffè Mocha (Without Whipped Cream) (Half Sugar, Extra Caffeine) is a hot coffee drink with half sugar and high caffeine. Featuring whole milk, chocolate syrup, ice."
654,Hot Vanilla Latte (Or Other Flavoured Latte) (Extra Caffeine),coffee,hot,regular,high,"[1,10,15,36]",['coffee']; augmented; caffeine_high,0.7593272269679401,"Hot Vanilla Latte (Or Other Flavoured Latte) (Extra Caffeine) is a hot coffee drink with regular sweetness and high caffeine. Featuring espresso shot, whole milk, vanilla syrup, ice."
655,Iced Vanilla Latte (Or Other Flavoured Latte),coffee,iced,regular,medium,"[1,10,15,36]",['coffee']; augmented; temp_iced,0.7942606865084866,"Iced Vanilla Latte (Or Other Flavoured Latte) is a iced coffee drink with regular sweetness and medium caffeine. Featuring espresso shot, whole milk, vanilla syrup, ice."
656,Iced Vanilla Latte (Or Other Flavoured Latte),coffee,iced,regular,medium,"[1,10,15,36]",['coffee']; augmented; temp_iced,0.7757297886960606,"Iced Vanilla Latte (Or Other Flavoured Latte) is a iced coffee drink with regular sweetness and medium caffeine. Featuring espresso shot, whole milk, vanilla syrup, ice."
657,Hot Vanilla Latte (Or Other Flavoured Latte),coffee,hot,regular,medium,"[1,12,15,36]",['coffee']; augmented; ingredient_swap,0.7452018441010971,"Hot Vanilla Latte (Or Other Flavoured Latte) is a hot coffee drink with regular sweetness and medium caffeine. Featuring espresso shot, oat milk, vanilla syrup, ice."
658,Hot Vanilla Latte (Or Other Flavoured Latte) (Half Sugar),coffee,hot,half,medium,"[1,10,15,36]",['coffee']; augmented; sugar_half,0.7494295137629193,"Hot Vanilla Latte (Or Other Flavoured Latte) (Half Sugar) is a hot coffee drink with half sugar and medium caffeine. Featuring espresso shot, whole milk, vanilla syrup, ice."
659,"Hot Vanilla Latte (Or Other Flavoured Latte) (Half Sugar, Extra Caffeine)",coffee,hot,half,high,"[1,10,22,36,43]",['coffee']; augmented; combo,0.7199241190608657,"Hot Vanilla Latte (Or Other Flavoured Latte) (Half Sugar, Extra Caffeine) is a hot coffee drink with half sugar and high caffeine. Featuring espresso shot, whole milk, brown sugar syrup, ice."
660,Iced Vanilla Latte (Or Other Flavoured Latte),coffee,iced,regular,medium,"[1,10,15,36]",['coffee']; augmented; temp_iced,0.7494446059202283,"Iced Vanilla Latte (Or Other Flavoured Latte) is a iced coffee drink with regular sweetness and medium caffeine. Featuring espresso shot, whole milk, vanilla syrup, ice."
661,Hot Vanilla Latte (Or Other Flavoured Latte) (Extra Caffeine),coffee,hot,regular,high,"[1,10,15,36]",['coffee']; augmented; caffeine_high,0.7413402408323958,"Hot Vanilla Latte (Or Other Flavoured Latte) (Extra Caffeine) is a hot coffee drink with regular sweetness and high caffeine. Featuring espresso shot, whole milk, vanilla syrup, ice."
662,Hot Vanilla Latte (Or Other Flavoured Latte),coffee,hot,regular,medium,"[6,10,15,20,36]",['coffee']; augmented; swap_add,0.7596815568101427,"Hot Vanilla Latte (Or Other Flavoured Latte) is a hot coffee drink with regular sweetness and medium caffeine. Featuring black tea, whole milk, vanilla syrup, white chocolate syrup."
663,Hot Vanilla Latte (Or Other Flavoured Latte),coffee,hot,regular,medium,"[1,10,15,36]",['coffee']; augmented; sugar_regular,0.7251830716934303,"Hot Vanilla Latte (Or Other Flavoured Latte) is a hot coffee drink with regular sweetness and medium caffeine. Featuring espresso shot, whole milk, vanilla syrup, ice."
664,Hot Vanilla Latte (Or Other Flavoured Latte),coffee,hot,regular,medium,"[1,11,15,36]",['coffee']; augmented; ingredient_swap,0.7655803954272352,"Hot Vanilla Latte (Or Other Flavoured Latte) is a hot coffee drink with regular sweetness and medium caffeine. Featuring espresso shot, skim milk, vanilla syrup, ice."
665,Hot Vanilla Latte (Or Other Flavoured Latte),coffee,hot,regular,medium,"[1,10,22,36]",['coffee']; augmented; ingredient_swap,0.7959821673900773,"Hot Vanilla Latte (Or Other Flavoured Latte) is a hot coffee drink with regular sweetness and medium caffeine. Featuring espresso shot, whole milk, brown sugar syrup, ice."
666,Hot Vanilla Latte (Or Other Flavoured Latte),coffee,hot,regular,medium,"[9,10,15,36]",['coffee']; augmented; swap_add,0.7467371955462943,"Hot Vanilla Latte (Or Other Flavoured Latte) is a hot coffee drink with regular sweetness and medium caffeine. Featuring coconut water, whole milk, vanilla syrup, ice."
667,"Hot Vanilla Latte (Or Other Flavoured Latte) (Half Sugar, Extra Caffeine)",coffee,hot,half,high,"[1,10,36,40]",['coffee']; augmented; combo,0.7620513516629682,"Hot Vanilla Latte (Or Other Flavoured Latte) (Half Sugar, Extra Caffeine) is a hot coffee drink with half sugar and high caffeine. Featuring espresso shot, whole milk, ice, peppermint syrup."
668,Hot Vanilla Latte (Or Other Flavoured Latte),coffee,hot,regular,medium,"[1,6,13,15,36]",['coffee']; augmented; swap_add,0.7707043197513334,"Hot Vanilla Latte (Or Other Flavoured Latte) is a hot coffee drink with regular sweetness and medium caffeine. Featuring espresso shot, black tea, almond milk, vanilla syrup."
669,Hot Vanilla Latte (Or Other Flavoured Latte) (Half Sugar),coffee,hot,half,medium,"[1,10,15,36]",['coffee']; augmented; sugar_half,0.7379633858434249,"Hot Vanilla Latte (Or Other Flavoured Latte) (Half Sugar) is a hot coffee drink with half sugar and medium caffeine. Featuring espresso shot, whole milk, vanilla syrup, ice."
670,Hot Vanilla Latte (Or Other Flavoured Latte),coffee,hot,regular,low,"[1,10,15,36]",['coffee']; augmented; caffeine_low,0.7567227744543125,"Hot Vanilla Latte (Or Other Flavoured Latte) is a hot coffee drink with regular sweetness and low caffeine. Featuring espresso shot, whole milk, vanilla syrup, ice."
671,Hot Vanilla Latte (Or Other Flavoured Latte) (Half Sugar),coffee,hot,half,medium,"[1,10,15,36]",['coffee']; augmented; sugar_half,0.7503777720234538,"Hot Vanilla Latte (Or Other Flavoured Latte) (Half Sugar) is a hot coffee drink with half sugar and medium caffeine. Featuring espresso shot, whole milk, vanilla syrup, ice."
672,"Hot Vanilla Latte (Or Other Flavoured Latte) (Half Sugar, Extra Caffeine)",coffee,hot,half,high,"[10,15,36,47]",['coffee']; augmented; combo,0.7529302829564649,"Hot Vanilla Latte (Or Other Flavoured Latte) (Half Sugar, Extra Caffeine) is a hot coffee drink with half sugar and high caffeine. Featuring whole milk, vanilla syrup, ice, lemonade."
673,Hot Vanilla Latte (Or Other Flavoured Latte),coffee,hot,regular,medium,"[1,13,15,22,36]",['coffee']; augmented; swap_add,0.726809706484336,"Hot Vanilla Latte (Or Other Flavoured Latte) is a hot coffee drink with regular sweetness and medium caffeine. Featuring espresso shot, almond milk, vanilla syrup, brown sugar syrup."
674,Hot Vanilla Latte (Or Other Flavoured Latte),coffee,hot,regular,medium,"[1,13,15,36]",['coffee']; augmented; ingredient_swap,0.7507353052277683,"Hot Vanilla Latte (Or Other Flavoured Latte) is a hot coffee drink with regular sweetness and medium caffeine. Featuring espresso shot, almond milk, vanilla syrup, ice."
675,Hot Vanilla Latte (Or Other Flavoured Latte),coffee,hot,regular,medium,"[1,10,13,36,40]",['coffee']; augmented; swap_add,0.7649399487373635,"Hot Vanilla Latte (Or Other Flavoured Latte) is a hot coffee drink with regular sweetness and medium caffeine. Featuring espresso shot, whole milk, almond milk, ice."
676,Iced Vanilla Latte (Or Other Flavoured Latte),coffee,iced,regular,medium,"[1,10,15,36]",['coffee']; augmented; temp_iced,0.7935343082338513,"Iced Vanilla Latte (Or Other Flavoured Latte) is a iced coffee drink with regular sweetness and medium caffeine. Featuring espresso shot, whole milk, vanilla syrup, ice."
677,Iced Vanilla Latte (Or Other Flavoured Latte),coffee,iced,regular,medium,"[1,10,15,36]",['coffee']; augmented; temp_iced,0.7787781247825563,"Iced Vanilla Latte (Or Other Flavoured Latte) is a iced coffee drink with regular sweetness and medium caffeine. Featuring espresso shot, whole milk, vanilla syrup, ice."
678,Hot Vanilla Latte (Or Other Flavoured Latte) (Extra Caffeine),coffee,hot,regular,high,"[1,10,15,36]",['coffee']; augmented; caffeine_high,0.8145954737253467,"Hot Vanilla Latte (Or Other Flavoured Latte) (Extra Caffeine) is a hot coffee drink with regular sweetness and high caffeine. Featuring espresso shot, whole milk, vanilla syrup, ice."
679,Iced Vanilla Latte (Or Other Flavoured Latte),coffee,iced,regular,medium,"[1,10,15,36]",['coffee']; augmented; temp_iced,0.7269795731133585,"Iced Vanilla Latte (Or Other Flavoured Latte) is a iced coffee drink with regular sweetness and medium caffeine. Featuring espresso shot, whole milk, vanilla syrup, ice."
680,"Hot Vanilla Latte (Or Other Flavoured Latte) (Zero Sugar, Extra Caffeine)",coffee,hot,zero,high,"[10,15,36,37]",['coffee']; augmented; combo,0.7761696191016203,"Hot Vanilla Latte (Or Other Flavoured Latte) (Zero Sugar, Extra Caffeine) is a hot coffee drink with zero sugar and high caffeine. Featuring whole milk, vanilla syrup, ice, passion tea."
681,Hot Vanilla Latte (Or Other Flavoured Latte),coffee,hot,regular,medium,"[1,13,15,24,36]",['coffee']; augmented; swap_add,0.7555002601721506,"Hot Vanilla Latte (Or Other Flavoured Latte) is a hot coffee drink with regular sweetness and medium caffeine. Featuring espresso shot, almond milk, vanilla syrup, cinnamon powder."
682,Iced Vanilla Latte (Or Other Flavoured Latte),coffee,iced,regular,medium,"[1,10,15,36]",['coffee']; augmented; temp_iced,0.8156940879965302,"Iced Vanilla Latte (Or Other Flavoured Latte) is a iced coffee drink with regular sweetness and medium caffeine. Featuring espresso shot, whole milk, vanilla syrup, ice."
683,Hot Vanilla Latte (Or Other Flavoured Latte),coffee,hot,regular,medium,"[1,10,36,43]",['coffee']; augmented; ingredient_swap,0.7257510514393455,"Hot Vanilla Latte (Or Other Flavoured Latte) is a hot coffee drink with regular sweetness and medium caffeine. Featuring espresso shot, whole milk, ice, sugar cookie syrup."
684,Iced Vanilla Latte (Or Other Flavoured Latte),coffee,iced,regular,medium,"[1,10,15,36]",['coffee']; augmented; temp_iced,0.7248083447345767,"Iced Vanilla Latte (Or Other Flavoured Latte) is a iced coffee drink with regular sweetness and medium caffeine. Featuring espresso shot, whole milk, vanilla syrup, ice."
685,Hot Vanilla Latte (Or Other Flavoured Latte),coffee,hot,regular,medium,"[1,11,13,15,36]",['coffee']; augmented; swap_add,0.7320182206366793,"Hot Vanilla Latte (Or Other Flavoured Latte) is a hot coffee drink with regular sweetness and medium caffeine. Featuring espresso shot, skim milk, almond milk, vanilla syrup."
686,Hot Vanilla Latte (Or Other Flavoured Latte),coffee,hot,regular,medium,"[1,13,15,30,36]",['coffee']; augmented; swap_add,0.6862831282707058,"Hot Vanilla Latte (Or Other Flavoured Latte) is a hot coffee drink with regular sweetness and medium caffeine. Featuring espresso shot, almond milk, vanilla syrup, banana."
687,Hot Vanilla Latte (Or Other Flavoured Latte),coffee,hot,regular,medium,"[10,15,36,47]",['coffee']; augmented; ingredient_swap,0.7342273493495771,"Hot Vanilla Latte (Or Other Flavoured Latte) is a hot coffee drink with regular sweetness and medium caffeine. Featuring whole milk, vanilla syrup, ice, lemonade."
688,"Hot Vanilla Latte (Or Other Flavoured Latte) (Half Sugar, Extra Caffeine)",coffee,hot,half,high,"[1,6,10,20,36]",['coffee']; augmented; combo,0.7272260201533891,"Hot Vanilla Latte (Or Other Flavoured Latte) (Half Sugar, Extra Caffeine) is a hot coffee drink with half sugar and high caffeine. Featuring espresso shot, black tea, whole milk, white chocolate syrup."
689,Hot Vanilla Latte (Or Other Flavoured Latte),coffee,hot,regular,low,"[1,10,15,36]",['coffee']; augmented; caffeine_low,0.7545118135942862,"Hot Vanilla Latte (Or Other Flavoured Latte) is a hot coffee drink with regular sweetness and low caffeine. Featuring espresso shot, whole milk, vanilla syrup, ice."
690,Hot Vanilla Latte (Or Other Flavoured Latte),coffee,hot,regular,medium,"[1,13,15,35,36]",['coffee']; augmented; swap_add,0.7602526792733147,"Hot Vanilla Latte (Or Other Flavoured Latte) is a hot coffee drink with regular sweetness and medium caffeine. Featuring espresso shot, almond milk, vanilla syrup, java chips."
691,Hot Vanilla Latte (Or Other Flavoured Latte) (Half Sugar),coffee,hot,half,low,"[10,15,36,47]",['coffee']; augmented; combo,0.8062851251764765,"Hot Vanilla Latte (Or Other Flavoured Latte) (Half Sugar) is a hot coffee drink with half sugar and low caffeine. Featuring whole milk, vanilla syrup, ice, lemonade."
692,Hot Vanilla Latte (Or Other Flavoured Latte) (Half Sugar),coffee,hot,half,medium,"[1,10,15,36]",['coffee']; augmented; sugar_half,0.7785127151455815,"Hot Vanilla Latte (Or Other Flavoured Latte) (Half Sugar) is a hot coffee drink with half sugar and medium caffeine. Featuring espresso shot, whole milk, vanilla syrup, ice."
693,Hot Vanilla Latte (Or Other Flavoured Latte),coffee,hot,regular,low,"[1,15,29,36,38]",['coffee']; augmented; combo,0.7326928903301279,"Hot Vanilla Latte (Or Other Flavoured Latte) is a hot coffee drink with regular sweetness and low caffeine. Featuring espresso shot, vanilla syrup, blueberry puree, ice."
694,Hot Vanilla Latte (Or Other Flavoured Latte) (Half Sugar),coffee,hot,half,medium,"[1,10,15,36]",['coffee']; augmented; sugar_half,0.7230475598595493,"Hot Vanilla Latte (Or Other Flavoured Latte) (Half Sugar) is a hot coffee drink with half sugar and medium caffeine. Featuring espresso shot, whole milk, vanilla syrup, ice."
695,Hot Vanilla Latte (Or Other Flavoured Latte),coffee,hot,regular,medium,"[1,10,18,36]",['coffee']; augmented; ingredient_swap,0.7647575751451952,"Hot Vanilla Latte (Or Other Flavoured Latte) is a hot coffee drink with regular sweetness and medium caffeine. Featuring espresso shot, whole milk, classic simple syrup, ice."
696,Hot Vanilla Latte (Or Other Flavoured Latte) (Half Sugar),coffee,hot,half,medium,"[1,10,15,36]",['coffee']; augmented; sugar_half,0.7103930037893808,"Hot Vanilla Latte (Or Other Flavoured Latte) (Half Sugar) is a hot coffee drink with half sugar and medium caffeine. Featuring espresso shot, whole milk, vanilla syrup, ice."
697,Iced Vanilla Latte (Or Other Flavoured Latte),coffee,iced,regular,medium,"[1,10,15,36]",['coffee']; augmented; temp_iced,0.8049437629756306,"Iced Vanilla Latte (Or Other Flavoured Latte) is a iced coffee drink with regular sweetness and medium caffeine. Featuring espresso shot, whole milk, vanilla syrup, ice."
698,Hot Vanilla Latte (Or Other Flavoured Latte),coffee,hot,regular,medium,"[1,13,15,36]",['coffee']; augmented; swap_add,0.7853832036216386,"Hot Vanilla Latte (Or Other Flavoured Latte) is a hot coffee drink with regular sweetness and medium caffeine. Featuring espresso shot, almond milk, vanilla syrup, ice."
699,Hot Vanilla Latte (Or Other Flavoured Latte),coffee,hot,regular,medium,"[1,6,10,18,36]",['coffee']; augmented; swap_add,0.7359247304368589,"Hot Vanilla Latte (Or Other Flavoured Latte) is a hot coffee drink with regular sweetness and medium caffeine. Featuring espresso shot, black tea, whole milk, classic simple syrup."
700,"Hot Vanilla Latte (Or Other Flavoured Latte) (Half Sugar, Extra Caffeine)",coffee,hot,half,high,"[10,15,36,37]",['coffee']; augmented; combo,0.6986059641272737,"Hot Vanilla Latte (Or Other Flavoured Latte) (Half Sugar, Extra Caffeine) is a hot coffee drink with half sugar and high caffeine. Featuring whole milk, vanilla syrup, ice, passion tea."
701,Hot Vanilla Latte (Or Other Flavoured Latte) (Zero Sugar),coffee,hot,zero,low,"[5,10,15,26,36]",['coffee']; augmented; combo,0.7906161712249624,"Hot Vanilla Latte (Or Other Flavoured Latte) (Zero Sugar) is a hot coffee drink with zero sugar and low caffeine. Featuring green tea, whole milk, vanilla syrup, matcha powder."
702,Hot Vanilla Latte (Or Other Flavoured Latte),coffee,hot,regular,medium,"[10,15,36,45]",['coffee']; augmented; ingredient_swap,0.7465638046424214,"Hot Vanilla Latte (Or Other Flavoured Latte) is a hot coffee drink with regular sweetness and medium caffeine. Featuring whole milk, vanilla syrup, ice, mango base."
703,Hot Vanilla Latte (Or Other Flavoured Latte),coffee,hot,regular,medium,"[5,10,15,36]",['coffee']; augmented; swap_add,0.7871344893592038,"Hot Vanilla Latte (Or Other Flavoured Latte) is a hot coffee drink with regular sweetness and medium caffeine. Featuring green tea, whole milk, vanilla syrup, ice."
704,Hot Vanilla Latte (Or Other Flavoured Latte) (Zero Sugar),coffee,hot,zero,medium,"[1,10,15,36]",['coffee']; augmented; sugar_zero,0.702167170236169,"Hot Vanilla Latte (Or Other Flavoured Latte) (Zero Sugar) is a hot coffee drink with zero sugar and medium caffeine. Featuring espresso shot, whole milk, vanilla syrup, ice."
705,"Hot Vanilla Latte (Or Other Flavoured Latte) (Half Sugar, Extra Caffeine)",coffee,hot,half,high,"[1,15,36,38]",['coffee']; augmented; combo,0.7320187493113868,"Hot Vanilla Latte (Or Other Flavoured Latte) (Half Sugar, Extra Caffeine) is a hot coffee drink with half sugar and high caffeine. Featuring espresso shot, vanilla syrup, ice, coconut milk."
706,Hot Vanilla Latte (Or Other Flavoured Latte),coffee,hot,regular,low,"[1,10,15,36]",['coffee']; augmented; caffeine_low,0.7501573109915455,"Hot Vanilla Latte (Or Other Flavoured Latte) is a hot coffee drink with regular sweetness and low caffeine. Featuring espresso shot, whole milk, vanilla syrup, ice."
707,Hot Vanilla Latte (Or Other Flavoured Latte) (Half Sugar),coffee,hot,half,medium,"[1,10,15,36]",['coffee']; augmented; sugar_half,0.7514094178129422,"Hot Vanilla Latte (Or Other Flavoured Latte) (Half Sugar) is a hot coffee drink with half sugar and medium caffeine. Featuring espresso shot, whole milk, vanilla syrup, ice."
708,Hot Vanilla Latte (Or Other Flavoured Latte),coffee,hot,regular,medium,"[1,10,17,36]",['coffee']; augmented; swap_add,0.7364980358556227,"Hot Vanilla Latte (Or Other Flavoured Latte) is a hot coffee drink with regular sweetness and medium caffeine. Featuring espresso shot, whole milk, hazelnut syrup, ice."
709,Hot Vanilla Latte (Or Other Flavoured Latte) (Half Sugar),coffee,hot,half,medium,"[1,10,15,36]",['coffee']; augmented; sugar_half,0.768685497970425,"Hot Vanilla Latte (Or Other Flavoured Latte) (Half Sugar) is a hot coffee drink with half sugar and medium caffeine. Featuring espresso shot, whole milk, vanilla syrup, ice."
710,Iced Vanilla Latte (Or Other Flavoured Latte),coffee,iced,regular,medium,"[1,10,15,36]",['coffee']; augmented; temp_iced,0.7179713871185222,"Iced Vanilla Latte (Or Other Flavoured Latte) is a iced coffee drink with regular sweetness and medium caffeine. Featuring espresso shot, whole milk, vanilla syrup, ice."
711,Hot Vanilla Latte (Or Other Flavoured Latte),coffee,hot,regular,medium,"[1,10,36,40]",['coffee']; augmented; ingredient_swap,0.7457286154493612,"Hot Vanilla Latte (Or Other Flavoured Latte) is a hot coffee drink with regular sweetness and medium caffeine. Featuring espresso shot, whole milk, ice, peppermint syrup."
712,Hot Vanilla Latte (Or Other Flavoured Latte),coffee,hot,regular,low,"[1,10,15,36]",['coffee']; augmented; caffeine_low,0.7536088689513569,"Hot Vanilla Latte (Or Other Flavoured Latte) is a hot coffee drink with regular sweetness and low caffeine. Featuring espresso shot, whole milk, vanilla syrup, ice."
713,Hot Vanilla Latte (Or Other Flavoured Latte),coffee,hot,regular,medium,"[1,10,19,36]",['coffee']; augmented; ingredient_swap,0.7654331650217625,"Hot Vanilla Latte (Or Other Flavoured Latte) is a hot coffee drink with regular sweetness and medium caffeine. Featuring espresso shot, whole milk, chocolate syrup, ice."
714,Iced Caffè Americano,coffee,iced,regular,medium,"[1,10,36]",['coffee']; augmented; temp_iced,0.7713484463426667,"Iced Caffè Americano is a iced coffee drink with regular sweetness and medium caffeine. Featuring espresso shot, whole milk, ice."
715,Hot Caffè Americano,coffee,hot,regular,low,"[1,10,36]",['coffee']; augmented; caffeine_low,0.7162607372448639,"Hot Caffè Americano is a hot coffee drink with regular sweetness and low caffeine. Featuring espresso shot, whole milk, ice."
716,Hot Caffè Americano (Half Sugar),coffee,hot,half,low,"[6,10,36]",['coffee']; augmented; combo,0.7039765748779313,"Hot Caffè Americano (Half Sugar) is a hot coffee drink with half sugar and low caffeine. Featuring black tea, whole milk, ice."
717,Hot Caffè Americano,coffee,hot,regular,medium,"[10,36,37]",['coffee']; augmented; ingredient_swap,0.7883303046569553,"Hot Caffè Americano is a hot coffee drink with regular sweetness and medium caffeine. Featuring whole milk, ice, passion tea."
718,Hot Caffè Americano,coffee,hot,regular,medium,"[2,6,10,36]",['coffee']; augmented; swap_add,0.7599694203593877,"Hot Caffè Americano is a hot coffee drink with regular sweetness and medium caffeine. Featuring cold brew coffee, black tea, whole milk, ice."
719,Hot Caffè Americano,coffee,hot,regular,medium,"[1,13,15,36]",['coffee']; augmented; swap_add,0.7275454039033034,"Hot Caffè Americano is a hot coffee drink with regular sweetness and medium caffeine. Featuring espresso shot, almond milk, vanilla syrup, ice."
720,Hot Caffè Americano (Half Sugar),coffee,hot,half,medium,"[1,10,36]",['coffee']; augmented; sugar_half,0.7965345592656757,"Hot Caffè Americano (Half Sugar) is a hot coffee drink with half sugar and medium caffeine. Featuring espresso shot, whole milk, ice."
721,Hot Caffè Americano,coffee,hot,regular,medium,"[1,11,36]",['coffee']; augmented; swap_add,0.7534702390287857,"Hot Caffè Americano is a hot coffee drink with regular sweetness and medium caffeine. Featuring espresso shot, skim milk, ice."
722,Hot Caffè Americano,coffee,hot,regular,medium,"[4,10,36]",['coffee']; augmented; ingredient_swap,0.7853789155219147,"Hot Caffè Americano is a hot coffee drink with regular sweetness and medium caffeine. Featuring creme base, whole milk, ice."
723,Hot Caffè Americano (Extra Caffeine),coffee,hot,regular,high,"[1,10,36]",['coffee']; augmented; caffeine_high,0.7520255544423032,"Hot Caffè Americano (Extra Caffeine) is a hot coffee drink with regular sweetness and high caffeine. Featuring espresso shot, whole milk, ice."
724,Iced Caffè Americano (Extra Caffeine),coffee,iced,regular,high,"[1,10,36]",['coffee']; augmented; temp_iced,0.8118224377464596,"Iced Caffè Americano (Extra Caffeine) is a iced coffee drink with regular sweetness and high caffeine. Featuring espresso shot, whole milk, ice."
725,Hot Caffè Americano (Extra Caffeine),coffee,hot,regular,high,"[1,35,36,38]",['coffee']; augmented; swap_add,0.8026602252732962,"Hot Caffè Americano (Extra Caffeine) is a hot coffee drink with regular sweetness and high caffeine. Featuring espresso shot, java chips, ice, coconut milk."
726,Iced Caffè Americano (Extra Caffeine),coffee,iced,regular,high,"[1,10,36]",['coffee']; augmented; temp_iced,0.7425310755456278,"Iced Caffè Americano (Extra Caffeine) is a iced coffee drink with regular sweetness and high caffeine. Featuring espresso shot, whole milk, ice."
727,Hot Caffè Americano (Extra Caffeine),coffee,hot,regular,high,"[1,6,36,38]",['coffee']; augmented; swap_add,0.7791471285286307,"Hot Caffè Americano (Extra Caffeine) is a hot coffee drink with regular sweetness and high caffeine. Featuring espresso shot, black tea, ice, coconut milk."
728,Hot Caffè Americano (Extra Caffeine),coffee,hot,regular,high,"[1,14,36]",['coffee']; augmented; ingredient_swap,0.7693612784875544,"Hot Caffè Americano (Extra Caffeine) is a hot coffee drink with regular sweetness and high caffeine. Featuring espresso shot, soy milk, ice."
729,Hot Caffè Americano (Extra Caffeine),coffee,hot,regular,high,"[1,10,36]",['coffee']; augmented; caffeine_high,0.7910589467259704,"Hot Caffè Americano (Extra Caffeine) is a hot coffee drink with regular sweetness and high caffeine. Featuring espresso shot, whole milk, ice."
730,Hot Caffè Americano (Half Sugar),coffee,hot,half,medium,"[1,11,36]",['coffee']; augmented; combo,0.7210522961825969,"Hot Caffè Americano (Half Sugar) is a hot coffee drink with half sugar and medium caffeine. Featuring espresso shot, skim milk, ice."
731,Hot Caffè Americano (Zero Sugar),coffee,hot,zero,medium,"[1,12,36]",['coffee']; augmented; combo,0.7705815437999531,"Hot Caffè Americano (Zero Sugar) is a hot coffee drink with zero sugar and medium caffeine. Featuring espresso shot, oat milk, ice."
732,"Hot Caffè Americano (Half Sugar, Extra Caffeine)",coffee,hot,half,high,"[3,10,36]",['coffee']; augmented; combo,0.7817527346054877,"Hot Caffè Americano (Half Sugar, Extra Caffeine) is a hot coffee drink with half sugar and high caffeine. Featuring brewed coffee, whole milk, ice."
733,Hot Caffè Americano (Extra Caffeine),coffee,hot,regular,high,"[5,10,36]",['coffee']; augmented; ingredient_swap,0.6972378154073066,"Hot Caffè Americano (Extra Caffeine) is a hot coffee drink with regular sweetness and high caffeine. Featuring green tea, whole milk, ice."
734,Iced Cappuccino,coffee,iced,regular,medium,"[1,10,36]",['coffee']; augmented; temp_iced,0.7145022446200268,"Iced Cappuccino is a iced coffee drink with regular sweetness and medium caffeine. Featuring espresso shot, whole milk, ice."
735,Hot Cappuccino (Half Sugar),coffee,hot,half,medium,"[1,10,36]",['coffee']; augmented; sugar_half,0.688823034667197,"Hot Cappuccino (Half Sugar) is a hot coffee drink with half sugar and medium caffeine. Featuring espresso shot, whole milk, ice."
736,Hot Cappuccino (Extra Caffeine),coffee,hot,regular,high,"[1,10,36]",['coffee']; augmented; caffeine_high,0.7419177949666632,"Hot Cappuccino (Extra Caffeine) is a hot coffee drink with regular sweetness and high caffeine. Featuring espresso shot, whole milk, ice."
737,Hot Cappuccino,coffee,hot,regular,medium,"[1,11,36]",['coffee']; augmented; swap_add,0.7715262676738789,"Hot Cappuccino is a hot coffee drink with regular sweetness and medium caffeine. Featuring espresso shot, skim milk, ice."
738,Hot Cappuccino (Half Sugar),coffee,hot,half,medium,"[1,10,36]",['coffee']; augmented; sugar_half,0.7950707115628808,"Hot Cappuccino (Half Sugar) is a hot coffee drink with half sugar and medium caffeine. Featuring espresso shot, whole milk, ice."
739,Iced Cappuccino,coffee,iced,regular,medium,"[1,10,36]",['coffee']; augmented; temp_iced,0.7522228434125933,"Iced Cappuccino is a iced coffee drink with regular sweetness and medium caffeine. Featuring espresso shot, whole milk, ice."
740,Hot Cappuccino (Half Sugar),coffee,hot,half,low,"[1,14,36]",['coffee']; augmented; combo,0.7988584663671388,"Hot Cappuccino (Half Sugar) is a hot coffee drink with half sugar and low caffeine. Featuring espresso shot, soy milk, ice."
741,Hot Cappuccino,coffee,hot,regular,medium,"[1,14,36]",['coffee']; augmented; ingredient_swap,0.7085969562535532,"Hot Cappuccino is a hot coffee drink with regular sweetness and medium caffeine. Featuring espresso shot, soy milk, ice."
742,"Hot Cappuccino (Half Sugar, Extra Caffeine)",coffee,hot,half,high,"[3,6,10,36]",['coffee']; augmented; combo,0.6988985268193454,"Hot Cappuccino (Half Sugar, Extra Caffeine) is a hot coffee drink with half sugar and high caffeine. Featuring brewed coffee, black tea, whole milk, ice."
743,Hot Cappuccino,coffee,hot,regular,medium,"[1,11,34,36]",['coffee']; augmented; swap_add,0.7483335690331014,"Hot Cappuccino is a hot coffee drink with regular sweetness and medium caffeine. Featuring espresso shot, skim milk, cold foam, ice."
744,Hot Cappuccino (Extra Caffeine),coffee,hot,regular,high,"[1,10,36]",['coffee']; augmented; caffeine_high,0.7615219634681792,"Hot Cappuccino (Extra Caffeine) is a hot coffee drink with regular sweetness and high caffeine. Featuring espresso shot, whole milk, ice."
745,Hot Cappuccino,coffee,hot,regular,medium,"[1,14,36,42]",['coffee']; augmented; swap_add,0.7490191575571772,"Hot Cappuccino is a hot coffee drink with regular sweetness and medium caffeine. Featuring espresso shot, soy milk, ice, sugar free syrup."
746,Hot Cappuccino (Extra Caffeine),coffee,hot,regular,high,"[1,10,36]",['coffee']; augmented; caffeine_high,0.6879767369988037,"Hot Cappuccino (Extra Caffeine) is a hot coffee drink with regular sweetness and high caffeine. Featuring espresso shot, whole milk, ice."
747,Hot Cappuccino,coffee,hot,regular,low,"[1,10,36]",['coffee']; augmented; caffeine_low,0.7473263988146164,"Hot Cappuccino is a hot coffee drink with regular sweetness and low caffeine. Featuring espresso shot, whole milk, ice."
748,Iced Cappuccino,coffee,iced,regular,medium,"[1,10,36]",['coffee']; augmented; temp_iced,0.7108659149848544,"Iced Cappuccino is a iced coffee drink with regular sweetness and medium caffeine. Featuring espresso shot, whole milk, ice."
749,"Hot Cappuccino (Half Sugar, Extra Caffeine)",coffee,hot,half,high,"[4,10,36]",['coffee']; augmented; combo,0.7700901764649012,"Hot Cappuccino (Half Sugar, Extra Caffeine) is a hot coffee drink with half sugar and high caffeine. Featuring creme base, whole milk, ice."
750,Hot Cappuccino (Zero Sugar),coffee,hot,zero,low,"[10,14,36,47]",['coffee']; augmented; combo,0.7609979473829055,"Hot Cappuccino (Zero Sugar) is a hot coffee drink with zero sugar and low caffeine. Featuring whole milk, soy milk, ice, lemonade."
751,Iced Cappuccino,coffee,iced,regular,medium,"[1,10,36]",['coffee']; augmented; temp_iced,0.7218036064101794,"Iced Cappuccino is a iced coffee drink with regular sweetness and medium caffeine. Featuring espresso shot, whole milk, ice."
752,Hot Cappuccino,coffee,hot,regular,medium,"[6,7,10,36]",['coffee']; augmented; swap_add,0.7345839924798991,"Hot Cappuccino is a hot coffee drink with regular sweetness and medium caffeine. Featuring black tea, yogurt base, whole milk, ice."
753,Hot Cappuccino,coffee,hot,regular,medium,"[9,10,28,36]",['coffee']; augmented; swap_add,0.7182235943433315,"Hot Cappuccino is a hot coffee drink with regular sweetness and medium caffeine. Featuring coconut water, whole milk, strawberry pieces, ice."
754,Iced Cappuccino,coffee,iced,regular,medium,"[1,10,36]",['coffee']; augmented; temp_iced,0.7481196270818048,"Iced Cappuccino is a iced coffee drink with regular sweetness and medium caffeine. Featuring espresso shot, whole milk, ice."
755,Iced Cappuccino,coffee,iced,regular,medium,"[1,10,36]",['coffee']; augmented; temp_iced,0.7786542696150371,"Iced Cappuccino is a iced coffee drink with regular sweetness and medium caffeine. Featuring espresso shot, whole milk, ice."
756,"Hot Cappuccino (Half Sugar, Extra Caffeine)",coffee,hot,half,high,"[6,10,36]",['coffee']; augmented; combo,0.7204282186099337,"Hot Cappuccino (Half Sugar, Extra Caffeine) is a hot coffee drink with half sugar and high caffeine. Featuring black tea, whole milk, ice."
757,Hot Cappuccino (Half Sugar),coffee,hot,half,medium,"[1,10,36]",['coffee']; augmented; sugar_half,0.7651213954655354,"Hot Cappuccino (Half Sugar) is a hot coffee drink with half sugar and medium caffeine. Featuring espresso shot, whole milk, ice."
758,Hot Cappuccino (Half Sugar),coffee,hot,half,low,"[3,10,34,36]",['coffee']; augmented; combo,0.7340922714488268,"Hot Cappuccino (Half Sugar) is a hot coffee drink with half sugar and low caffeine. Featuring brewed coffee, whole milk, cold foam, ice."
759,Iced Cappuccino,coffee,iced,regular,medium,"[1,10,36]",['coffee']; augmented; temp_iced,0.7262138150321297,"Iced Cappuccino is a iced coffee drink with regular sweetness and medium caffeine. Featuring espresso shot, whole milk, ice."
760,"Hot Cappuccino (Half Sugar, Extra Caffeine)",coffee,hot,half,high,"[6,10,36]",['coffee']; augmented; combo,0.7467890892013632,"Hot Cappuccino (Half Sugar, Extra Caffeine) is a hot coffee drink with half sugar and high caffeine. Featuring black tea, whole milk, ice."
761,Hot Cappuccino,coffee,hot,regular,low,"[1,11,36]",['coffee']; augmented; combo,0.7189427303274187,"Hot Cappuccino is a hot coffee drink with regular sweetness and low caffeine. Featuring espresso shot, skim milk, ice."
762,Hot Cappuccino (Half Sugar),coffee,hot,half,medium,"[1,10,36]",['coffee']; augmented; sugar_half,0.7333905208395846,"Hot Cappuccino (Half Sugar) is a hot coffee drink with half sugar and medium caffeine. Featuring espresso shot, whole milk, ice."
763,Hot Cappuccino,coffee,hot,regular,medium,"[10,36,45]",['coffee']; augmented; ingredient_swap,0.7140636632223345,"Hot Cappuccino is a hot coffee drink with regular sweetness and medium caffeine. Featuring whole milk, ice, mango base."
764,Hot Cappuccino,coffee,hot,regular,medium,"[1,16,36,38]",['coffee']; augmented; swap_add,0.8089417539874917,"Hot Cappuccino is a hot coffee drink with regular sweetness and medium caffeine. Featuring espresso shot, caramel syrup, ice, coconut milk."
765,Hot Cappuccino (Extra Caffeine),coffee,hot,regular,high,"[1,10,36]",['coffee']; augmented; caffeine_high,0.7510579065591518,"Hot Cappuccino (Extra Caffeine) is a hot coffee drink with regular sweetness and high caffeine. Featuring espresso shot, whole milk, ice."
766,Hot Cappuccino (Extra Caffeine),coffee,hot,regular,high,"[1,12,36]",['coffee']; augmented; combo,0.7290082347602225,"Hot Cappuccino (Extra Caffeine) is a hot coffee drink with regular sweetness and high caffeine. Featuring espresso shot, oat milk, ice."
767,"Hot Cappuccino (Half Sugar, Extra Caffeine)",coffee,hot,half,high,"[1,36,38]",['coffee']; augmented; combo,0.7564193973220267,"Hot Cappuccino (Half Sugar, Extra Caffeine) is a hot coffee drink with half sugar and high caffeine. Featuring espresso shot, ice, coconut milk."
768,Hot Cappuccino (Zero Sugar),coffee,hot,zero,medium,"[1,10,36]",['coffee']; augmented; sugar_zero,0.746630158509275,"Hot Cappuccino (Zero Sugar) is a hot coffee drink with zero sugar and medium caffeine. Featuring espresso shot, whole milk, ice."
769,Hot Cappuccino,coffee,hot,regular,medium,"[10,36,45]",['coffee']; augmented; ingredient_swap,0.7433709120140033,"Hot Cappuccino is a hot coffee drink with regular sweetness and medium caffeine. Featuring whole milk, ice, mango base."
770,Hot Cappuccino (Half Sugar),coffee,hot,half,medium,"[1,10,36]",['coffee']; augmented; sugar_half,0.7684250010013027,"Hot Cappuccino (Half Sugar) is a hot coffee drink with half sugar and medium caffeine. Featuring espresso shot, whole milk, ice."
771,Hot Cappuccino (Half Sugar),coffee,hot,half,medium,"[1,10,36]",['coffee']; augmented; sugar_half,0.7727252313014191,"Hot Cappuccino (Half Sugar) is a hot coffee drink with half sugar and medium caffeine. Featuring espresso shot, whole milk, ice."
772,"Hot Cappuccino (Half Sugar, Extra Caffeine)",coffee,hot,half,high,"[5,10,36]",['coffee']; augmented; combo,0.7340849655716841,"Hot Cappuccino (Half Sugar, Extra Caffeine) is a hot coffee drink with half sugar and high caffeine. Featuring green tea, whole milk, ice."
773,Hot Cappuccino,coffee,hot,regular,medium,"[1,13,36,39]",['coffee']; augmented; swap_add,0.7327254527806596,"Hot Cappuccino is a hot coffee drink with regular sweetness and medium caffeine. Featuring espresso shot, almond milk, ice, pecan syrup."
774,Hot Cappuccino (Half Sugar),coffee,hot,half,low,"[6,10,36,46]",['coffee']; augmented; combo,0.7417484490854507,"Hot Cappuccino (Half Sugar) is a hot coffee drink with half sugar and low caffeine. Featuring black tea, whole milk, ice, strawberry base."
775,Iced Cappuccino,coffee,iced,regular,medium,"[1,10,36]",['coffee']; augmented; temp_iced,0.6809423650579325,"Iced Cappuccino is a iced coffee drink with regular sweetness and medium caffeine. Featuring espresso shot, whole milk, ice."
776,Iced Cappuccino,coffee,iced,regular,medium,"[1,10,36]",['coffee']; augmented; temp_iced,0.7045442681340435,"Iced Cappuccino is a iced coffee drink with regular sweetness and medium caffeine. Featuring espresso shot, whole milk, ice."
777,Hot Cappuccino (Half Sugar),coffee,hot,half,low,"[1,14,36]",['coffee']; augmented; combo,0.7910062280233358,"Hot Cappuccino (Half Sugar) is a hot coffee drink with half sugar and low caffeine. Featuring espresso shot, soy milk, ice."
778,Hot Cappuccino,coffee,hot,regular,medium,"[1,5,14,36]",['coffee']; augmented; swap_add,0.7993490314050385,"Hot Cappuccino is a hot coffee drink with regular sweetness and medium caffeine. Featuring espresso shot, green tea, soy milk, ice."
779,Hot Cappuccino (Extra Caffeine),coffee,hot,regular,high,"[1,10,36]",['coffee']; augmented; caffeine_high,0.7425289188133086,"Hot Cappuccino (Extra Caffeine) is a hot coffee drink with regular sweetness and high caffeine. Featuring espresso shot, whole milk, ice."
780,Iced Cappuccino,coffee,iced,regular,medium,"[1,10,36]",['coffee']; augmented; temp_iced,0.767296708891673,"Iced Cappuccino is a iced coffee drink with regular sweetness and medium caffeine. Featuring espresso shot, whole milk, ice."
781,"Hot Cappuccino (Half Sugar, Extra Caffeine)",coffee,hot,half,high,"[1,14,24,36]",['coffee']; augmented; combo,0.7593375046363061,"Hot Cappuccino (Half Sugar, Extra Caffeine) is a hot coffee drink with half sugar and high caffeine. Featuring espresso shot, soy milk, cinnamon powder, ice."
782,Hot Cappuccino (Extra Caffeine),coffee,hot,regular,high,"[1,10,36]",['coffee']; augmented; caffeine_high,0.8423664242536572,"Hot Cappuccino (Extra Caffeine) is a hot coffee drink with regular sweetness and high caffeine. Featuring espresso shot, whole milk, ice."
783,"Hot Cappuccino (Half Sugar, Extra Caffeine)",coffee,hot,half,high,"[10,36,45]",['coffee']; augmented; combo,0.7835872473430373,"Hot Cappuccino (Half Sugar, Extra Caffeine) is a hot coffee drink with half sugar and high caffeine. Featuring whole milk, ice, mango base."
784,Hot Cappuccino,coffee,hot,regular,low,"[1,10,36]",['coffee']; augmented; caffeine_low,0.746162472255577,"Hot Cappuccino is a hot coffee drink with regular sweetness and low caffeine. Featuring espresso shot, whole milk, ice."
785,Hot Cappuccino,coffee,hot,regular,medium,"[10,36,37]",['coffee']; augmented; ingredient_swap,0.7213337867819872,"Hot Cappuccino is a hot coffee drink with regular sweetness and medium caffeine. Featuring whole milk, ice, passion tea."
786,Hot Cappuccino (Half Sugar),coffee,hot,half,medium,"[1,10,36]",['coffee']; augmented; sugar_half,0.7018066103922729,"Hot Cappuccino (Half Sugar) is a hot coffee drink with half sugar and medium caffeine. Featuring espresso shot, whole milk, ice."
787,Iced Cappuccino,coffee,iced,regular,medium,"[1,10,36]",['coffee']; augmented; temp_iced,0.7561039090760167,"Iced Cappuccino is a iced coffee drink with regular sweetness and medium caffeine. Featuring espresso shot, whole milk, ice."
788,Hot Cappuccino (Extra Caffeine),coffee,hot,regular,high,"[1,10,36]",['coffee']; augmented; caffeine_high,0.7273094776414709,"Hot Cappuccino (Extra Caffeine) is a hot coffee drink with regular sweetness and high caffeine. Featuring espresso shot, whole milk, ice."
789,Hot Cappuccino,coffee,hot,regular,medium,"[1,12,36]",['coffee']; augmented; swap_add,0.7073323887120698,"Hot Cappuccino is a hot coffee drink with regular sweetness and medium caffeine. Featuring espresso shot, oat milk, ice."
790,Hot Cappuccino,coffee,hot,regular,medium,"[1,12,26,36]",['coffee']; augmented; swap_add,0.7306028134727242,"Hot Cappuccino is a hot coffee drink with regular sweetness and medium caffeine. Featuring espresso shot, oat milk, matcha powder, ice."
791,Hot Cappuccino,coffee,hot,regular,medium,"[1,11,36]",['coffee']; augmented; ingredient_swap,0.7175535598915681,"Hot Cappuccino is a hot coffee drink with regular sweetness and medium caffeine. Featuring espresso shot, skim milk, ice."
792,Iced Cappuccino,coffee,iced,regular,medium,"[1,10,36]",['coffee']; augmented; temp_iced,0.8006142490521769,"Iced Cappuccino is a iced coffee drink with regular sweetness and medium caffeine. Featuring espresso shot, whole milk, ice."
793,Hot Cappuccino,coffee,hot,regular,medium,"[1,12,36]",['coffee']; augmented; ingredient_swap,0.7764491927084836,"Hot Cappuccino is a hot coffee drink with regular sweetness and medium caffeine. Featuring espresso shot, oat milk, ice."
794,Hot Espresso,coffee,hot,regular,medium,"[1,11,26,36]","['coffee', 'energy_boost']; augmented; swap_add",0.7497608207605014,"Hot Espresso is a hot coffee drink with regular sweetness and medium caffeine. Featuring espresso shot, skim milk, matcha powder, ice."
795,Hot Espresso,coffee,hot,regular,low,"[1,10,36]","['coffee', 'energy_boost']; augmented; caffeine_low",0.7943983241667008,"Hot Espresso is a hot coffee drink with regular sweetness and low caffeine. Featuring espresso shot, whole milk, ice."
796,Iced Espresso,coffee,iced,regular,medium,"[1,10,36]","['coffee', 'energy_boost']; augmented; temp_iced",0.7523210492294286,"Iced Espresso is a iced coffee drink with regular sweetness and medium caffeine. Featuring espresso shot, whole milk, ice."
797,Hot Espresso,coffee,hot,regular,medium,"[7,10,36]","['coffee', 'energy_boost']; augmented; ingredient_swap",0.7241614739601521,"Hot Espresso is a hot coffee drink with regular sweetness and medium caffeine. Featuring yogurt base, whole milk, ice."
798,Hot Espresso,coffee,hot,regular,medium,"[1,14,36]","['coffee', 'energy_boost']; augmented; ingredient_swap",0.7956937223180898,"Hot Espresso is a hot coffee drink with regular sweetness and medium caffeine. Featuring espresso shot, soy milk, ice."
799,Iced Espresso,coffee,iced,regular,medium,"[1,10,36]","['coffee', 'energy_boost']; augmented; temp_iced",0.7661673013105398,"Iced Espresso is a iced coffee drink with regular sweetness and medium caffeine. Featuring espresso shot, whole milk, ice."
800,Hot Espresso,coffee,hot,regular,medium,"[10,14,36,45]","['coffee', 'energy_boost']; augmented; swap_add",0.7188826153702063,"Hot Espresso is a hot coffee drink with regular sweetness and medium caffeine. Featuring whole milk, soy milk, ice, mango base."
801,Hot Espresso,coffee,hot,regular,medium,"[1,12,36]","['coffee', 'energy_boost']; augmented; ingredient_swap",0.7442898396574917,"Hot Espresso is a hot coffee drink with regular sweetness and medium caffeine. Featuring espresso shot, oat milk, ice."
802,Iced Espresso,coffee,iced,regular,medium,"[1,10,36]","['coffee', 'energy_boost']; augmented; temp_iced",0.7237314523984573,"Iced Espresso is a iced coffee drink with regular sweetness and medium caffeine. Featuring espresso shot, whole milk, ice."
803,Hot Espresso,coffee,hot,regular,medium,"[1,36,38]","['coffee', 'energy_boost']; augmented; ingredient_swap",0.70851600807107,"Hot Espresso is a hot coffee drink with regular sweetness and medium caffeine. Featuring espresso shot, ice, coconut milk."
804,Hot Skinny Latte (Any Flavour),coffee,hot,regular,low,"[1,10,36]",['coffee']; augmented; caffeine_low,0.7777853264259492,"Hot Skinny Latte (Any Flavour) is a hot coffee drink with regular sweetness and low caffeine. Featuring espresso shot, whole milk, ice."
805,Hot Skinny Latte (Any Flavour) (Half Sugar),coffee,hot,half,medium,"[1,10,36]",['coffee']; augmented; sugar_half,0.8072824992141039,"Hot Skinny Latte (Any Flavour) (Half Sugar) is a hot coffee drink with half sugar and medium caffeine. Featuring espresso shot, whole milk, ice."
806,Hot Skinny Latte (Any Flavour),coffee,hot,regular,medium,"[2,10,36]",['coffee']; augmented; ingredient_swap,0.7080429727854257,"Hot Skinny Latte (Any Flavour) is a hot coffee drink with regular sweetness and medium caffeine. Featuring cold brew coffee, whole milk, ice."
807,Hot Skinny Latte (Any Flavour) (Half Sugar),coffee,hot,half,medium,"[1,10,36]",['coffee']; augmented; sugar_half,0.7668890771007171,"Hot Skinny Latte (Any Flavour) (Half Sugar) is a hot coffee drink with half sugar and medium caffeine. Featuring espresso shot, whole milk, ice."
808,Hot Skinny Latte (Any Flavour),coffee,hot,regular,medium,"[1,36,38]",['coffee']; augmented; swap_add,0.7304807229263452,"Hot Skinny Latte (Any Flavour) is a hot coffee drink with regular sweetness and medium caffeine. Featuring espresso shot, ice, coconut milk."
809,Hot Skinny Latte (Any Flavour) (Half Sugar),coffee,hot,half,medium,"[1,10,36]",['coffee']; augmented; sugar_half,0.7353862384870591,"Hot Skinny Latte (Any Flavour) (Half Sugar) is a hot coffee drink with half sugar and medium caffeine. Featuring espresso shot, whole milk, ice."
810,Hot Skinny Latte (Any Flavour),coffee,hot,regular,medium,"[1,14,36]",['coffee']; augmented; swap_add,0.7322281822728339,"Hot Skinny Latte (Any Flavour) is a hot coffee drink with regular sweetness and medium caffeine. Featuring espresso shot, soy milk, ice."
811,Hot Skinny Latte (Any Flavour) (Extra Caffeine),coffee,hot,regular,high,"[1,14,36]",['coffee']; augmented; combo,0.7240802769096055,"Hot Skinny Latte (Any Flavour) (Extra Caffeine) is a hot coffee drink with regular sweetness and high caffeine. Featuring espresso shot, soy milk, ice."
812,Hot Skinny Latte (Any Flavour) (Extra Caffeine),coffee,hot,regular,high,"[1,10,36]",['coffee']; augmented; caffeine_high,0.7514556488383448,"Hot Skinny Latte (Any Flavour) (Extra Caffeine) is a hot coffee drink with regular sweetness and high caffeine. Featuring espresso shot, whole milk, ice."
813,"Hot Skinny Latte (Any Flavour) (Half Sugar, Extra Caffeine)",coffee,hot,half,high,"[1,35,36,38]",['coffee']; augmented; combo,0.7250714965076689,"Hot Skinny Latte (Any Flavour) (Half Sugar, Extra Caffeine) is a hot coffee drink with half sugar and high caffeine. Featuring espresso shot, java chips, ice, coconut milk."
814,Hot Skinny Latte (Any Flavour),coffee,hot,regular,medium,"[10,26,36,46]",['coffee']; augmented; swap_add,0.7581137047733951,"Hot Skinny Latte (Any Flavour) is a hot coffee drink with regular sweetness and medium caffeine. Featuring whole milk, matcha powder, ice, strawberry base."
815,Hot Skinny Latte (Any Flavour) (Zero Sugar),coffee,hot,zero,medium,"[1,10,36]",['coffee']; augmented; sugar_zero,0.7484928567165259,"Hot Skinny Latte (Any Flavour) (Zero Sugar) is a hot coffee drink with zero sugar and medium caffeine. Featuring espresso shot, whole milk, ice."
816,Iced Skinny Latte (Any Flavour),coffee,iced,regular,medium,"[1,10,36]",['coffee']; augmented; temp_iced,0.7428315585940077,"Iced Skinny Latte (Any Flavour) is a iced coffee drink with regular sweetness and medium caffeine. Featuring espresso shot, whole milk, ice."
817,Hot Skinny Latte (Any Flavour),coffee,hot,regular,medium,"[2,10,11,36]",['coffee']; augmented; swap_add,0.722773090138752,"Hot Skinny Latte (Any Flavour) is a hot coffee drink with regular sweetness and medium caffeine. Featuring cold brew coffee, whole milk, skim milk, ice."
818,Hot Skinny Latte (Any Flavour),coffee,hot,regular,medium,"[10,36,45]",['coffee']; augmented; ingredient_swap,0.73269686008295,"Hot Skinny Latte (Any Flavour) is a hot coffee drink with regular sweetness and medium caffeine. Featuring whole milk, ice, mango base."
819,Hot Skinny Latte (Any Flavour),coffee,hot,regular,medium,"[1,12,25,36]",['coffee']; augmented; swap_add,0.7726617367747727,"Hot Skinny Latte (Any Flavour) is a hot coffee drink with regular sweetness and medium caffeine. Featuring espresso shot, oat milk, chai spice mix, ice."
820,"Hot Skinny Latte (Any Flavour) (Half Sugar, Extra Caffeine)",coffee,hot,half,high,"[1,14,36]",['coffee']; augmented; combo,0.7650275156287314,"Hot Skinny Latte (Any Flavour) (Half Sugar, Extra Caffeine) is a hot coffee drink with half sugar and high caffeine. Featuring espresso shot, soy milk, ice."
821,Hot Skinny Latte (Any Flavour) (Extra Caffeine),coffee,hot,regular,high,"[1,10,36]",['coffee']; augmented; caffeine_high,0.7206733426560434,"Hot Skinny Latte (Any Flavour) (Extra Caffeine) is a hot coffee drink with regular sweetness and high caffeine. Featuring espresso shot, whole milk, ice."
822,Hot Skinny Latte (Any Flavour) (Extra Caffeine),coffee,hot,regular,high,"[1,12,28,36]",['coffee']; augmented; combo,0.7529799691628768,"Hot Skinny Latte (Any Flavour) (Extra Caffeine) is a hot coffee drink with regular sweetness and high caffeine. Featuring espresso shot, oat milk, strawberry pieces, ice."
823,Hot Skinny Latte (Any Flavour) (Extra Caffeine),coffee,hot,regular,high,"[1,10,36]",['coffee']; augmented; caffeine_high,0.7725416137011537,"Hot Skinny Latte (Any Flavour) (Extra Caffeine) is a hot coffee drink with regular sweetness and high caffeine. Featuring espresso shot, whole milk, ice."
824,"Hot Caramel Macchiato (Half Sugar, Extra Caffeine)",coffee,hot,half,high,"[7,10,16,36]",['coffee']; augmented; combo,0.6999178415663588,"Hot Caramel Macchiato (Half Sugar, Extra Caffeine) is a hot coffee drink with half sugar and high caffeine. Featuring yogurt base, whole milk, caramel syrup, ice."
825,Hot Caramel Macchiato (Half Sugar),coffee,hot,half,low,"[1,14,16,36]",['coffee']; augmented; combo,0.766300805771398,"Hot Caramel Macchiato (Half Sugar) is a hot coffee drink with half sugar and low caffeine. Featuring espresso shot, soy milk, caramel syrup, ice."
826,Hot Caramel Macchiato (Half Sugar),coffee,hot,half,medium,"[1,10,16,36]",['coffee']; augmented; sugar_half,0.7301212872316246,"Hot Caramel Macchiato (Half Sugar) is a hot coffee drink with half sugar and medium caffeine. Featuring espresso shot, whole milk, caramel syrup, ice."
827,Hot Caramel Macchiato,coffee,hot,regular,low,"[1,10,16,36]",['coffee']; augmented; caffeine_low,0.7671179600577948,"Hot Caramel Macchiato is a hot coffee drink with regular sweetness and low caffeine. Featuring espresso shot, whole milk, caramel syrup, ice."
828,Hot Caramel Macchiato (Extra Caffeine),coffee,hot,regular,high,"[1,10,16,36]",['coffee']; augmented; caffeine_high,0.7271022253037245,"Hot Caramel Macchiato (Extra Caffeine) is a hot coffee drink with regular sweetness and high caffeine. Featuring espresso shot, whole milk, caramel syrup, ice."
829,"Hot Caramel Macchiato (Half Sugar, Extra Caffeine)",coffee,hot,half,high,"[1,10,25,36,40]",['coffee']; augmented; combo,0.6958535369800645,"Hot Caramel Macchiato (Half Sugar, Extra Caffeine) is a hot coffee drink with half sugar and high caffeine. Featuring espresso shot, whole milk, chai spice mix, ice."
830,Hot Caramel Macchiato (Half Sugar),coffee,hot,half,medium,"[1,10,16,36]",['coffee']; augmented; sugar_half,0.7011737268635051,"Hot Caramel Macchiato (Half Sugar) is a hot coffee drink with half sugar and medium caffeine. Featuring espresso shot, whole milk, caramel syrup, ice."
831,Hot Caramel Macchiato (Half Sugar),coffee,hot,half,low,"[1,10,21,36,42]",['coffee']; augmented; combo,0.7514425483998415,"Hot Caramel Macchiato (Half Sugar) is a hot coffee drink with half sugar and low caffeine. Featuring espresso shot, whole milk, pumpkin spice syrup, ice."
832,Hot Caramel Macchiato (Extra Caffeine),coffee,hot,regular,high,"[1,10,16,36]",['coffee']; augmented; caffeine_high,0.7577916750516445,"Hot Caramel Macchiato (Extra Caffeine) is a hot coffee drink with regular sweetness and high caffeine. Featuring espresso shot, whole milk, caramel syrup, ice."
833,Iced Caramel Macchiato,coffee,iced,regular,medium,"[1,10,16,36]",['coffee']; augmented; temp_iced,0.7228705012468677,"Iced Caramel Macchiato is a iced coffee drink with regular sweetness and medium caffeine. Featuring espresso shot, whole milk, caramel syrup, ice."
834,Hot Caramel Macchiato (Zero Sugar),coffee,hot,zero,low,"[10,16,36,37]",['coffee']; augmented; combo,0.7691577737633212,"Hot Caramel Macchiato (Zero Sugar) is a hot coffee drink with zero sugar and low caffeine. Featuring whole milk, caramel syrup, ice, passion tea."
835,Hot Caramel Macchiato (Extra Caffeine),coffee,hot,regular,high,"[1,10,16,36]",['coffee']; augmented; caffeine_high,0.7001543981319313,"Hot Caramel Macchiato (Extra Caffeine) is a hot coffee drink with regular sweetness and high caffeine. Featuring espresso shot, whole milk, caramel syrup, ice."
836,Hot Caramel Macchiato,coffee,hot,regular,low,"[1,10,16,36]",['coffee']; augmented; caffeine_low,0.7480176060405805,"Hot Caramel Macchiato is a hot coffee drink with regular sweetness and low caffeine. Featuring espresso shot, whole milk, caramel syrup, ice."
837,Iced Caramel Macchiato,coffee,iced,regular,medium,"[1,10,16,36]",['coffee']; augmented; temp_iced,0.7136695140071263,"Iced Caramel Macchiato is a iced coffee drink with regular sweetness and medium caffeine. Featuring espresso shot, whole milk, caramel syrup, ice."
838,Hot Caramel Macchiato (Half Sugar),coffee,hot,half,low,"[1,10,18,36]",['coffee']; augmented; combo,0.7304449167659353,"Hot Caramel Macchiato (Half Sugar) is a hot coffee drink with half sugar and low caffeine. Featuring espresso shot, whole milk, classic simple syrup, ice."
839,Iced Caramel Macchiato,coffee,iced,regular,medium,"[1,10,16,36]",['coffee']; augmented; temp_iced,0.7514219601394925,"Iced Caramel Macchiato is a iced coffee drink with regular sweetness and medium caffeine. Featuring espresso shot, whole milk, caramel syrup, ice."
840,Hot Caramel Macchiato,coffee,hot,regular,medium,"[6,10,16,36]",['coffee']; augmented; ingredient_swap,0.7241875990414814,"Hot Caramel Macchiato is a hot coffee drink with regular sweetness and medium caffeine. Featuring black tea, whole milk, caramel syrup, ice."
841,Iced Caramel Macchiato,coffee,iced,regular,medium,"[1,10,16,36]",['coffee']; augmented; temp_iced,0.7384633336731052,"Iced Caramel Macchiato is a iced coffee drink with regular sweetness and medium caffeine. Featuring espresso shot, whole milk, caramel syrup, ice."
842,Iced Caramel Macchiato,coffee,iced,regular,medium,"[1,10,16,36]",['coffee']; augmented; temp_iced,0.7801887842764332,"Iced Caramel Macchiato is a iced coffee drink with regular sweetness and medium caffeine. Featuring espresso shot, whole milk, caramel syrup, ice."
843,Hot Caramel Macchiato,coffee,hot,regular,low,"[1,10,16,36]",['coffee']; augmented; caffeine_low,0.7326932439143056,"Hot Caramel Macchiato is a hot coffee drink with regular sweetness and low caffeine. Featuring espresso shot, whole milk, caramel syrup, ice."
844,Hot Caramel Macchiato (Extra Caffeine),coffee,hot,regular,high,"[1,10,16,36]",['coffee']; augmented; caffeine_high,0.7750707633619542,"Hot Caramel Macchiato (Extra Caffeine) is a hot coffee drink with regular sweetness and high caffeine. Featuring espresso shot, whole milk, caramel syrup, ice."
845,Hot Caramel Macchiato,coffee,hot,regular,medium,"[1,12,16,36]",['coffee']; augmented; ingredient_swap,0.7161087943602714,"Hot Caramel Macchiato is a hot coffee drink with regular sweetness and medium caffeine. Featuring espresso shot, oat milk, caramel syrup, ice."
846,Hot Caramel Macchiato,coffee,hot,regular,medium,"[5,10,16,36]",['coffee']; augmented; swap_add,0.7658941253374585,"Hot Caramel Macchiato is a hot coffee drink with regular sweetness and medium caffeine. Featuring green tea, whole milk, caramel syrup, ice."
847,Hot Caramel Macchiato,coffee,hot,regular,low,"[1,10,16,36]",['coffee']; augmented; caffeine_low,0.793247058619737,"Hot Caramel Macchiato is a hot coffee drink with regular sweetness and low caffeine. Featuring espresso shot, whole milk, caramel syrup, ice."
848,"Hot Caramel Macchiato (Half Sugar, Extra Caffeine)",coffee,hot,half,high,"[1,11,16,36]",['coffee']; augmented; combo,0.6758506649961813,"Hot Caramel Macchiato (Half Sugar, Extra Caffeine) is a hot coffee drink with half sugar and high caffeine. Featuring espresso shot, skim milk, caramel syrup, ice."
849,Hot Caramel Macchiato,coffee,hot,regular,low,"[1,10,16,36]",['coffee']; augmented; caffeine_low,0.7260931423358857,"Hot Caramel Macchiato is a hot coffee drink with regular sweetness and low caffeine. Featuring espresso shot, whole milk, caramel syrup, ice."
850,Hot Caramel Macchiato (Half Sugar),coffee,hot,half,medium,"[1,10,16,36]",['coffee']; augmented; sugar_half,0.7673121638154162,"Hot Caramel Macchiato (Half Sugar) is a hot coffee drink with half sugar and medium caffeine. Featuring espresso shot, whole milk, caramel syrup, ice."
851,"Hot Caramel Macchiato (Half Sugar, Extra Caffeine)",coffee,hot,half,high,"[1,9,10,36,42]",['coffee']; augmented; combo,0.7439086384187102,"Hot Caramel Macchiato (Half Sugar, Extra Caffeine) is a hot coffee drink with half sugar and high caffeine. Featuring espresso shot, coconut water, whole milk, ice."
852,Hot Caramel Macchiato,coffee,hot,regular,low,"[1,10,16,36]",['coffee']; augmented; caffeine_low,0.7611343762011392,"Hot Caramel Macchiato is a hot coffee drink with regular sweetness and low caffeine. Featuring espresso shot, whole milk, caramel syrup, ice."
853,Iced Caramel Macchiato,coffee,iced,regular,medium,"[1,10,16,36]",['coffee']; augmented; temp_iced,0.7318804443985254,"Iced Caramel Macchiato is a iced coffee drink with regular sweetness and medium caffeine. Featuring espresso shot, whole milk, caramel syrup, ice."
854,Hot Caramel Macchiato (Extra Caffeine),coffee,hot,regular,high,"[1,10,16,36]",['coffee']; augmented; caffeine_high,0.752597693624187,"Hot Caramel Macchiato (Extra Caffeine) is a hot coffee drink with regular sweetness and high caffeine. Featuring espresso shot, whole milk, caramel syrup, ice."
855,Hot Caramel Macchiato (Half Sugar),coffee,hot,half,medium,"[1,10,16,36]",['coffee']; augmented; sugar_half,0.7453296829382376,"Hot Caramel Macchiato (Half Sugar) is a hot coffee drink with half sugar and medium caffeine. Featuring espresso shot, whole milk, caramel syrup, ice."
856,Hot Caramel Macchiato (Extra Caffeine),coffee,hot,regular,high,"[1,10,16,36]",['coffee']; augmented; caffeine_high,0.7850334618497942,"Hot Caramel Macchiato (Extra Caffeine) is a hot coffee drink with regular sweetness and high caffeine. Featuring espresso shot, whole milk, caramel syrup, ice."
857,Hot Caramel Macchiato,coffee,hot,regular,low,"[1,10,16,36]",['coffee']; augmented; caffeine_low,0.7576326252990364,"Hot Caramel Macchiato is a hot coffee drink with regular sweetness and low caffeine. Featuring espresso shot, whole milk, caramel syrup, ice."
858,Hot Caramel Macchiato (Extra Caffeine),coffee,hot,regular,high,"[1,10,16,36]",['coffee']; augmented; caffeine_high,0.7601280798622561,"Hot Caramel Macchiato (Extra Caffeine) is a hot coffee drink with regular sweetness and high caffeine. Featuring espresso shot, whole milk, caramel syrup, ice."
859,Hot Caramel Macchiato (Half Sugar),coffee,hot,half,low,"[4,10,16,25,36]",['coffee']; augmented; combo,0.737643691016326,"Hot Caramel Macchiato (Half Sugar) is a hot coffee drink with half sugar and low caffeine. Featuring creme base, whole milk, caramel syrup, chai spice mix."
860,"Hot Caramel Macchiato (Half Sugar, Extra Caffeine)",coffee,hot,half,high,"[5,10,16,36]",['coffee']; augmented; combo,0.7353718132778252,"Hot Caramel Macchiato (Half Sugar, Extra Caffeine) is a hot coffee drink with half sugar and high caffeine. Featuring green tea, whole milk, caramel syrup, ice."
861,Hot Caramel Macchiato,coffee,hot,regular,medium,"[1,10,36,43]",['coffee']; augmented; ingredient_swap,0.7370232543654114,"Hot Caramel Macchiato is a hot coffee drink with regular sweetness and medium caffeine. Featuring espresso shot, whole milk, ice, sugar cookie syrup."
862,Hot Caramel Macchiato,coffee,hot,regular,medium,"[10,16,36,45]",['coffee']; augmented; swap_add,0.7618335642713489,"Hot Caramel Macchiato is a hot coffee drink with regular sweetness and medium caffeine. Featuring whole milk, caramel syrup, ice, mango base."
863,Hot Caramel Macchiato,coffee,hot,regular,medium,"[1,12,16,23,36]",['coffee']; augmented; swap_add,0.7373704655753921,"Hot Caramel Macchiato is a hot coffee drink with regular sweetness and medium caffeine. Featuring espresso shot, oat milk, caramel syrup, nutmeg powder."
864,Hot Caramel Macchiato,coffee,hot,regular,medium,"[3,10,16,36]",['coffee']; augmented; swap_add,0.7586932457068923,"Hot Caramel Macchiato is a hot coffee drink with regular sweetness and medium caffeine. Featuring brewed coffee, whole milk, caramel syrup, ice."
865,Iced Caramel Macchiato,coffee,iced,regular,medium,"[1,10,16,36]",['coffee']; augmented; temp_iced,0.8122620239593632,"Iced Caramel Macchiato is a iced coffee drink with regular sweetness and medium caffeine. Featuring espresso shot, whole milk, caramel syrup, ice."
866,Iced Caramel Macchiato,coffee,iced,regular,medium,"[1,10,16,36]",['coffee']; augmented; temp_iced,0.7761337411029507,"Iced Caramel Macchiato is a iced coffee drink with regular sweetness and medium caffeine. Featuring espresso shot, whole milk, caramel syrup, ice."
867,Hot Caramel Macchiato,coffee,hot,regular,medium,"[1,6,16,36,38]",['coffee']; augmented; swap_add,0.7402192940349648,"Hot Caramel Macchiato is a hot coffee drink with regular sweetness and medium caffeine. Featuring espresso shot, black tea, caramel syrup, ice."
868,Hot Caramel Macchiato,coffee,hot,regular,medium,"[10,16,26,36,47]",['coffee']; augmented; swap_add,0.7860364176649184,"Hot Caramel Macchiato is a hot coffee drink with regular sweetness and medium caffeine. Featuring whole milk, caramel syrup, matcha powder, ice."
869,Iced Caramel Macchiato,coffee,iced,regular,medium,"[1,10,16,36]",['coffee']; augmented; temp_iced,0.7377577388093535,"Iced Caramel Macchiato is a iced coffee drink with regular sweetness and medium caffeine. Featuring espresso shot, whole milk, caramel syrup, ice."
870,Hot Caramel Macchiato,coffee,hot,regular,medium,"[10,13,16,36,37]",['coffee']; augmented; swap_add,0.6888562639446644,"Hot Caramel Macchiato is a hot coffee drink with regular sweetness and medium caffeine. Featuring whole milk, almond milk, caramel syrup, ice."
871,Hot Caramel Macchiato,coffee,hot,regular,medium,"[1,10,36,42]",['coffee']; augmented; swap_add,0.7197574106724779,"Hot Caramel Macchiato is a hot coffee drink with regular sweetness and medium caffeine. Featuring espresso shot, whole milk, ice, sugar free syrup."
872,"Hot Caramel Macchiato (Half Sugar, Extra Caffeine)",coffee,hot,half,high,"[1,10,12,36,41]",['coffee']; augmented; combo,0.6938762423692243,"Hot Caramel Macchiato (Half Sugar, Extra Caffeine) is a hot coffee drink with half sugar and high caffeine. Featuring espresso shot, whole milk, oat milk, ice."
873,Hot Caramel Macchiato (Half Sugar),coffee,hot,half,low,"[1,3,10,15,36]",['coffee']; augmented; combo,0.7394545954787607,"Hot Caramel Macchiato (Half Sugar) is a hot coffee drink with half sugar and low caffeine. Featuring espresso shot, brewed coffee, whole milk, vanilla syrup."
874,Hot Caramel Macchiato (Extra Caffeine),coffee,hot,regular,high,"[10,16,36,37]",['coffee']; augmented; combo,0.7505525513756865,"Hot Caramel Macchiato (Extra Caffeine) is a hot coffee drink with regular sweetness and high caffeine. Featuring whole milk, caramel syrup, ice, passion tea."
875,Hot Caramel Macchiato,coffee,hot,regular,medium,"[10,16,36,47]",['coffee']; augmented; ingredient_swap,0.8002931193682585,"Hot Caramel Macchiato is a hot coffee drink with regular sweetness and medium caffeine. Featuring whole milk, caramel syrup, ice, lemonade."
876,"Hot Caramel Macchiato (Zero Sugar, Extra Caffeine)",coffee,hot,zero,high,"[1,10,36,40,47]",['coffee']; augmented; combo,0.7598078212129249,"Hot Caramel Macchiato (Zero Sugar, Extra Caffeine) is a hot coffee drink with zero sugar and high caffeine. Featuring espresso shot, whole milk, ice, peppermint syrup."
877,Hot Caramel Macchiato (Zero Sugar),coffee,hot,zero,medium,"[1,10,16,36]",['coffee']; augmented; sugar_zero,0.743426984135734,"Hot Caramel Macchiato (Zero Sugar) is a hot coffee drink with zero sugar and medium caffeine. Featuring espresso shot, whole milk, caramel syrup, ice."
878,Hot Caramel Macchiato (Extra Caffeine),coffee,hot,regular,high,"[1,10,16,36]",['coffee']; augmented; caffeine_high,0.7748821674355046,"Hot Caramel Macchiato (Extra Caffeine) is a hot coffee drink with regular sweetness and high caffeine. Featuring espresso shot, whole milk, caramel syrup, ice."
879,"Hot Caramel Macchiato (Half Sugar, Extra Caffeine)",coffee,hot,half,high,"[1,10,28,36,39]",['coffee']; augmented; combo,0.6836659407297634,"Hot Caramel Macchiato (Half Sugar, Extra Caffeine) is a hot coffee drink with half sugar and high caffeine. Featuring espresso shot, whole milk, strawberry pieces, ice."
880,"Hot Caramel Macchiato (Zero Sugar, Extra Caffeine)",coffee,hot,zero,high,"[1,12,16,36,40]",['coffee']; augmented; combo,0.757068436743257,"Hot Caramel Macchiato (Zero Sugar, Extra Caffeine) is a hot coffee drink with zero sugar and high caffeine. Featuring espresso shot, oat milk, caramel syrup, ice."
881,Iced Caramel Macchiato,coffee,iced,regular,medium,"[1,10,16,36]",['coffee']; augmented; temp_iced,0.773125955816609,"Iced Caramel Macchiato is a iced coffee drink with regular sweetness and medium caffeine. Featuring espresso shot, whole milk, caramel syrup, ice."
882,Hot Caramel Macchiato,coffee,hot,regular,medium,"[1,12,16,36]",['coffee']; augmented; ingredient_swap,0.7056424126266048,"Hot Caramel Macchiato is a hot coffee drink with regular sweetness and medium caffeine. Featuring espresso shot, oat milk, caramel syrup, ice."
883,"Hot Caramel Macchiato (Half Sugar, Extra Caffeine)",coffee,hot,half,high,"[1,10,15,28,36]",['coffee']; augmented; combo,0.7843126212962078,"Hot Caramel Macchiato (Half Sugar, Extra Caffeine) is a hot coffee drink with half sugar and high caffeine. Featuring espresso shot, whole milk, vanilla syrup, strawberry pieces."
884,"Hot White Chocolate Mocha (Without Whipped Cream) (Half Sugar, Extra Caffeine)",coffee,hot,half,high,"[10,17,19,36]","['coffee', 'dessert']; augmented; combo",0.7601548922248325,"Hot White Chocolate Mocha (Without Whipped Cream) (Half Sugar, Extra Caffeine) is a hot coffee drink with half sugar and high caffeine. Featuring whole milk, hazelnut syrup, chocolate syrup, ice."
885,Hot White Chocolate Mocha (Without Whipped Cream),coffee,hot,regular,medium,"[10,19,24,36]","['coffee', 'dessert']; augmented; swap_add",0.737541362582976,"Hot White Chocolate Mocha (Without Whipped Cream) is a hot coffee drink with regular sweetness and medium caffeine. Featuring whole milk, chocolate syrup, cinnamon powder, ice."
886,"Hot White Chocolate Mocha (Without Whipped Cream) (Half Sugar, Extra Caffeine)",coffee,hot,half,high,"[10,19,36,42]","['coffee', 'dessert']; augmented; combo",0.7689834559831885,"Hot White Chocolate Mocha (Without Whipped Cream) (Half Sugar, Extra Caffeine) is a hot coffee drink with half sugar and high caffeine. Featuring whole milk, chocolate syrup, ice, sugar free syrup."
887,Hot White Chocolate Mocha (Without Whipped Cream),coffee,hot,regular,medium,"[11,14,19,20,36]","['coffee', 'dessert']; augmented; swap_add",0.8181207857341318,"Hot White Chocolate Mocha (Without Whipped Cream) is a hot coffee drink with regular sweetness and medium caffeine. Featuring skim milk, soy milk, chocolate syrup, white chocolate syrup."
888,Hot White Chocolate Mocha (Without Whipped Cream),coffee,hot,regular,medium,"[12,19,20,33,36]","['coffee', 'dessert']; augmented; swap_add",0.7554559876517548,"Hot White Chocolate Mocha (Without Whipped Cream) is a hot coffee drink with regular sweetness and medium caffeine. Featuring oat milk, chocolate syrup, white chocolate syrup, whipped cream."
889,Hot White Chocolate Mocha (Without Whipped Cream),coffee,hot,regular,medium,"[10,19,22,36]","['coffee', 'dessert']; augmented; ingredient_swap",0.7574466175890101,"Hot White Chocolate Mocha (Without Whipped Cream) is a hot coffee drink with regular sweetness and medium caffeine. Featuring whole milk, chocolate syrup, brown sugar syrup, ice."
890,Hot White Chocolate Mocha (Without Whipped Cream),coffee,hot,regular,medium,"[10,18,19,32,36]","['coffee', 'dessert']; augmented; swap_add",0.7362191730137927,"Hot White Chocolate Mocha (Without Whipped Cream) is a hot coffee drink with regular sweetness and medium caffeine. Featuring whole milk, classic simple syrup, chocolate syrup, peach puree."
891,Iced White Chocolate Mocha (Without Whipped Cream),coffee,iced,regular,medium,"[10,19,20,36]","['coffee', 'dessert']; augmented; temp_iced",0.7245046689160562,"Iced White Chocolate Mocha (Without Whipped Cream) is a iced coffee drink with regular sweetness and medium caffeine. Featuring whole milk, chocolate syrup, white chocolate syrup, ice."
892,Hot White Chocolate Mocha (Without Whipped Cream),coffee,hot,regular,medium,"[19,20,36,38]","['coffee', 'dessert']; augmented; ingredient_swap",0.7749100744963273,"Hot White Chocolate Mocha (Without Whipped Cream) is a hot coffee drink with regular sweetness and medium caffeine. Featuring chocolate syrup, white chocolate syrup, ice, coconut milk."
893,"Hot White Chocolate Mocha (Without Whipped Cream) (Zero Sugar, Extra Caffeine)",coffee,hot,zero,high,"[6,11,19,20,36]","['coffee', 'dessert']; augmented; combo",0.724317485222734,"Hot White Chocolate Mocha (Without Whipped Cream) (Zero Sugar, Extra Caffeine) is a hot coffee drink with zero sugar and high caffeine. Featuring black tea, skim milk, chocolate syrup, white chocolate syrup."
894,Hot White Chocolate Mocha (Without Whipped Cream),coffee,hot,regular,medium,"[10,19,36]","['coffee', 'dessert']; augmented; ingredient_swap",0.7521469871165818,"Hot White Chocolate Mocha (Without Whipped Cream) is a hot coffee drink with regular sweetness and medium caffeine. Featuring whole milk, chocolate syrup, ice."
895,Iced White Chocolate Mocha (Without Whipped Cream),coffee,iced,regular,medium,"[10,19,20,36]","['coffee', 'dessert']; augmented; temp_iced",0.7356702765970465,"Iced White Chocolate Mocha (Without Whipped Cream) is a iced coffee drink with regular sweetness and medium caffeine. Featuring whole milk, chocolate syrup, white chocolate syrup, ice."
896,Hot White Chocolate Mocha (Without Whipped Cream),coffee,hot,regular,medium,"[10,19,20,36]","['coffee', 'dessert']; augmented; sugar_regular",0.7643693947723917,"Hot White Chocolate Mocha (Without Whipped Cream) is a hot coffee drink with regular sweetness and medium caffeine. Featuring whole milk, chocolate syrup, white chocolate syrup, ice."
897,Iced White Chocolate Mocha (Without Whipped Cream),coffee,iced,regular,medium,"[10,19,20,36]","['coffee', 'dessert']; augmented; temp_iced",0.7600098631586084,"Iced White Chocolate Mocha (Without Whipped Cream) is a iced coffee drink with regular sweetness and medium caffeine. Featuring whole milk, chocolate syrup, white chocolate syrup, ice."
898,Hot White Chocolate Mocha (Without Whipped Cream) (Half Sugar),coffee,hot,half,low,"[10,18,19,36]","['coffee', 'dessert']; augmented; combo",0.781126198327737,"Hot White Chocolate Mocha (Without Whipped Cream) (Half Sugar) is a hot coffee drink with half sugar and low caffeine. Featuring whole milk, classic simple syrup, chocolate syrup, ice."
899,Hot White Chocolate Mocha (Without Whipped Cream) (Extra Caffeine),coffee,hot,regular,high,"[10,19,20,36]","['coffee', 'dessert']; augmented; caffeine_high",0.7346995080343576,"Hot White Chocolate Mocha (Without Whipped Cream) (Extra Caffeine) is a hot coffee drink with regular sweetness and high caffeine. Featuring whole milk, chocolate syrup, white chocolate syrup, ice."
900,Hot White Chocolate Mocha (Without Whipped Cream),coffee,hot,regular,medium,"[13,19,20,36]","['coffee', 'dessert']; augmented; ingredient_swap",0.7419037519411988,"Hot White Chocolate Mocha (Without Whipped Cream) is a hot coffee drink with regular sweetness and medium caffeine. Featuring almond milk, chocolate syrup, white chocolate syrup, ice."
901,Hot White Chocolate Mocha (Without Whipped Cream) (Extra Caffeine),coffee,hot,regular,high,"[10,19,20,36]","['coffee', 'dessert']; augmented; caffeine_high",0.7206370885265307,"Hot White Chocolate Mocha (Without Whipped Cream) (Extra Caffeine) is a hot coffee drink with regular sweetness and high caffeine. Featuring whole milk, chocolate syrup, white chocolate syrup, ice."
902,Hot White Chocolate Mocha (Without Whipped Cream),coffee,hot,regular,medium,"[10,19,21,36]","['coffee', 'dessert']; augmented; ingredient_swap",0.7366712021977166,"Hot White Chocolate Mocha (Without Whipped Cream) is a hot coffee drink with regular sweetness and medium caffeine. Featuring whole milk, chocolate syrup, pumpkin spice syrup, ice."
903,Hot White Chocolate Mocha (Without Whipped Cream) (Half Sugar),coffee,hot,half,medium,"[10,19,20,36]","['coffee', 'dessert']; augmented; sugar_half",0.7613190147913456,"Hot White Chocolate Mocha (Without Whipped Cream) (Half Sugar) is a hot coffee drink with half sugar and medium caffeine. Featuring whole milk, chocolate syrup, white chocolate syrup, ice."
904,Hot White Chocolate Mocha (Without Whipped Cream),coffee,hot,regular,medium,"[10,20,36,43]","['coffee', 'dessert']; augmented; ingredient_swap",0.7727096584993606,"Hot White Chocolate Mocha (Without Whipped Cream) is a hot coffee drink with regular sweetness and medium caffeine. Featuring whole milk, white chocolate syrup, ice, sugar cookie syrup."
905,Hot White Chocolate Mocha (Without Whipped Cream) (Half Sugar),coffee,hot,half,medium,"[10,19,20,36]","['coffee', 'dessert']; augmented; sugar_half",0.7223350402746712,"Hot White Chocolate Mocha (Without Whipped Cream) (Half Sugar) is a hot coffee drink with half sugar and medium caffeine. Featuring whole milk, chocolate syrup, white chocolate syrup, ice."
906,Hot White Chocolate Mocha (Without Whipped Cream),coffee,hot,regular,medium,"[7,12,19,20,36]","['coffee', 'dessert']; augmented; swap_add",0.7760881776031698,"Hot White Chocolate Mocha (Without Whipped Cream) is a hot coffee drink with regular sweetness and medium caffeine. Featuring yogurt base, oat milk, chocolate syrup, white chocolate syrup."
907,Hot White Chocolate Mocha (Without Whipped Cream),coffee,hot,regular,medium,"[10,19,34,36,40]","['coffee', 'dessert']; augmented; swap_add",0.7906691357641485,"Hot White Chocolate Mocha (Without Whipped Cream) is a hot coffee drink with regular sweetness and medium caffeine. Featuring whole milk, chocolate syrup, cold foam, ice."
908,Hot White Chocolate Mocha (Without Whipped Cream) (Extra Caffeine),coffee,hot,regular,high,"[10,19,20,36]","['coffee', 'dessert']; augmented; caffeine_high",0.762403047096711,"Hot White Chocolate Mocha (Without Whipped Cream) (Extra Caffeine) is a hot coffee drink with regular sweetness and high caffeine. Featuring whole milk, chocolate syrup, white chocolate syrup, ice."
909,"Hot White Chocolate Mocha (Without Whipped Cream) (Half Sugar, Extra Caffeine)",coffee,hot,half,high,"[13,19,20,35,36]","['coffee', 'dessert']; augmented; combo",0.806303874376742,"Hot White Chocolate Mocha (Without Whipped Cream) (Half Sugar, Extra Caffeine) is a hot coffee drink with half sugar and high caffeine. Featuring almond milk, chocolate syrup, white chocolate syrup, java chips."
910,Hot White Chocolate Mocha (Without Whipped Cream),coffee,hot,regular,medium,"[10,20,36,40]","['coffee', 'dessert']; augmented; ingredient_swap",0.7267863240268928,"Hot White Chocolate Mocha (Without Whipped Cream) is a hot coffee drink with regular sweetness and medium caffeine. Featuring whole milk, white chocolate syrup, ice, peppermint syrup."
911,Iced White Chocolate Mocha (Without Whipped Cream),coffee,iced,regular,medium,"[10,19,20,36]","['coffee', 'dessert']; augmented; temp_iced",0.7126603589006575,"Iced White Chocolate Mocha (Without Whipped Cream) is a iced coffee drink with regular sweetness and medium caffeine. Featuring whole milk, chocolate syrup, white chocolate syrup, ice."
912,Iced White Chocolate Mocha (Without Whipped Cream),coffee,iced,regular,medium,"[10,19,20,36]","['coffee', 'dessert']; augmented; temp_iced",0.6966383925328716,"Iced White Chocolate Mocha (Without Whipped Cream) is a iced coffee drink with regular sweetness and medium caffeine. Featuring whole milk, chocolate syrup, white chocolate syrup, ice."
913,Hot White Chocolate Mocha (Without Whipped Cream) (Half Sugar),coffee,hot,half,low,"[1,12,19,20,36]","['coffee', 'dessert']; augmented; combo",0.7948813293446755,"Hot White Chocolate Mocha (Without Whipped Cream) (Half Sugar) is a hot coffee drink with half sugar and low caffeine. Featuring espresso shot, oat milk, chocolate syrup, white chocolate syrup."
914,Hot White Chocolate Mocha (Without Whipped Cream) (Half Sugar),coffee,hot,half,medium,"[10,19,20,36]","['coffee', 'dessert']; augmented; sugar_half",0.7696309696906217,"Hot White Chocolate Mocha (Without Whipped Cream) (Half Sugar) is a hot coffee drink with half sugar and medium caffeine. Featuring whole milk, chocolate syrup, white chocolate syrup, ice."
915,Hot White Chocolate Mocha (Without Whipped Cream),coffee,hot,regular,low,"[10,19,20,36]","['coffee', 'dessert']; augmented; caffeine_low",0.7483324598726864,"Hot White Chocolate Mocha (Without Whipped Cream) is a hot coffee drink with regular sweetness and low caffeine. Featuring whole milk, chocolate syrup, white chocolate syrup, ice."
916,Hot White Chocolate Mocha (Without Whipped Cream),coffee,hot,regular,medium,"[11,19,20,26,36]","['coffee', 'dessert']; augmented; swap_add",0.7583990587895946,"Hot White Chocolate Mocha (Without Whipped Cream) is a hot coffee drink with regular sweetness and medium caffeine. Featuring skim milk, chocolate syrup, white chocolate syrup, matcha powder."
917,Iced White Chocolate Mocha (Without Whipped Cream),coffee,iced,regular,medium,"[10,19,20,36]","['coffee', 'dessert']; augmented; temp_iced",0.7162353285810487,"Iced White Chocolate Mocha (Without Whipped Cream) is a iced coffee drink with regular sweetness and medium caffeine. Featuring whole milk, chocolate syrup, white chocolate syrup, ice."
918,Iced White Chocolate Mocha (Without Whipped Cream),coffee,iced,regular,medium,"[10,19,20,36]","['coffee', 'dessert']; augmented; temp_iced",0.8233725593885048,"Iced White Chocolate Mocha (Without Whipped Cream) is a iced coffee drink with regular sweetness and medium caffeine. Featuring whole milk, chocolate syrup, white chocolate syrup, ice."
919,Hot White Chocolate Mocha (Without Whipped Cream),coffee,hot,regular,medium,"[11,19,20,35,36]","['coffee', 'dessert']; augmented; swap_add",0.7538766354592569,"Hot White Chocolate Mocha (Without Whipped Cream) is a hot coffee drink with regular sweetness and medium caffeine. Featuring skim milk, chocolate syrup, white chocolate syrup, java chips."
920,Hot White Chocolate Mocha (Without Whipped Cream),coffee,hot,regular,medium,"[10,16,20,36]","['coffee', 'dessert']; augmented; ingredient_swap",0.7532818438381468,"Hot White Chocolate Mocha (Without Whipped Cream) is a hot coffee drink with regular sweetness and medium caffeine. Featuring whole milk, caramel syrup, white chocolate syrup, ice."
921,Hot White Chocolate Mocha (Without Whipped Cream),coffee,hot,regular,medium,"[10,18,20,36,44]","['coffee', 'dessert']; augmented; swap_add",0.7717729987169608,"Hot White Chocolate Mocha (Without Whipped Cream) is a hot coffee drink with regular sweetness and medium caffeine. Featuring whole milk, classic simple syrup, white chocolate syrup, ice."
922,Hot White Chocolate Mocha (Without Whipped Cream) (Extra Caffeine),coffee,hot,regular,high,"[10,19,20,36]","['coffee', 'dessert']; augmented; caffeine_high",0.7644302769521014,"Hot White Chocolate Mocha (Without Whipped Cream) (Extra Caffeine) is a hot coffee drink with regular sweetness and high caffeine. Featuring whole milk, chocolate syrup, white chocolate syrup, ice."
923,Hot White Chocolate Mocha (Without Whipped Cream),coffee,hot,regular,medium,"[10,19,22,36]","['coffee', 'dessert']; augmented; ingredient_swap",0.7567165207283739,"Hot White Chocolate Mocha (Without Whipped Cream) is a hot coffee drink with regular sweetness and medium caffeine. Featuring whole milk, chocolate syrup, brown sugar syrup, ice."
924,Hot White Chocolate Mocha (Without Whipped Cream),coffee,hot,regular,medium,"[10,20,36]","['coffee', 'dessert']; augmented; ingredient_swap",0.7262857663366407,"Hot White Chocolate Mocha (Without Whipped Cream) is a hot coffee drink with regular sweetness and medium caffeine. Featuring whole milk, white chocolate syrup, ice."
925,Hot White Chocolate Mocha (Without Whipped Cream) (Zero Sugar),coffee,hot,zero,low,"[10,19,22,36]","['coffee', 'dessert']; augmented; combo",0.7641440507140799,"Hot White Chocolate Mocha (Without Whipped Cream) (Zero Sugar) is a hot coffee drink with zero sugar and low caffeine. Featuring whole milk, chocolate syrup, brown sugar syrup, ice."
926,Hot White Chocolate Mocha (Without Whipped Cream) (Half Sugar),coffee,hot,half,low,"[10,19,22,36]","['coffee', 'dessert']; augmented; combo",0.806460734894251,"Hot White Chocolate Mocha (Without Whipped Cream) (Half Sugar) is a hot coffee drink with half sugar and low caffeine. Featuring whole milk, chocolate syrup, brown sugar syrup, ice."
927,Hot White Chocolate Mocha (Without Whipped Cream),coffee,hot,regular,low,"[10,19,20,36]","['coffee', 'dessert']; augmented; caffeine_low",0.7903626013846493,"Hot White Chocolate Mocha (Without Whipped Cream) is a hot coffee drink with regular sweetness and low caffeine. Featuring whole milk, chocolate syrup, white chocolate syrup, ice."
928,Hot White Chocolate Mocha (Without Whipped Cream),coffee,hot,regular,medium,"[10,18,20,36]","['coffee', 'dessert']; augmented; swap_add",0.7977955987991819,"Hot White Chocolate Mocha (Without Whipped Cream) is a hot coffee drink with regular sweetness and medium caffeine. Featuring whole milk, classic simple syrup, white chocolate syrup, ice."
929,"Hot White Chocolate Mocha (Without Whipped Cream) (Half Sugar, Extra Caffeine)",coffee,hot,half,high,"[10,20,36,42]","['coffee', 'dessert']; augmented; combo",0.7346635297070645,"Hot White Chocolate Mocha (Without Whipped Cream) (Half Sugar, Extra Caffeine) is a hot coffee drink with half sugar and high caffeine. Featuring whole milk, white chocolate syrup, ice, sugar free syrup."
930,Hot White Chocolate Mocha (Without Whipped Cream),coffee,hot,regular,medium,"[10,20,21,36,45]","['coffee', 'dessert']; augmented; swap_add",0.7203118553922426,"Hot White Chocolate Mocha (Without Whipped Cream) is a hot coffee drink with regular sweetness and medium caffeine. Featuring whole milk, white chocolate syrup, pumpkin spice syrup, ice."
931,Hot White Chocolate Mocha (Without Whipped Cream),coffee,hot,regular,medium,"[10,19,20,36]","['coffee', 'dessert']; augmented; sugar_regular",0.7462263923970106,"Hot White Chocolate Mocha (Without Whipped Cream) is a hot coffee drink with regular sweetness and medium caffeine. Featuring whole milk, chocolate syrup, white chocolate syrup, ice."
932,Hot White Chocolate Mocha (Without Whipped Cream),coffee,hot,regular,medium,"[10,17,19,36]","['coffee', 'dessert']; augmented; ingredient_swap",0.7516717473686608,"Hot White Chocolate Mocha (Without Whipped Cream) is a hot coffee drink with regular sweetness and medium caffeine. Featuring whole milk, hazelnut syrup, chocolate syrup, ice."
933,Hot White Chocolate Mocha (Without Whipped Cream),coffee,hot,regular,medium,"[10,19,36,42]","['coffee', 'dessert']; augmented; swap_add",0.7828257455541284,"Hot White Chocolate Mocha (Without Whipped Cream) is a hot coffee drink with regular sweetness and medium caffeine. Featuring whole milk, chocolate syrup, ice, sugar free syrup."
934,Hot White Chocolate Mocha (Without Whipped Cream) (Extra Caffeine),coffee,hot,regular,high,"[10,19,20,36]","['coffee', 'dessert']; augmented; caffeine_high",0.6992260611085555,"Hot White Chocolate Mocha (Without Whipped Cream) (Extra Caffeine) is a hot coffee drink with regular sweetness and high caffeine. Featuring whole milk, chocolate syrup, white chocolate syrup, ice."
935,Hot White Chocolate Mocha (Without Whipped Cream) (Half Sugar),coffee,hot,half,low,"[6,11,19,20,36]","['coffee', 'dessert']; augmented; combo",0.7958865095838185,"Hot White Chocolate Mocha (Without Whipped Cream) (Half Sugar) is a hot coffee drink with half sugar and low caffeine. Featuring black tea, skim milk, chocolate syrup, white chocolate syrup."
936,Hot White Chocolate Mocha (Without Whipped Cream) (Extra Caffeine),coffee,hot,regular,high,"[10,19,20,36]","['coffee', 'dessert']; augmented; caffeine_high",0.7452597630426303,"Hot White Chocolate Mocha (Without Whipped Cream) (Extra Caffeine) is a hot coffee drink with regular sweetness and high caffeine. Featuring whole milk, chocolate syrup, white chocolate syrup, ice."
937,Hot White Chocolate Mocha (Without Whipped Cream),coffee,hot,regular,low,"[10,19,20,36]","['coffee', 'dessert']; augmented; caffeine_low",0.7371935679015774,"Hot White Chocolate Mocha (Without Whipped Cream) is a hot coffee drink with regular sweetness and low caffeine. Featuring whole milk, chocolate syrup, white chocolate syrup, ice."
938,"Hot White Chocolate Mocha (Without Whipped Cream) (Half Sugar, Extra Caffeine)",coffee,hot,half,high,"[13,19,20,36]","['coffee', 'dessert']; augmented; combo",0.719636868742195,"Hot White Chocolate Mocha (Without Whipped Cream) (Half Sugar, Extra Caffeine) is a hot coffee drink with half sugar and high caffeine. Featuring almond milk, chocolate syrup, white chocolate syrup, ice."
939,Hot White Chocolate Mocha (Without Whipped Cream),coffee,hot,regular,medium,"[19,20,36,38]","['coffee', 'dessert']; augmented; ingredient_swap",0.700354299844027,"Hot White Chocolate Mocha (Without Whipped Cream) is a hot coffee drink with regular sweetness and medium caffeine. Featuring chocolate syrup, white chocolate syrup, ice, coconut milk."
940,"Hot White Chocolate Mocha (Without Whipped Cream) (Half Sugar, Extra Caffeine)",coffee,hot,half,high,"[10,16,20,36,38]","['coffee', 'dessert']; augmented; combo",0.7746951175188574,"Hot White Chocolate Mocha (Without Whipped Cream) (Half Sugar, Extra Caffeine) is a hot coffee drink with half sugar and high caffeine. Featuring whole milk, caramel syrup, white chocolate syrup, ice."
941,"Hot White Chocolate Mocha (Without Whipped Cream) (Half Sugar, Extra Caffeine)",coffee,hot,half,high,"[11,19,20,30,36]","['coffee', 'dessert']; augmented; combo",0.7521995390156521,"Hot White Chocolate Mocha (Without Whipped Cream) (Half Sugar, Extra Caffeine) is a hot coffee drink with half sugar and high caffeine. Featuring skim milk, chocolate syrup, white chocolate syrup, banana."
942,Hot White Chocolate Mocha (Without Whipped Cream) (Extra Caffeine),coffee,hot,regular,high,"[10,19,20,36]","['coffee', 'dessert']; augmented; caffeine_high",0.7113011730077684,"Hot White Chocolate Mocha (Without Whipped Cream) (Extra Caffeine) is a hot coffee drink with regular sweetness and high caffeine. Featuring whole milk, chocolate syrup, white chocolate syrup, ice."
943,Iced White Chocolate Mocha (Without Whipped Cream),coffee,iced,regular,medium,"[10,19,20,36]","['coffee', 'dessert']; augmented; temp_iced",0.7111476368380916,"Iced White Chocolate Mocha (Without Whipped Cream) is a iced coffee drink with regular sweetness and medium caffeine. Featuring whole milk, chocolate syrup, white chocolate syrup, ice."
944,Hot Hot Chocolate (Without Whipped Cream) (Half Sugar),other,hot,half,low,"[10,19,36]",['dessert']; augmented; sugar_half,0.7399264590212962,"Hot Hot Chocolate (Without Whipped Cream) (Half Sugar) is a hot other drink with half sugar and low caffeine. Featuring whole milk, chocolate syrup, ice."
945,Hot Hot Chocolate (Without Whipped Cream),other,hot,regular,low,"[11,19,36]",['dessert']; augmented; ingredient_swap,0.8000706457586818,"Hot Hot Chocolate (Without Whipped Cream) is a hot other drink with regular sweetness and low caffeine. Featuring skim milk, chocolate syrup, ice."
946,Iced Hot Chocolate (Without Whipped Cream),other,iced,regular,low,"[10,19,36]",['dessert']; augmented; temp_iced,0.7422122594590919,"Iced Hot Chocolate (Without Whipped Cream) is a iced other drink with regular sweetness and low caffeine. Featuring whole milk, chocolate syrup, ice."
947,Iced Hot Chocolate (Without Whipped Cream),other,iced,regular,low,"[10,19,36]",['dessert']; augmented; temp_iced,0.7049057114064569,"Iced Hot Chocolate (Without Whipped Cream) is a iced other drink with regular sweetness and low caffeine. Featuring whole milk, chocolate syrup, ice."
948,Hot Hot Chocolate (Without Whipped Cream) (Decaf),other,hot,regular,none,"[10,19,36]",['dessert']; augmented; caffeine_none,0.7426277080774216,"Hot Hot Chocolate (Without Whipped Cream) (Decaf) is a hot other drink with regular sweetness and decaf. Featuring whole milk, chocolate syrup, ice."
949,Hot Hot Chocolate (Without Whipped Cream),other,hot,regular,low,"[10,11,19,36]",['dessert']; augmented; swap_add,0.7418182929075698,"Hot Hot Chocolate (Without Whipped Cream) is a hot other drink with regular sweetness and low caffeine. Featuring whole milk, skim milk, chocolate syrup, ice."
950,"Hot Hot Chocolate (Without Whipped Cream) (Zero Sugar, Decaf)",other,hot,zero,none,"[12,19,30,36]",['dessert']; augmented; combo,0.6690934007117528,"Hot Hot Chocolate (Without Whipped Cream) (Zero Sugar, Decaf) is a hot other drink with zero sugar and decaf. Featuring oat milk, chocolate syrup, banana, ice."
951,Hot Hot Chocolate (Without Whipped Cream) (Half Sugar),other,hot,half,low,"[10,19,36]",['dessert']; augmented; sugar_half,0.7483711540044656,"Hot Hot Chocolate (Without Whipped Cream) (Half Sugar) is a hot other drink with half sugar and low caffeine. Featuring whole milk, chocolate syrup, ice."
952,Hot Hot Chocolate (Without Whipped Cream),other,hot,regular,low,"[13,19,36]",['dessert']; augmented; ingredient_swap,0.7430719640937397,"Hot Hot Chocolate (Without Whipped Cream) is a hot other drink with regular sweetness and low caffeine. Featuring almond milk, chocolate syrup, ice."
953,Hot Hot Chocolate (Without Whipped Cream),other,hot,regular,low,"[10,20,36]",['dessert']; augmented; ingredient_swap,0.7708861909444026,"Hot Hot Chocolate (Without Whipped Cream) is a hot other drink with regular sweetness and low caffeine. Featuring whole milk, white chocolate syrup, ice."
954,Hot Hot Chocolate (Without Whipped Cream) (Half Sugar),other,hot,half,low,"[10,19,36]",['dessert']; augmented; sugar_half,0.8054686828483604,"Hot Hot Chocolate (Without Whipped Cream) (Half Sugar) is a hot other drink with half sugar and low caffeine. Featuring whole milk, chocolate syrup, ice."
955,Hot Hot Chocolate (Without Whipped Cream),other,hot,regular,low,"[10,16,21,36]",['dessert']; augmented; swap_add,0.7837969508864328,"Hot Hot Chocolate (Without Whipped Cream) is a hot other drink with regular sweetness and low caffeine. Featuring whole milk, caramel syrup, pumpkin spice syrup, ice."
956,Hot Hot Chocolate (Without Whipped Cream),other,hot,regular,medium,"[10,19,36]",['dessert']; augmented; caffeine_medium,0.741933339283355,"Hot Hot Chocolate (Without Whipped Cream) is a hot other drink with regular sweetness and medium caffeine. Featuring whole milk, chocolate syrup, ice."
957,Hot Hot Chocolate (Without Whipped Cream),other,hot,regular,medium,"[10,19,36]",['dessert']; augmented; caffeine_medium,0.7168042227377499,"Hot Hot Chocolate (Without Whipped Cream) is a hot other drink with regular sweetness and medium caffeine. Featuring whole milk, chocolate syrup, ice."
958,Hot Hot Chocolate (Without Whipped Cream),other,hot,regular,medium,"[10,19,36]",['dessert']; augmented; caffeine_medium,0.8272007940974958,"Hot Hot Chocolate (Without Whipped Cream) is a hot other drink with regular sweetness and medium caffeine. Featuring whole milk, chocolate syrup, ice."
959,Hot Hot Chocolate (Without Whipped Cream) (Zero Sugar),other,hot,zero,medium,"[12,14,19,36]",['dessert']; augmented; combo,0.7517765530204347,"Hot Hot Chocolate (Without Whipped Cream) (Zero Sugar) is a hot other drink with zero sugar and medium caffeine. Featuring oat milk, soy milk, chocolate syrup, ice."
960,Hot Hot Chocolate (Without Whipped Cream),other,hot,regular,medium,"[10,19,36]",['dessert']; augmented; caffeine_medium,0.7504178787573884,"Hot Hot Chocolate (Without Whipped Cream) is a hot other drink with regular sweetness and medium caffeine. Featuring whole milk, chocolate syrup, ice."
961,Hot Hot Chocolate (Without Whipped Cream),other,hot,regular,low,"[5,10,22,36]",['dessert']; augmented; swap_add,0.7492762473867,"Hot Hot Chocolate (Without Whipped Cream) is a hot other drink with regular sweetness and low caffeine. Featuring green tea, whole milk, brown sugar syrup, ice."
962,Hot Hot Chocolate (Without Whipped Cream) (Decaf),other,hot,regular,none,"[10,19,36]",['dessert']; augmented; caffeine_none,0.7559425428230356,"Hot Hot Chocolate (Without Whipped Cream) (Decaf) is a hot other drink with regular sweetness and decaf. Featuring whole milk, chocolate syrup, ice."
963,Hot Hot Chocolate (Without Whipped Cream),other,hot,regular,low,"[10,36,42]",['dessert']; augmented; swap_add,0.7456691876422817,"Hot Hot Chocolate (Without Whipped Cream) is a hot other drink with regular sweetness and low caffeine. Featuring whole milk, ice, sugar free syrup."
964,Iced Hot Chocolate (Without Whipped Cream),other,iced,regular,low,"[10,19,36]",['dessert']; augmented; temp_iced,0.7327901397935929,"Iced Hot Chocolate (Without Whipped Cream) is a iced other drink with regular sweetness and low caffeine. Featuring whole milk, chocolate syrup, ice."
965,"Hot Hot Chocolate (Without Whipped Cream) (Half Sugar, Decaf)",other,hot,half,none,"[11,19,36]",['dessert']; augmented; combo,0.7335942317627883,"Hot Hot Chocolate (Without Whipped Cream) (Half Sugar, Decaf) is a hot other drink with half sugar and decaf. Featuring skim milk, chocolate syrup, ice."
966,Hot Hot Chocolate (Without Whipped Cream),other,hot,regular,low,"[13,19,36]",['dessert']; augmented; ingredient_swap,0.7490174018935201,"Hot Hot Chocolate (Without Whipped Cream) is a hot other drink with regular sweetness and low caffeine. Featuring almond milk, chocolate syrup, ice."
967,Hot Hot Chocolate (Without Whipped Cream) (Half Sugar),other,hot,half,low,"[10,19,36]",['dessert']; augmented; sugar_half,0.7336972568659871,"Hot Hot Chocolate (Without Whipped Cream) (Half Sugar) is a hot other drink with half sugar and low caffeine. Featuring whole milk, chocolate syrup, ice."
968,Hot Hot Chocolate (Without Whipped Cream) (Half Sugar),other,hot,half,low,"[10,19,36]",['dessert']; augmented; sugar_half,0.7286146265196851,"Hot Hot Chocolate (Without Whipped Cream) (Half Sugar) is a hot other drink with half sugar and low caffeine. Featuring whole milk, chocolate syrup, ice."
969,Iced Hot Chocolate (Without Whipped Cream),other,iced,regular,low,"[10,19,36]",['dessert']; augmented; temp_iced,0.7531929068307569,"Iced Hot Chocolate (Without Whipped Cream) is a iced other drink with regular sweetness and low caffeine. Featuring whole milk, chocolate syrup, ice."
970,Hot Hot Chocolate (Without Whipped Cream),other,hot,regular,low,"[19,36,38]",['dessert']; augmented; ingredient_swap,0.7423506834773743,"Hot Hot Chocolate (Without Whipped Cream) is a hot other drink with regular sweetness and low caffeine. Featuring chocolate syrup, ice, coconut milk."
971,Hot Hot Chocolate (Without Whipped Cream),other,hot,regular,low,"[13,19,36]",['dessert']; augmented; swap_add,0.7951197896574806,"Hot Hot Chocolate (Without Whipped Cream) is a hot other drink with regular sweetness and low caffeine. Featuring almond milk, chocolate syrup, ice."
972,Hot Hot Chocolate (Without Whipped Cream),other,hot,regular,low,"[10,18,28,36]",['dessert']; augmented; swap_add,0.6704709057482097,"Hot Hot Chocolate (Without Whipped Cream) is a hot other drink with regular sweetness and low caffeine. Featuring whole milk, classic simple syrup, strawberry pieces, ice."
973,Hot Hot Chocolate (Without Whipped Cream) (Half Sugar),other,hot,half,medium,"[11,19,28,36]",['dessert']; augmented; combo,0.7827452055576738,"Hot Hot Chocolate (Without Whipped Cream) (Half Sugar) is a hot other drink with half sugar and medium caffeine. Featuring skim milk, chocolate syrup, strawberry pieces, ice."
974,Hot Hot Chocolate (Without Whipped Cream),other,hot,regular,low,"[6,10,21,36]",['dessert']; augmented; swap_add,0.7873825557749289,"Hot Hot Chocolate (Without Whipped Cream) is a hot other drink with regular sweetness and low caffeine. Featuring black tea, whole milk, pumpkin spice syrup, ice."
975,Hot Hot Chocolate (Without Whipped Cream) (Decaf),other,hot,regular,none,"[10,19,36]",['dessert']; augmented; caffeine_none,0.6877982930277555,"Hot Hot Chocolate (Without Whipped Cream) (Decaf) is a hot other drink with regular sweetness and decaf. Featuring whole milk, chocolate syrup, ice."
976,Hot Hot Chocolate (Without Whipped Cream),other,hot,regular,low,"[10,22,36]",['dessert']; augmented; ingredient_swap,0.7397193721775895,"Hot Hot Chocolate (Without Whipped Cream) is a hot other drink with regular sweetness and low caffeine. Featuring whole milk, brown sugar syrup, ice."
977,Iced Hot Chocolate (Without Whipped Cream),other,iced,regular,low,"[10,19,36]",['dessert']; augmented; temp_iced,0.7388567740201263,"Iced Hot Chocolate (Without Whipped Cream) is a iced other drink with regular sweetness and low caffeine. Featuring whole milk, chocolate syrup, ice."
978,Iced Hot Chocolate (Without Whipped Cream),other,iced,regular,low,"[10,19,36]",['dessert']; augmented; temp_iced,0.7077746491584653,"Iced Hot Chocolate (Without Whipped Cream) is a iced other drink with regular sweetness and low caffeine. Featuring whole milk, chocolate syrup, ice."
979,Hot Hot Chocolate (Without Whipped Cream) (Half Sugar),other,hot,half,medium,"[12,19,36]",['dessert']; augmented; combo,0.7266654993722738,"Hot Hot Chocolate (Without Whipped Cream) (Half Sugar) is a hot other drink with half sugar and medium caffeine. Featuring oat milk, chocolate syrup, ice."
980,Hot Hot Chocolate (Without Whipped Cream),other,hot,regular,medium,"[10,19,36]",['dessert']; augmented; caffeine_medium,0.7166827246360251,"Hot Hot Chocolate (Without Whipped Cream) is a hot other drink with regular sweetness and medium caffeine. Featuring whole milk, chocolate syrup, ice."
981,Iced Hot Chocolate (Without Whipped Cream),other,iced,regular,low,"[10,19,36]",['dessert']; augmented; temp_iced,0.8025681133027087,"Iced Hot Chocolate (Without Whipped Cream) is a iced other drink with regular sweetness and low caffeine. Featuring whole milk, chocolate syrup, ice."
982,Hot Hot Chocolate (Without Whipped Cream),other,hot,regular,low,"[11,19,36]",['dessert']; augmented; ingredient_swap,0.7780703517944239,"Hot Hot Chocolate (Without Whipped Cream) is a hot other drink with regular sweetness and low caffeine. Featuring skim milk, chocolate syrup, ice."
983,Hot Hot Chocolate (Without Whipped Cream) (Decaf),other,hot,regular,none,"[10,19,36]",['dessert']; augmented; caffeine_none,0.7881466528498248,"Hot Hot Chocolate (Without Whipped Cream) (Decaf) is a hot other drink with regular sweetness and decaf. Featuring whole milk, chocolate syrup, ice."
984,Hot Hot Chocolate (Without Whipped Cream) (Half Sugar),other,hot,half,medium,"[10,36,37,43]",['dessert']; augmented; combo,0.7716501619212971,"Hot Hot Chocolate (Without Whipped Cream) (Half Sugar) is a hot other drink with half sugar and medium caffeine. Featuring whole milk, ice, passion tea, sugar cookie syrup."
985,Hot Hot Chocolate (Without Whipped Cream) (Half Sugar),other,hot,half,low,"[10,19,36]",['dessert']; augmented; sugar_half,0.7161284468634831,"Hot Hot Chocolate (Without Whipped Cream) (Half Sugar) is a hot other drink with half sugar and low caffeine. Featuring whole milk, chocolate syrup, ice."
986,Hot Hot Chocolate (Without Whipped Cream),other,hot,regular,low,"[14,19,36]",['dessert']; augmented; ingredient_swap,0.7342643920116068,"Hot Hot Chocolate (Without Whipped Cream) is a hot other drink with regular sweetness and low caffeine. Featuring soy milk, chocolate syrup, ice."
987,Hot Hot Chocolate (Without Whipped Cream) (Half Sugar),other,hot,half,medium,"[19,36,38]",['dessert']; augmented; combo,0.7646812368368375,"Hot Hot Chocolate (Without Whipped Cream) (Half Sugar) is a hot other drink with half sugar and medium caffeine. Featuring chocolate syrup, ice, coconut milk."
988,Hot Hot Chocolate (Without Whipped Cream),other,hot,regular,low,"[11,19,36]",['dessert']; augmented; ingredient_swap,0.7133361657332417,"Hot Hot Chocolate (Without Whipped Cream) is a hot other drink with regular sweetness and low caffeine. Featuring skim milk, chocolate syrup, ice."
989,Hot Hot Chocolate (Without Whipped Cream) (Half Sugar),other,hot,half,medium,"[10,28,36,40]",['dessert']; augmented; combo,0.7713899529051716,"Hot Hot Chocolate (Without Whipped Cream) (Half Sugar) is a hot other drink with half sugar and medium caffeine. Featuring whole milk, strawberry pieces, ice, peppermint syrup."
990,Hot Hot Chocolate (Without Whipped Cream),other,hot,regular,low,"[10,36,42]",['dessert']; augmented; ingredient_swap,0.7427902380552559,"Hot Hot Chocolate (Without Whipped Cream) is a hot other drink with regular sweetness and low caffeine. Featuring whole milk, ice, sugar free syrup."
991,Hot Hot Chocolate (Without Whipped Cream),other,hot,regular,low,"[19,36,38]",['dessert']; augmented; ingredient_swap,0.738755375773512,"Hot Hot Chocolate (Without Whipped Cream) is a hot other drink with regular sweetness and low caffeine. Featuring chocolate syrup, ice, coconut milk."
992,Hot Hot Chocolate (Without Whipped Cream),other,hot,regular,low,"[10,21,36]",['dessert']; augmented; ingredient_swap,0.7713287990461047,"Hot Hot Chocolate (Without Whipped Cream) is a hot other drink with regular sweetness and low caffeine. Featuring whole milk, pumpkin spice syrup, ice."
993,Hot Hot Chocolate (Without Whipped Cream),other,hot,regular,low,"[10,36,41]",['dessert']; augmented; ingredient_swap,0.7633278993445812,"Hot Hot Chocolate (Without Whipped Cream) is a hot other drink with regular sweetness and low caffeine. Featuring whole milk, ice, gingerbread syrup."
994,Hot Hot Chocolate (Without Whipped Cream),other,hot,regular,low,"[10,21,27,36]",['dessert']; augmented; swap_add,0.7391710150254276,"Hot Hot Chocolate (Without Whipped Cream) is a hot other drink with regular sweetness and low caffeine. Featuring whole milk, pumpkin spice syrup, mango puree, ice."
995,Hot Hot Chocolate (Without Whipped Cream) (Half Sugar),other,hot,half,low,"[10,19,36]",['dessert']; augmented; sugar_half,0.7847798941009274,"Hot Hot Chocolate (Without Whipped Cream) (Half Sugar) is a hot other drink with half sugar and low caffeine. Featuring whole milk, chocolate syrup, ice."
996,Hot Hot Chocolate (Without Whipped Cream) (Half Sugar),other,hot,half,low,"[10,19,36]",['dessert']; augmented; sugar_half,0.7175681001720031,"Hot Hot Chocolate (Without Whipped Cream) (Half Sugar) is a hot other drink with half sugar and low caffeine. Featuring whole milk, chocolate syrup, ice."
997,Hot Hot Chocolate (Without Whipped Cream),other,hot,regular,low,"[10,22,36]",['dessert']; augmented; ingredient_swap,0.7684780682083279,"Hot Hot Chocolate (Without Whipped Cream) is a hot other drink with regular sweetness and low caffeine. Featuring whole milk, brown sugar syrup, ice."
998,Hot Hot Chocolate (Without Whipped Cream) (Half Sugar),other,hot,half,low,"[10,19,36]",['dessert']; augmented; sugar_half,0.7677930377390515,"Hot Hot Chocolate (Without Whipped Cream) (Half Sugar) is a hot other drink with half sugar and low caffeine. Featuring whole milk, chocolate syrup, ice."
999,Hot Hot Chocolate (Without Whipped Cream),other,hot,regular,low,"[6,10,36,39]",['dessert']; augmented; swap_add,0.7407136068205803,"Hot Hot Chocolate (Without Whipped Cream) is a hot other drink with regular sweetness and low caffeine. Featuring black tea, whole milk, ice, pecan syrup."
1000,Hot Hot Chocolate (Without Whipped Cream),other,hot,regular,low,"[10,15,36]",['dessert']; augmented; ingredient_swap,0.7597839906672635,"Hot Hot Chocolate (Without Whipped Cream) is a hot other drink with regular sweetness and low caffeine. Featuring whole milk, vanilla syrup, ice."
1001,Hot Hot Chocolate (Without Whipped Cream),other,hot,regular,low,"[10,22,36]",['dessert']; augmented; ingredient_swap,0.7124665927084409,"Hot Hot Chocolate (Without Whipped Cream) is a hot other drink with regular sweetness and low caffeine. Featuring whole milk, brown sugar syrup, ice."
1002,Hot Hot Chocolate (Without Whipped Cream),other,hot,regular,low,"[5,14,19,36]",['dessert']; augmented; swap_add,0.777720810576207,"Hot Hot Chocolate (Without Whipped Cream) is a hot other drink with regular sweetness and low caffeine. Featuring green tea, soy milk, chocolate syrup, ice."
1003,Hot Hot Chocolate (Without Whipped Cream),other,hot,regular,low,"[10,36,41]",['dessert']; augmented; ingredient_swap,0.7444529359067104,"Hot Hot Chocolate (Without Whipped Cream) is a hot other drink with regular sweetness and low caffeine. Featuring whole milk, ice, gingerbread syrup."
1004,Iced Caramel Apple Spice (Without Whipped Cream) (Decaf),other,iced,regular,none,"[10,16,25,36]",['dessert']; augmented; temp_iced,0.7343183093844288,"Iced Caramel Apple Spice (Without Whipped Cream) (Decaf) is a iced other drink with regular sweetness and decaf. Featuring whole milk, caramel syrup, chai spice mix, ice."
1005,"Hot Caramel Apple Spice (Without Whipped Cream) (Half Sugar, Decaf)",other,hot,half,none,"[10,16,25,36]",['dessert']; augmented; sugar_half,0.7814702767751067,"Hot Caramel Apple Spice (Without Whipped Cream) (Half Sugar, Decaf) is a hot other drink with half sugar and decaf. Featuring whole milk, caramel syrup, chai spice mix, ice."
1006,Hot Caramel Apple Spice (Without Whipped Cream) (Decaf),other,hot,regular,none,"[10,16,25,36]",['dessert']; augmented; caffeine_none,0.7288696892837172,"Hot Caramel Apple Spice (Without Whipped Cream) (Decaf) is a hot other drink with regular sweetness and decaf. Featuring whole milk, caramel syrup, chai spice mix, ice."
1007,Hot Caramel Apple Spice (Without Whipped Cream) (Decaf),other,hot,regular,none,"[5,14,16,25,36]",['dessert']; augmented; swap_add,0.7077461611090932,"Hot Caramel Apple Spice (Without Whipped Cream) (Decaf) is a hot other drink with regular sweetness and decaf. Featuring green tea, soy milk, caramel syrup, chai spice mix."
1008,Hot Caramel Apple Spice (Without Whipped Cream) (Decaf),other,hot,regular,none,"[5,10,16,26,36]",['dessert']; augmented; swap_add,0.7033011247942829,"Hot Caramel Apple Spice (Without Whipped Cream) (Decaf) is a hot other drink with regular sweetness and decaf. Featuring green tea, whole milk, caramel syrup, matcha powder."
1009,Hot Caramel Apple Spice (Without Whipped Cream) (Decaf),other,hot,regular,none,"[10,25,36,40]",['dessert']; augmented; swap_add,0.7681802985403692,"Hot Caramel Apple Spice (Without Whipped Cream) (Decaf) is a hot other drink with regular sweetness and decaf. Featuring whole milk, chai spice mix, ice, peppermint syrup."
1010,Hot Caramel Apple Spice (Without Whipped Cream) (Zero Sugar),other,hot,zero,low,"[6,10,20,25,36]",['dessert']; augmented; combo,0.7115871194251115,"Hot Caramel Apple Spice (Without Whipped Cream) (Zero Sugar) is a hot other drink with zero sugar and low caffeine. Featuring black tea, whole milk, white chocolate syrup, chai spice mix."
1011,Hot Caramel Apple Spice (Without Whipped Cream) (Decaf),other,hot,regular,none,"[10,19,25,36]",['dessert']; augmented; ingredient_swap,0.802643825459531,"Hot Caramel Apple Spice (Without Whipped Cream) (Decaf) is a hot other drink with regular sweetness and decaf. Featuring whole milk, chocolate syrup, chai spice mix, ice."
1012,Hot Caramel Apple Spice (Without Whipped Cream) (Half Sugar),other,hot,half,low,"[10,16,23,36]",['dessert']; augmented; combo,0.6875421177634884,"Hot Caramel Apple Spice (Without Whipped Cream) (Half Sugar) is a hot other drink with half sugar and low caffeine. Featuring whole milk, caramel syrup, nutmeg powder, ice."
1013,"Hot Caramel Apple Spice (Without Whipped Cream) (Zero Sugar, Decaf)",other,hot,zero,none,"[10,16,25,36]",['dessert']; augmented; sugar_zero,0.8008936910487011,"Hot Caramel Apple Spice (Without Whipped Cream) (Zero Sugar, Decaf) is a hot other drink with zero sugar and decaf. Featuring whole milk, caramel syrup, chai spice mix, ice."
1014,Hot Caramel Apple Spice (Without Whipped Cream) (Decaf),other,hot,regular,none,"[16,25,32,36,38]",['dessert']; augmented; swap_add,0.7563305240160786,"Hot Caramel Apple Spice (Without Whipped Cream) (Decaf) is a hot other drink with regular sweetness and decaf. Featuring caramel syrup, chai spice mix, peach puree, ice."
1015,Hot Caramel Apple Spice (Without Whipped Cream),other,hot,regular,low,"[10,16,25,36]",['dessert']; augmented; caffeine_low,0.7470986066438883,"Hot Caramel Apple Spice (Without Whipped Cream) is a hot other drink with regular sweetness and low caffeine. Featuring whole milk, caramel syrup, chai spice mix, ice."
1016,Hot Caramel Apple Spice (Without Whipped Cream) (Decaf),other,hot,regular,none,"[12,16,25,36]",['dessert']; augmented; swap_add,0.7336524273957316,"Hot Caramel Apple Spice (Without Whipped Cream) (Decaf) is a hot other drink with regular sweetness and decaf. Featuring oat milk, caramel syrup, chai spice mix, ice."
1017,Hot Caramel Apple Spice (Without Whipped Cream) (Decaf),other,hot,regular,none,"[10,25,36,42]",['dessert']; augmented; ingredient_swap,0.7619740834305622,"Hot Caramel Apple Spice (Without Whipped Cream) (Decaf) is a hot other drink with regular sweetness and decaf. Featuring whole milk, chai spice mix, ice, sugar free syrup."
1018,"Hot Caramel Apple Spice (Without Whipped Cream) (Zero Sugar, Decaf)",other,hot,zero,none,"[10,16,25,36]",['dessert']; augmented; sugar_zero,0.7488709589272545,"Hot Caramel Apple Spice (Without Whipped Cream) (Zero Sugar, Decaf) is a hot other drink with zero sugar and decaf. Featuring whole milk, caramel syrup, chai spice mix, ice."
1019,"Hot Caramel Apple Spice (Without Whipped Cream) (Half Sugar, Decaf)",other,hot,half,none,"[10,16,25,36]",['dessert']; augmented; sugar_half,0.7830990564604956,"Hot Caramel Apple Spice (Without Whipped Cream) (Half Sugar, Decaf) is a hot other drink with half sugar and decaf. Featuring whole milk, caramel syrup, chai spice mix, ice."
1020,Hot Caramel Apple Spice (Without Whipped Cream) (Decaf),other,hot,regular,none,"[10,16,25,36]",['dessert']; augmented; caffeine_none,0.7534268294598612,"Hot Caramel Apple Spice (Without Whipped Cream) (Decaf) is a hot other drink with regular sweetness and decaf. Featuring whole milk, caramel syrup, chai spice mix, ice."
1021,"Hot Caramel Apple Spice (Without Whipped Cream) (Half Sugar, Decaf)",other,hot,half,none,"[10,16,26,36]",['dessert']; augmented; combo,0.7545090528438563,"Hot Caramel Apple Spice (Without Whipped Cream) (Half Sugar, Decaf) is a hot other drink with half sugar and decaf. Featuring whole milk, caramel syrup, matcha powder, ice."
1022,Hot Caramel Apple Spice (Without Whipped Cream) (Zero Sugar),other,hot,zero,low,"[10,16,26,36]",['dessert']; augmented; combo,0.7390916336335843,"Hot Caramel Apple Spice (Without Whipped Cream) (Zero Sugar) is a hot other drink with zero sugar and low caffeine. Featuring whole milk, caramel syrup, matcha powder, ice."
1023,Hot Caramel Apple Spice (Without Whipped Cream),other,hot,regular,low,"[10,16,25,36]",['dessert']; augmented; caffeine_low,0.748291631288368,"Hot Caramel Apple Spice (Without Whipped Cream) is a hot other drink with regular sweetness and low caffeine. Featuring whole milk, caramel syrup, chai spice mix, ice."
1024,Hot Tazo® Tea,tea,hot,regular,medium,"[6,11,36]",['tea']; augmented; ingredient_swap,0.7592340530667617,"Hot Tazo® Tea is a hot tea drink with regular sweetness and medium caffeine. Featuring black tea, skim milk, ice."
1025,Hot Tazo® Tea (Extra Caffeine),tea,hot,regular,high,"[4,10,36]",['tea']; augmented; combo,0.6986949482203012,"Hot Tazo® Tea (Extra Caffeine) is a hot tea drink with regular sweetness and high caffeine. Featuring creme base, whole milk, ice."
1026,Hot Tazo® Tea (Half Sugar),tea,hot,half,medium,"[6,10,36]",['tea']; augmented; sugar_half,0.7095544373368287,"Hot Tazo® Tea (Half Sugar) is a hot tea drink with half sugar and medium caffeine. Featuring black tea, whole milk, ice."
1027,Hot Tazo® Tea (Extra Caffeine),tea,hot,regular,high,"[6,10,36]",['tea']; augmented; caffeine_high,0.7722979228206814,"Hot Tazo® Tea (Extra Caffeine) is a hot tea drink with regular sweetness and high caffeine. Featuring black tea, whole milk, ice."
1028,Hot Tazo® Tea,tea,hot,regular,low,"[6,10,36]",['tea']; augmented; caffeine_low,0.7551259631438383,"Hot Tazo® Tea is a hot tea drink with regular sweetness and low caffeine. Featuring black tea, whole milk, ice."
1029,Hot Tazo® Tea,tea,hot,regular,medium,"[6,11,34,36]",['tea']; augmented; swap_add,0.7444804999094197,"Hot Tazo® Tea is a hot tea drink with regular sweetness and medium caffeine. Featuring black tea, skim milk, cold foam, ice."
1030,Iced Tazo® Tea,tea,iced,regular,medium,"[6,10,36]",['tea']; augmented; temp_iced,0.7505530179919618,"Iced Tazo® Tea is a iced tea drink with regular sweetness and medium caffeine. Featuring black tea, whole milk, ice."
1031,Iced Tazo® Tea,tea,iced,regular,medium,"[6,10,36]",['tea']; augmented; temp_iced,0.7604274511608501,"Iced Tazo® Tea is a iced tea drink with regular sweetness and medium caffeine. Featuring black tea, whole milk, ice."
1032,Hot Tazo® Tea (Half Sugar),tea,hot,half,medium,"[6,10,36]",['tea']; augmented; sugar_half,0.7338072095907191,"Hot Tazo® Tea (Half Sugar) is a hot tea drink with half sugar and medium caffeine. Featuring black tea, whole milk, ice."
1033,Iced Tazo® Tea,tea,iced,regular,medium,"[6,10,36]",['tea']; augmented; temp_iced,0.7266508582379306,"Iced Tazo® Tea is a iced tea drink with regular sweetness and medium caffeine. Featuring black tea, whole milk, ice."
1034,Hot Tazo® Tea,tea,hot,regular,medium,"[10,36,47]",['tea']; augmented; ingredient_swap,0.7558753576529305,"Hot Tazo® Tea is a hot tea drink with regular sweetness and medium caffeine. Featuring whole milk, ice, lemonade."
1035,Hot Tazo® Tea,tea,hot,regular,low,"[6,10,36]",['tea']; augmented; caffeine_low,0.720648816671549,"Hot Tazo® Tea is a hot tea drink with regular sweetness and low caffeine. Featuring black tea, whole milk, ice."
1036,Hot Tazo® Tea,tea,hot,regular,low,"[6,10,36]",['tea']; augmented; caffeine_low,0.7622475826714341,"Hot Tazo® Tea is a hot tea drink with regular sweetness and low caffeine. Featuring black tea, whole milk, ice."
1037,Hot Tazo® Tea (Half Sugar),tea,hot,half,low,"[6,11,32,36]",['tea']; augmented; combo,0.6989224918728648,"Hot Tazo® Tea (Half Sugar) is a hot tea drink with half sugar and low caffeine. Featuring black tea, skim milk, peach puree, ice."
1038,Hot Tazo® Tea (Half Sugar),tea,hot,half,low,"[5,10,17,36]",['tea']; augmented; combo,0.7808746691197693,"Hot Tazo® Tea (Half Sugar) is a hot tea drink with half sugar and low caffeine. Featuring green tea, whole milk, hazelnut syrup, ice."
1039,Hot Tazo® Tea,tea,hot,regular,medium,"[1,10,36,44]",['tea']; augmented; swap_add,0.7641779244723913,"Hot Tazo® Tea is a hot tea drink with regular sweetness and medium caffeine. Featuring espresso shot, whole milk, ice, strawberry puree."
1040,Iced Tazo® Tea,tea,iced,regular,medium,"[6,10,36]",['tea']; augmented; temp_iced,0.7576808920294162,"Iced Tazo® Tea is a iced tea drink with regular sweetness and medium caffeine. Featuring black tea, whole milk, ice."
1041,Hot Tazo® Tea,tea,hot,regular,medium,"[5,10,36]",['tea']; augmented; ingredient_swap,0.7794807295183654,"Hot Tazo® Tea is a hot tea drink with regular sweetness and medium caffeine. Featuring green tea, whole milk, ice."
1042,Iced Tazo® Tea,tea,iced,regular,medium,"[6,10,36]",['tea']; augmented; temp_iced,0.7999642333338773,"Iced Tazo® Tea is a iced tea drink with regular sweetness and medium caffeine. Featuring black tea, whole milk, ice."
1043,Hot Tazo® Tea (Half Sugar),tea,hot,half,medium,"[6,10,36]",['tea']; augmented; sugar_half,0.7804311019505439,"Hot Tazo® Tea (Half Sugar) is a hot tea drink with half sugar and medium caffeine. Featuring black tea, whole milk, ice."
1044,Hot Tazo® Chai Tea Latte (Zero Sugar),tea,hot,zero,medium,"[1,6,12,25,36]",['tea']; augmented; combo,0.6947737730600506,"Hot Tazo® Chai Tea Latte (Zero Sugar) is a hot tea drink with zero sugar and medium caffeine. Featuring espresso shot, black tea, oat milk, chai spice mix."
1045,"Hot Tazo® Chai Tea Latte (Zero Sugar, Decaf)",tea,hot,zero,none,"[1,10,26,36]",['tea']; augmented; combo,0.711612690997929,"Hot Tazo® Chai Tea Latte (Zero Sugar, Decaf) is a hot tea drink with zero sugar and decaf. Featuring espresso shot, whole milk, matcha powder, ice."
1046,Hot Tazo® Chai Tea Latte,tea,hot,regular,low,"[1,12,25,36]",['tea']; augmented; ingredient_swap,0.7312554426691297,"Hot Tazo® Chai Tea Latte is a hot tea drink with regular sweetness and low caffeine. Featuring espresso shot, oat milk, chai spice mix, ice."
1047,Hot Tazo® Chai Tea Latte,tea,hot,regular,low,"[1,10,23,36]",['tea']; augmented; ingredient_swap,0.750782731506325,"Hot Tazo® Chai Tea Latte is a hot tea drink with regular sweetness and low caffeine. Featuring espresso shot, whole milk, nutmeg powder, ice."
1048,Iced Tazo® Chai Tea Latte,tea,iced,regular,low,"[1,10,25,36]",['tea']; augmented; temp_iced,0.7655297706140737,"Iced Tazo® Chai Tea Latte is a iced tea drink with regular sweetness and low caffeine. Featuring espresso shot, whole milk, chai spice mix, ice."
1049,Iced Tazo® Chai Tea Latte,tea,iced,regular,low,"[1,10,25,36]",['tea']; augmented; temp_iced,0.7282276856053961,"Iced Tazo® Chai Tea Latte is a iced tea drink with regular sweetness and low caffeine. Featuring espresso shot, whole milk, chai spice mix, ice."
1050,Hot Tazo® Chai Tea Latte,tea,hot,regular,low,"[1,10,25,36]",['tea']; augmented; sugar_regular,0.7556030029343124,"Hot Tazo® Chai Tea Latte is a hot tea drink with regular sweetness and low caffeine. Featuring espresso shot, whole milk, chai spice mix, ice."
1051,Hot Tazo® Chai Tea Latte (Half Sugar),tea,hot,half,medium,"[1,12,18,25,36]",['tea']; augmented; combo,0.7273385120294004,"Hot Tazo® Chai Tea Latte (Half Sugar) is a hot tea drink with half sugar and medium caffeine. Featuring espresso shot, oat milk, classic simple syrup, chai spice mix."
1052,Hot Tazo® Chai Tea Latte,tea,hot,regular,low,"[1,5,10,26,36]",['tea']; augmented; swap_add,0.7316544659102415,"Hot Tazo® Chai Tea Latte is a hot tea drink with regular sweetness and low caffeine. Featuring espresso shot, green tea, whole milk, matcha powder."
1053,Hot Tazo® Chai Tea Latte (Half Sugar),tea,hot,half,low,"[1,10,25,36]",['tea']; augmented; sugar_half,0.7078001670945533,"Hot Tazo® Chai Tea Latte (Half Sugar) is a hot tea drink with half sugar and low caffeine. Featuring espresso shot, whole milk, chai spice mix, ice."
1054,Hot Tazo® Chai Tea Latte,tea,hot,regular,low,"[6,10,25,36]",['tea']; augmented; swap_add,0.7223030026166729,"Hot Tazo® Chai Tea Latte is a hot tea drink with regular sweetness and low caffeine. Featuring black tea, whole milk, chai spice mix, ice."
1055,Hot Tazo® Chai Tea Latte,tea,hot,regular,low,"[1,12,25,36]",['tea']; augmented; ingredient_swap,0.70944946183151,"Hot Tazo® Chai Tea Latte is a hot tea drink with regular sweetness and low caffeine. Featuring espresso shot, oat milk, chai spice mix, ice."
1056,Hot Tazo® Chai Tea Latte,tea,hot,regular,low,"[1,10,26,36]",['tea']; augmented; ingredient_swap,0.72072380241068,"Hot Tazo® Chai Tea Latte is a hot tea drink with regular sweetness and low caffeine. Featuring espresso shot, whole milk, matcha powder, ice."
1057,Iced Tazo® Chai Tea Latte,tea,iced,regular,low,"[1,10,25,36]",['tea']; augmented; temp_iced,0.7816092538982352,"Iced Tazo® Chai Tea Latte is a iced tea drink with regular sweetness and low caffeine. Featuring espresso shot, whole milk, chai spice mix, ice."
1058,Hot Tazo® Chai Tea Latte,tea,hot,regular,medium,"[1,10,25,36]",['tea']; augmented; caffeine_medium,0.7215180333350417,"Hot Tazo® Chai Tea Latte is a hot tea drink with regular sweetness and medium caffeine. Featuring espresso shot, whole milk, chai spice mix, ice."
1059,Hot Tazo® Chai Tea Latte (Half Sugar),tea,hot,half,medium,"[1,10,25,36]",['tea']; augmented; sugar_half,0.8289714619451217,"Hot Tazo® Chai Tea Latte (Half Sugar) is a hot tea drink with half sugar and medium caffeine. Featuring espresso shot, whole milk, chai spice mix, ice."
1060,Hot Tazo® Chai Tea Latte,tea,hot,regular,medium,"[1,5,25,36,38]",['tea']; augmented; swap_add,0.7647995370264267,"Hot Tazo® Chai Tea Latte is a hot tea drink with regular sweetness and medium caffeine. Featuring espresso shot, green tea, chai spice mix, ice."
1061,Iced Tazo® Chai Tea Latte,tea,iced,regular,medium,"[1,10,25,36]",['tea']; augmented; temp_iced,0.7555450837108462,"Iced Tazo® Chai Tea Latte is a iced tea drink with regular sweetness and medium caffeine. Featuring espresso shot, whole milk, chai spice mix, ice."
1062,Iced Tazo® Chai Tea Latte,tea,iced,regular,medium,"[1,10,25,36]",['tea']; augmented; temp_iced,0.7242492665945636,"Iced Tazo® Chai Tea Latte is a iced tea drink with regular sweetness and medium caffeine. Featuring espresso shot, whole milk, chai spice mix, ice."
1063,Hot Tazo® Chai Tea Latte,tea,hot,regular,medium,"[6,10,25,36,43]",['tea']; augmented; swap_add,0.7710092963822698,"Hot Tazo® Chai Tea Latte is a hot tea drink with regular sweetness and medium caffeine. Featuring black tea, whole milk, chai spice mix, ice."
1064,Hot Tazo® Chai Tea Latte,tea,hot,regular,medium,"[1,10,26,36]",['tea']; augmented; ingredient_swap,0.7327308652128668,"Hot Tazo® Chai Tea Latte is a hot tea drink with regular sweetness and medium caffeine. Featuring espresso shot, whole milk, matcha powder, ice."
1065,"Hot Tazo® Chai Tea Latte (Half Sugar, Extra Caffeine)",tea,hot,half,high,"[1,11,25,36]",['tea']; augmented; combo,0.7536602944393609,"Hot Tazo® Chai Tea Latte (Half Sugar, Extra Caffeine) is a hot tea drink with half sugar and high caffeine. Featuring espresso shot, skim milk, chai spice mix, ice."
1066,Hot Tazo® Chai Tea Latte,tea,hot,regular,medium,"[1,10,24,36,39]",['tea']; augmented; swap_add,0.8268025361480639,"Hot Tazo® Chai Tea Latte is a hot tea drink with regular sweetness and medium caffeine. Featuring espresso shot, whole milk, cinnamon powder, ice."
1067,Hot Tazo® Chai Tea Latte (Zero Sugar),tea,hot,zero,medium,"[1,10,25,36]",['tea']; augmented; sugar_zero,0.7471182030082605,"Hot Tazo® Chai Tea Latte (Zero Sugar) is a hot tea drink with zero sugar and medium caffeine. Featuring espresso shot, whole milk, chai spice mix, ice."
1068,Hot Tazo® Chai Tea Latte,tea,hot,regular,medium,"[1,6,25,36,38]",['tea']; augmented; swap_add,0.7844781997885703,"Hot Tazo® Chai Tea Latte is a hot tea drink with regular sweetness and medium caffeine. Featuring espresso shot, black tea, chai spice mix, ice."
1069,Hot Tazo® Chai Tea Latte (Extra Caffeine),tea,hot,regular,high,"[1,10,25,36]",['tea']; augmented; caffeine_high,0.7289047072462234,"Hot Tazo® Chai Tea Latte (Extra Caffeine) is a hot tea drink with regular sweetness and high caffeine. Featuring espresso shot, whole milk, chai spice mix, ice."
1070,Hot Tazo® Chai Tea Latte (Zero Sugar),tea,hot,zero,low,"[9,10,23,25,36]",['tea']; augmented; combo,0.7489503452850912,"Hot Tazo® Chai Tea Latte (Zero Sugar) is a hot tea drink with zero sugar and low caffeine. Featuring coconut water, whole milk, nutmeg powder, chai spice mix."
1071,Hot Tazo® Chai Tea Latte,tea,hot,regular,low,"[1,10,25,36]",['tea']; augmented; caffeine_low,0.8031240190690653,"Hot Tazo® Chai Tea Latte is a hot tea drink with regular sweetness and low caffeine. Featuring espresso shot, whole milk, chai spice mix, ice."
1072,Iced Tazo® Chai Tea Latte,tea,iced,regular,medium,"[1,10,25,36]",['tea']; augmented; temp_iced,0.731190988266367,"Iced Tazo® Chai Tea Latte is a iced tea drink with regular sweetness and medium caffeine. Featuring espresso shot, whole milk, chai spice mix, ice."
1073,Iced Tazo® Chai Tea Latte,tea,iced,regular,medium,"[1,10,25,36]",['tea']; augmented; temp_iced,0.8043734567399079,"Iced Tazo® Chai Tea Latte is a iced tea drink with regular sweetness and medium caffeine. Featuring espresso shot, whole milk, chai spice mix, ice."
1074,Hot Tazo® Chai Tea Latte (Half Sugar),tea,hot,half,low,"[7,10,25,36]",['tea']; augmented; combo,0.7712325580636643,"Hot Tazo® Chai Tea Latte (Half Sugar) is a hot tea drink with half sugar and low caffeine. Featuring yogurt base, whole milk, chai spice mix, ice."
1075,"Hot Tazo® Chai Tea Latte (Half Sugar, Extra Caffeine)",tea,hot,half,high,"[3,10,25,36]",['tea']; augmented; combo,0.733125996723172,"Hot Tazo® Chai Tea Latte (Half Sugar, Extra Caffeine) is a hot tea drink with half sugar and high caffeine. Featuring brewed coffee, whole milk, chai spice mix, ice."
1076,Iced Tazo® Chai Tea Latte,tea,iced,regular,medium,"[1,10,25,36]",['tea']; augmented; temp_iced,0.7689722321716657,"Iced Tazo® Chai Tea Latte is a iced tea drink with regular sweetness and medium caffeine. Featuring espresso shot, whole milk, chai spice mix, ice."
1077,Hot Tazo® Chai Tea Latte (Extra Caffeine),tea,hot,regular,high,"[1,10,25,36]",['tea']; augmented; caffeine_high,0.779176633488802,"Hot Tazo® Chai Tea Latte (Extra Caffeine) is a hot tea drink with regular sweetness and high caffeine. Featuring espresso shot, whole milk, chai spice mix, ice."
1078,Hot Tazo® Chai Tea Latte,tea,hot,regular,low,"[1,10,25,36]",['tea']; augmented; caffeine_low,0.7686542988665159,"Hot Tazo® Chai Tea Latte is a hot tea drink with regular sweetness and low caffeine. Featuring espresso shot, whole milk, chai spice mix, ice."
1079,Hot Tazo® Chai Tea Latte,tea,hot,regular,low,"[1,10,25,36]",['tea']; augmented; caffeine_low,0.7028932584032863,"Hot Tazo® Chai Tea Latte is a hot tea drink with regular sweetness and low caffeine. Featuring espresso shot, whole milk, chai spice mix, ice."
1080,Hot Tazo® Chai Tea Latte,tea,hot,regular,medium,"[1,11,25,36]",['tea']; augmented; ingredient_swap,0.7281858847252539,"Hot Tazo® Chai Tea Latte is a hot tea drink with regular sweetness and medium caffeine. Featuring espresso shot, skim milk, chai spice mix, ice."
1081,Hot Tazo® Chai Tea Latte,tea,hot,regular,medium,"[1,10,24,36]",['tea']; augmented; ingredient_swap,0.7425744409334548,"Hot Tazo® Chai Tea Latte is a hot tea drink with regular sweetness and medium caffeine. Featuring espresso shot, whole milk, cinnamon powder, ice."
1082,Hot Tazo® Chai Tea Latte (Half Sugar),tea,hot,half,medium,"[1,10,25,36]",['tea']; augmented; sugar_half,0.7477669971269986,"Hot Tazo® Chai Tea Latte (Half Sugar) is a hot tea drink with half sugar and medium caffeine. Featuring espresso shot, whole milk, chai spice mix, ice."
1083,Iced Tazo® Chai Tea Latte,tea,iced,regular,medium,"[1,10,25,36]",['tea']; augmented; temp_iced,0.7686201629265204,"Iced Tazo® Chai Tea Latte is a iced tea drink with regular sweetness and medium caffeine. Featuring espresso shot, whole milk, chai spice mix, ice."
1084,Hot Tazo® Chai Tea Latte,tea,hot,regular,medium,"[1,10,23,36]",['tea']; augmented; swap_add,0.7553310300279976,"Hot Tazo® Chai Tea Latte is a hot tea drink with regular sweetness and medium caffeine. Featuring espresso shot, whole milk, nutmeg powder, ice."
1085,Iced Tazo® Chai Tea Latte,tea,iced,regular,medium,"[1,10,25,36]",['tea']; augmented; temp_iced,0.709939669238697,"Iced Tazo® Chai Tea Latte is a iced tea drink with regular sweetness and medium caffeine. Featuring espresso shot, whole milk, chai spice mix, ice."
1086,Iced Tazo® Chai Tea Latte,tea,iced,regular,medium,"[1,10,25,36]",['tea']; augmented; temp_iced,0.7614059355301789,"Iced Tazo® Chai Tea Latte is a iced tea drink with regular sweetness and medium caffeine. Featuring espresso shot, whole milk, chai spice mix, ice."
1087,Iced Tazo® Chai Tea Latte,tea,iced,regular,medium,"[1,10,25,36]",['tea']; augmented; temp_iced,0.7683175723585147,"Iced Tazo® Chai Tea Latte is a iced tea drink with regular sweetness and medium caffeine. Featuring espresso shot, whole milk, chai spice mix, ice."
1088,Hot Tazo® Chai Tea Latte (Half Sugar),tea,hot,half,medium,"[1,10,25,36]",['tea']; augmented; sugar_half,0.7667937134379312,"Hot Tazo® Chai Tea Latte (Half Sugar) is a hot tea drink with half sugar and medium caffeine. Featuring espresso shot, whole milk, chai spice mix, ice."
1089,Hot Tazo® Chai Tea Latte (Extra Caffeine),tea,hot,regular,high,"[1,10,25,36]",['tea']; augmented; caffeine_high,0.7824234217666386,"Hot Tazo® Chai Tea Latte (Extra Caffeine) is a hot tea drink with regular sweetness and high caffeine. Featuring espresso shot, whole milk, chai spice mix, ice."
1090,Hot Tazo® Chai Tea Latte (Half Sugar),tea,hot,half,medium,"[1,10,25,36]",['tea']; augmented; sugar_half,0.7750176646364672,"Hot Tazo® Chai Tea Latte (Half Sugar) is a hot tea drink with half sugar and medium caffeine. Featuring espresso shot, whole milk, chai spice mix, ice."
1091,Iced Tazo® Chai Tea Latte,tea,iced,regular,medium,"[1,10,25,36]",['tea']; augmented; temp_iced,0.7637754023768532,"Iced Tazo® Chai Tea Latte is a iced tea drink with regular sweetness and medium caffeine. Featuring espresso shot, whole milk, chai spice mix, ice."
1092,Hot Tazo® Chai Tea Latte,tea,hot,regular,medium,"[1,10,23,36,38]",['tea']; augmented; swap_add,0.7478950286562406,"Hot Tazo® Chai Tea Latte is a hot tea drink with regular sweetness and medium caffeine. Featuring espresso shot, whole milk, nutmeg powder, ice."
1093,Hot Tazo® Chai Tea Latte (Extra Caffeine),tea,hot,regular,high,"[1,10,25,36]",['tea']; augmented; caffeine_high,0.7001711719945203,"Hot Tazo® Chai Tea Latte (Extra Caffeine) is a hot tea drink with regular sweetness and high caffeine. Featuring espresso shot, whole milk, chai spice mix, ice."
1094,Iced Tazo® Chai Tea Latte,tea,iced,regular,medium,"[1,10,25,36]",['tea']; augmented; temp_iced,0.7628885465739775,"Iced Tazo® Chai Tea Latte is a iced tea drink with regular sweetness and medium caffeine. Featuring espresso shot, whole milk, chai spice mix, ice."
1095,Hot Tazo® Chai Tea Latte,tea,hot,regular,medium,"[1,17,25,36,38]",['tea']; augmented; swap_add,0.7562306306148934,"Hot Tazo® Chai Tea Latte is a hot tea drink with regular sweetness and medium caffeine. Featuring espresso shot, hazelnut syrup, chai spice mix, ice."
1096,Hot Tazo® Chai Tea Latte (Zero Sugar),tea,hot,zero,medium,"[1,10,25,36]",['tea']; augmented; sugar_zero,0.7581473651158612,"Hot Tazo® Chai Tea Latte (Zero Sugar) is a hot tea drink with zero sugar and medium caffeine. Featuring espresso shot, whole milk, chai spice mix, ice."
1097,Hot Tazo® Chai Tea Latte,tea,hot,regular,medium,"[6,10,25,36]",['tea']; augmented; ingredient_swap,0.7116975427253908,"Hot Tazo® Chai Tea Latte is a hot tea drink with regular sweetness and medium caffeine. Featuring black tea, whole milk, chai spice mix, ice."
1098,Hot Tazo® Chai Tea Latte (Extra Caffeine),tea,hot,regular,high,"[1,10,25,36]",['tea']; augmented; caffeine_high,0.7175683037877522,"Hot Tazo® Chai Tea Latte (Extra Caffeine) is a hot tea drink with regular sweetness and high caffeine. Featuring espresso shot, whole milk, chai spice mix, ice."
1099,Iced Tazo® Chai Tea Latte,tea,iced,regular,medium,"[1,10,25,36]",['tea']; augmented; temp_iced,0.7815945855999871,"Iced Tazo® Chai Tea Latte is a iced tea drink with regular sweetness and medium caffeine. Featuring espresso shot, whole milk, chai spice mix, ice."
1100,Hot Tazo® Chai Tea Latte,tea,hot,regular,medium,"[1,13,25,36]",['tea']; augmented; swap_add,0.7488133453843003,"Hot Tazo® Chai Tea Latte is a hot tea drink with regular sweetness and medium caffeine. Featuring espresso shot, almond milk, chai spice mix, ice."
1101,"Hot Tazo® Chai Tea Latte (Half Sugar, Extra Caffeine)",tea,hot,half,high,"[1,12,25,36]",['tea']; augmented; combo,0.7704450209211787,"Hot Tazo® Chai Tea Latte (Half Sugar, Extra Caffeine) is a hot tea drink with half sugar and high caffeine. Featuring espresso shot, oat milk, chai spice mix, ice."
1102,Hot Tazo® Chai Tea Latte,tea,hot,regular,medium,"[2,10,25,36]",['tea']; augmented; swap_add,0.7508495512839138,"Hot Tazo® Chai Tea Latte is a hot tea drink with regular sweetness and medium caffeine. Featuring cold brew coffee, whole milk, chai spice mix, ice."
1103,Iced Tazo® Chai Tea Latte,tea,iced,regular,medium,"[1,10,25,36]",['tea']; augmented; temp_iced,0.7508926841848723,"Iced Tazo® Chai Tea Latte is a iced tea drink with regular sweetness and medium caffeine. Featuring espresso shot, whole milk, chai spice mix, ice."
1104,Hot Tazo® Green Tea Latte (Half Sugar),tea,hot,half,low,"[1,10,36]",['tea']; augmented; sugar_half,0.7781485141792799,"Hot Tazo® Green Tea Latte (Half Sugar) is a hot tea drink with half sugar and low caffeine. Featuring espresso shot, whole milk, ice."
1105,Hot Tazo® Green Tea Latte (Zero Sugar),tea,hot,zero,medium,"[6,10,24,36]",['tea']; augmented; combo,0.7345186581534788,"Hot Tazo® Green Tea Latte (Zero Sugar) is a hot tea drink with zero sugar and medium caffeine. Featuring black tea, whole milk, cinnamon powder, ice."
1106,Hot Tazo® Green Tea Latte,tea,hot,regular,low,"[1,12,36]",['tea']; augmented; ingredient_swap,0.7528836233082296,"Hot Tazo® Green Tea Latte is a hot tea drink with regular sweetness and low caffeine. Featuring espresso shot, oat milk, ice."
1107,"Hot Tazo® Green Tea Latte (Half Sugar, Decaf)",tea,hot,half,none,"[7,10,33,36]",['tea']; augmented; combo,0.7361317413388487,"Hot Tazo® Green Tea Latte (Half Sugar, Decaf) is a hot tea drink with half sugar and decaf. Featuring yogurt base, whole milk, whipped cream, ice."
1108,Hot Tazo® Green Tea Latte,tea,hot,regular,low,"[10,36,47]",['tea']; augmented; swap_add,0.7369651131770305,"Hot Tazo® Green Tea Latte is a hot tea drink with regular sweetness and low caffeine. Featuring whole milk, ice, lemonade."
1109,Iced Tazo® Green Tea Latte,tea,iced,regular,low,"[1,10,36]",['tea']; augmented; temp_iced,0.7407248362959408,"Iced Tazo® Green Tea Latte is a iced tea drink with regular sweetness and low caffeine. Featuring espresso shot, whole milk, ice."
1110,Hot Tazo® Green Tea Latte,tea,hot,regular,low,"[10,36,47]",['tea']; augmented; swap_add,0.7566640131490114,"Hot Tazo® Green Tea Latte is a hot tea drink with regular sweetness and low caffeine. Featuring whole milk, ice, lemonade."
1111,Hot Tazo® Green Tea Latte (Half Sugar),tea,hot,half,low,"[1,10,36]",['tea']; augmented; sugar_half,0.7356375413500957,"Hot Tazo® Green Tea Latte (Half Sugar) is a hot tea drink with half sugar and low caffeine. Featuring espresso shot, whole milk, ice."
1112,Hot Tazo® Green Tea Latte,tea,hot,regular,medium,"[1,10,36]",['tea']; augmented; caffeine_medium,0.7876726837672057,"Hot Tazo® Green Tea Latte is a hot tea drink with regular sweetness and medium caffeine. Featuring espresso shot, whole milk, ice."
1113,Hot Tazo® Green Tea Latte (Half Sugar),tea,hot,half,medium,"[1,3,12,36]",['tea']; augmented; combo,0.7231617809334149,"Hot Tazo® Green Tea Latte (Half Sugar) is a hot tea drink with half sugar and medium caffeine. Featuring espresso shot, brewed coffee, oat milk, ice."
1114,Hot Tazo® Green Tea Latte,tea,hot,regular,low,"[3,10,12,36]",['tea']; augmented; swap_add,0.7443938506751592,"Hot Tazo® Green Tea Latte is a hot tea drink with regular sweetness and low caffeine. Featuring brewed coffee, whole milk, oat milk, ice."
1115,Hot Tazo® Green Tea Latte,tea,hot,regular,low,"[5,10,36]",['tea']; augmented; ingredient_swap,0.7368080682517748,"Hot Tazo® Green Tea Latte is a hot tea drink with regular sweetness and low caffeine. Featuring green tea, whole milk, ice."
1116,Hot Tazo® Green Tea Latte,tea,hot,regular,low,"[1,13,36]",['tea']; augmented; ingredient_swap,0.793409336530612,"Hot Tazo® Green Tea Latte is a hot tea drink with regular sweetness and low caffeine. Featuring espresso shot, almond milk, ice."
1117,Iced Tazo® Green Tea Latte,tea,iced,regular,low,"[1,10,36]",['tea']; augmented; temp_iced,0.7558966432953472,"Iced Tazo® Green Tea Latte is a iced tea drink with regular sweetness and low caffeine. Featuring espresso shot, whole milk, ice."
1118,Iced Tazo® Green Tea Latte,tea,iced,regular,low,"[1,10,36]",['tea']; augmented; temp_iced,0.7809553361840591,"Iced Tazo® Green Tea Latte is a iced tea drink with regular sweetness and low caffeine. Featuring espresso shot, whole milk, ice."
1119,Hot Tazo® Green Tea Latte (Half Sugar),tea,hot,half,low,"[1,10,36]",['tea']; augmented; sugar_half,0.7054331888088908,"Hot Tazo® Green Tea Latte (Half Sugar) is a hot tea drink with half sugar and low caffeine. Featuring espresso shot, whole milk, ice."
1120,"Hot Tazo® Green Tea Latte (Half Sugar, Decaf)",tea,hot,half,none,"[4,6,10,36]",['tea']; augmented; combo,0.7580115079760777,"Hot Tazo® Green Tea Latte (Half Sugar, Decaf) is a hot tea drink with half sugar and decaf. Featuring creme base, black tea, whole milk, ice."
1121,Hot Tazo® Green Tea Latte,tea,hot,regular,low,"[6,10,36]",['tea']; augmented; ingredient_swap,0.7766889238687031,"Hot Tazo® Green Tea Latte is a hot tea drink with regular sweetness and low caffeine. Featuring black tea, whole milk, ice."
1122,Hot Tazo® Green Tea Latte (Half Sugar),tea,hot,half,low,"[1,10,36]",['tea']; augmented; sugar_half,0.7524685196782627,"Hot Tazo® Green Tea Latte (Half Sugar) is a hot tea drink with half sugar and low caffeine. Featuring espresso shot, whole milk, ice."
1123,Hot Tazo® Green Tea Latte,tea,hot,regular,low,"[1,11,36]",['tea']; augmented; ingredient_swap,0.7819644112519606,"Hot Tazo® Green Tea Latte is a hot tea drink with regular sweetness and low caffeine. Featuring espresso shot, skim milk, ice."
1124,Hot Tazo® Green Tea Latte,tea,hot,regular,low,"[3,10,36]",['tea']; augmented; ingredient_swap,0.7344813464969888,"Hot Tazo® Green Tea Latte is a hot tea drink with regular sweetness and low caffeine. Featuring brewed coffee, whole milk, ice."
1125,Iced Tazo® Green Tea Latte,tea,iced,regular,low,"[1,10,36]",['tea']; augmented; temp_iced,0.7922804232055674,"Iced Tazo® Green Tea Latte is a iced tea drink with regular sweetness and low caffeine. Featuring espresso shot, whole milk, ice."
1126,Iced Tazo® Green Tea Latte,tea,iced,regular,low,"[1,10,36]",['tea']; augmented; temp_iced,0.8189669437085775,"Iced Tazo® Green Tea Latte is a iced tea drink with regular sweetness and low caffeine. Featuring espresso shot, whole milk, ice."
1127,Hot Tazo® Green Tea Latte (Half Sugar),tea,hot,half,low,"[1,10,36]",['tea']; augmented; sugar_half,0.7391148431868102,"Hot Tazo® Green Tea Latte (Half Sugar) is a hot tea drink with half sugar and low caffeine. Featuring espresso shot, whole milk, ice."
1128,Hot Tazo® Green Tea Latte,tea,hot,regular,low,"[1,36,38]",['tea']; augmented; ingredient_swap,0.7366349243579768,"Hot Tazo® Green Tea Latte is a hot tea drink with regular sweetness and low caffeine. Featuring espresso shot, ice, coconut milk."
1129,Hot Tazo® Green Tea Latte,tea,hot,regular,low,"[1,11,36]",['tea']; augmented; swap_add,0.793601534313531,"Hot Tazo® Green Tea Latte is a hot tea drink with regular sweetness and low caffeine. Featuring espresso shot, skim milk, ice."
1130,Hot Tazo® Green Tea Latte (Half Sugar),tea,hot,half,low,"[1,10,36]",['tea']; augmented; sugar_half,0.7973871643719214,"Hot Tazo® Green Tea Latte (Half Sugar) is a hot tea drink with half sugar and low caffeine. Featuring espresso shot, whole milk, ice."
1131,Hot Tazo® Green Tea Latte (Half Sugar),tea,hot,half,low,"[1,10,36]",['tea']; augmented; sugar_half,0.734314199185402,"Hot Tazo® Green Tea Latte (Half Sugar) is a hot tea drink with half sugar and low caffeine. Featuring espresso shot, whole milk, ice."
1132,Hot Tazo® Green Tea Latte (Decaf),tea,hot,regular,none,"[1,10,36]",['tea']; augmented; caffeine_none,0.7373943954871243,"Hot Tazo® Green Tea Latte (Decaf) is a hot tea drink with regular sweetness and decaf. Featuring espresso shot, whole milk, ice."
1133,Iced Tazo® Green Tea Latte,tea,iced,regular,low,"[1,10,36]",['tea']; augmented; temp_iced,0.7415464617341848,"Iced Tazo® Green Tea Latte is a iced tea drink with regular sweetness and low caffeine. Featuring espresso shot, whole milk, ice."
1134,Hot Tazo® Green Tea Latte,tea,hot,regular,medium,"[10,36,46]",['tea']; augmented; ingredient_swap,0.7096664846689716,"Hot Tazo® Green Tea Latte is a hot tea drink with regular sweetness and medium caffeine. Featuring whole milk, ice, strawberry base."
1135,Hot Tazo® Green Tea Latte,tea,hot,regular,medium,"[1,11,36]",['tea']; augmented; ingredient_swap,0.722440441605474,"Hot Tazo® Green Tea Latte is a hot tea drink with regular sweetness and medium caffeine. Featuring espresso shot, skim milk, ice."
1136,Hot Tazo® Green Tea Latte,tea,hot,regular,medium,"[1,13,36]",['tea']; augmented; ingredient_swap,0.719875776997438,"Hot Tazo® Green Tea Latte is a hot tea drink with regular sweetness and medium caffeine. Featuring espresso shot, almond milk, ice."
1137,Hot Tazo® Green Tea Latte (Half Sugar),tea,hot,half,medium,"[1,10,36]",['tea']; augmented; sugar_half,0.7269660730468761,"Hot Tazo® Green Tea Latte (Half Sugar) is a hot tea drink with half sugar and medium caffeine. Featuring espresso shot, whole milk, ice."
1138,Hot Tazo® Green Tea Latte (Extra Caffeine),tea,hot,regular,high,"[1,10,36]",['tea']; augmented; caffeine_high,0.7489594533783965,"Hot Tazo® Green Tea Latte (Extra Caffeine) is a hot tea drink with regular sweetness and high caffeine. Featuring espresso shot, whole milk, ice."
1139,Hot Tazo® Green Tea Latte (Half Sugar),tea,hot,half,medium,"[1,10,36]",['tea']; augmented; sugar_half,0.7570264419760956,"Hot Tazo® Green Tea Latte (Half Sugar) is a hot tea drink with half sugar and medium caffeine. Featuring espresso shot, whole milk, ice."
1140,Hot Tazo® Green Tea Latte,tea,hot,regular,medium,"[10,26,36,37]",['tea']; augmented; swap_add,0.7965150147844223,"Hot Tazo® Green Tea Latte is a hot tea drink with regular sweetness and medium caffeine. Featuring whole milk, matcha powder, ice, passion tea."
1141,Iced Tazo® Green Tea Latte,tea,iced,regular,medium,"[1,10,36]",['tea']; augmented; temp_iced,0.7200493787778363,"Iced Tazo® Green Tea Latte is a iced tea drink with regular sweetness and medium caffeine. Featuring espresso shot, whole milk, ice."
1142,Iced Tazo® Green Tea Latte,tea,iced,regular,medium,"[1,10,36]",['tea']; augmented; temp_iced,0.7795296719542976,"Iced Tazo® Green Tea Latte is a iced tea drink with regular sweetness and medium caffeine. Featuring espresso shot, whole milk, ice."
1143,Hot Tazo® Green Tea Latte (Extra Caffeine),tea,hot,regular,high,"[1,10,36]",['tea']; augmented; caffeine_high,0.7435803346732347,"Hot Tazo® Green Tea Latte (Extra Caffeine) is a hot tea drink with regular sweetness and high caffeine. Featuring espresso shot, whole milk, ice."
1144,Hot Tazo® Green Tea Latte (Half Sugar),tea,hot,half,medium,"[1,10,36]",['tea']; augmented; sugar_half,0.748516088710427,"Hot Tazo® Green Tea Latte (Half Sugar) is a hot tea drink with half sugar and medium caffeine. Featuring espresso shot, whole milk, ice."
1145,Hot Tazo® Green Tea Latte,tea,hot,regular,low,"[5,7,10,36]",['tea']; augmented; combo,0.7702445847649981,"Hot Tazo® Green Tea Latte is a hot tea drink with regular sweetness and low caffeine. Featuring green tea, yogurt base, whole milk, ice."
1146,Hot Tazo® Green Tea Latte (Extra Caffeine),tea,hot,regular,high,"[1,10,36]",['tea']; augmented; caffeine_high,0.716318339353131,"Hot Tazo® Green Tea Latte (Extra Caffeine) is a hot tea drink with regular sweetness and high caffeine. Featuring espresso shot, whole milk, ice."
1147,Hot Tazo® Green Tea Latte,tea,hot,regular,medium,"[1,11,36]",['tea']; augmented; ingredient_swap,0.7614722923855215,"Hot Tazo® Green Tea Latte is a hot tea drink with regular sweetness and medium caffeine. Featuring espresso shot, skim milk, ice."
1148,Hot Tazo® Green Tea Latte,tea,hot,regular,low,"[1,10,36]",['tea']; augmented; caffeine_low,0.7549935662463917,"Hot Tazo® Green Tea Latte is a hot tea drink with regular sweetness and low caffeine. Featuring espresso shot, whole milk, ice."
1149,Iced Tazo® Green Tea Latte,tea,iced,regular,medium,"[1,10,36]",['tea']; augmented; temp_iced,0.7647735379202445,"Iced Tazo® Green Tea Latte is a iced tea drink with regular sweetness and medium caffeine. Featuring espresso shot, whole milk, ice."
1150,Hot Tazo® Green Tea Latte,tea,hot,regular,low,"[1,10,36]",['tea']; augmented; caffeine_low,0.7586750593172346,"Hot Tazo® Green Tea Latte is a hot tea drink with regular sweetness and low caffeine. Featuring espresso shot, whole milk, ice."
1151,Hot Tazo® Green Tea Latte,tea,hot,regular,medium,"[1,12,36]",['tea']; augmented; ingredient_swap,0.8236590041973268,"Hot Tazo® Green Tea Latte is a hot tea drink with regular sweetness and medium caffeine. Featuring espresso shot, oat milk, ice."
1152,Iced Tazo® Green Tea Latte,tea,iced,regular,medium,"[1,10,36]",['tea']; augmented; temp_iced,0.7308678004724605,"Iced Tazo® Green Tea Latte is a iced tea drink with regular sweetness and medium caffeine. Featuring espresso shot, whole milk, ice."
1153,Hot Tazo® Green Tea Latte (Half Sugar),tea,hot,half,medium,"[1,10,36]",['tea']; augmented; sugar_half,0.7340700913499455,"Hot Tazo® Green Tea Latte (Half Sugar) is a hot tea drink with half sugar and medium caffeine. Featuring espresso shot, whole milk, ice."
1154,Hot Tazo® Green Tea Latte,tea,hot,regular,low,"[1,10,36]",['tea']; augmented; caffeine_low,0.7313057842072571,"Hot Tazo® Green Tea Latte is a hot tea drink with regular sweetness and low caffeine. Featuring espresso shot, whole milk, ice."
1155,Hot Tazo® Green Tea Latte (Half Sugar),tea,hot,half,medium,"[1,10,36]",['tea']; augmented; sugar_half,0.7333356864251923,"Hot Tazo® Green Tea Latte (Half Sugar) is a hot tea drink with half sugar and medium caffeine. Featuring espresso shot, whole milk, ice."
1156,Hot Tazo® Green Tea Latte,tea,hot,regular,medium,"[1,12,36]",['tea']; augmented; ingredient_swap,0.7308783861808045,"Hot Tazo® Green Tea Latte is a hot tea drink with regular sweetness and medium caffeine. Featuring espresso shot, oat milk, ice."
1157,Hot Tazo® Green Tea Latte (Half Sugar),tea,hot,half,medium,"[1,10,36]",['tea']; augmented; sugar_half,0.7856704959332266,"Hot Tazo® Green Tea Latte (Half Sugar) is a hot tea drink with half sugar and medium caffeine. Featuring espresso shot, whole milk, ice."
1158,Hot Tazo® Green Tea Latte (Half Sugar),tea,hot,half,low,"[1,36,38]",['tea']; augmented; combo,0.7926151274396956,"Hot Tazo® Green Tea Latte (Half Sugar) is a hot tea drink with half sugar and low caffeine. Featuring espresso shot, ice, coconut milk."
1159,Hot Tazo® Green Tea Latte,tea,hot,regular,medium,"[1,14,36]",['tea']; augmented; ingredient_swap,0.7328776111875157,"Hot Tazo® Green Tea Latte is a hot tea drink with regular sweetness and medium caffeine. Featuring espresso shot, soy milk, ice."
1160,Iced Tazo® Green Tea Latte,tea,iced,regular,medium,"[1,10,36]",['tea']; augmented; temp_iced,0.7250293328068731,"Iced Tazo® Green Tea Latte is a iced tea drink with regular sweetness and medium caffeine. Featuring espresso shot, whole milk, ice."
1161,Iced Tazo® Green Tea Latte,tea,iced,regular,medium,"[1,10,36]",['tea']; augmented; temp_iced,0.7641424666915921,"Iced Tazo® Green Tea Latte is a iced tea drink with regular sweetness and medium caffeine. Featuring espresso shot, whole milk, ice."
1162,Iced Tazo® Green Tea Latte,tea,iced,regular,medium,"[1,10,36]",['tea']; augmented; temp_iced,0.7334333086715709,"Iced Tazo® Green Tea Latte is a iced tea drink with regular sweetness and medium caffeine. Featuring espresso shot, whole milk, ice."
1163,Hot Tazo® Green Tea Latte (Half Sugar),tea,hot,half,medium,"[1,10,36]",['tea']; augmented; sugar_half,0.7689879545326653,"Hot Tazo® Green Tea Latte (Half Sugar) is a hot tea drink with half sugar and medium caffeine. Featuring espresso shot, whole milk, ice."
1164,Iced Tazo® Full-Leaf Tea Latte,tea,iced,regular,medium,"[1,10,36]",['tea']; augmented; temp_iced,0.756087690625539,"Iced Tazo® Full-Leaf Tea Latte is a iced tea drink with regular sweetness and medium caffeine. Featuring espresso shot, whole milk, ice."
1165,Hot Tazo® Full-Leaf Tea Latte,tea,hot,regular,medium,"[1,13,36]",['tea']; augmented; swap_add,0.7045276765500831,"Hot Tazo® Full-Leaf Tea Latte is a hot tea drink with regular sweetness and medium caffeine. Featuring espresso shot, almond milk, ice."
1166,Hot Tazo® Full-Leaf Tea Latte (Half Sugar),tea,hot,half,medium,"[1,10,36]",['tea']; augmented; sugar_half,0.7964251560399018,"Hot Tazo® Full-Leaf Tea Latte (Half Sugar) is a hot tea drink with half sugar and medium caffeine. Featuring espresso shot, whole milk, ice."
1167,"Hot Tazo® Full-Leaf Tea Latte (Half Sugar, Extra Caffeine)",tea,hot,half,high,"[4,10,36]",['tea']; augmented; combo,0.8038763301928656,"Hot Tazo® Full-Leaf Tea Latte (Half Sugar, Extra Caffeine) is a hot tea drink with half sugar and high caffeine. Featuring creme base, whole milk, ice."
1168,Hot Tazo® Full-Leaf Tea Latte,tea,hot,regular,medium,"[1,10,36]",['tea']; augmented; sugar_regular,0.7316163392854684,"Hot Tazo® Full-Leaf Tea Latte is a hot tea drink with regular sweetness and medium caffeine. Featuring espresso shot, whole milk, ice."
1169,Hot Tazo® Full-Leaf Tea Latte,tea,hot,regular,low,"[1,10,36]",['tea']; augmented; caffeine_low,0.7383689532019205,"Hot Tazo® Full-Leaf Tea Latte is a hot tea drink with regular sweetness and low caffeine. Featuring espresso shot, whole milk, ice."
1170,Hot Tazo® Full-Leaf Tea Latte (Extra Caffeine),tea,hot,regular,high,"[1,10,36]",['tea']; augmented; caffeine_high,0.7585759617217471,"Hot Tazo® Full-Leaf Tea Latte (Extra Caffeine) is a hot tea drink with regular sweetness and high caffeine. Featuring espresso shot, whole milk, ice."
1171,Hot Tazo® Full-Leaf Tea Latte,tea,hot,regular,medium,"[6,10,36,47]",['tea']; augmented; swap_add,0.7600337036996108,"Hot Tazo® Full-Leaf Tea Latte is a hot tea drink with regular sweetness and medium caffeine. Featuring black tea, whole milk, ice, lemonade."
1172,Hot Tazo® Full-Leaf Tea Latte,tea,hot,regular,medium,"[1,12,36]",['tea']; augmented; ingredient_swap,0.7697563281801849,"Hot Tazo® Full-Leaf Tea Latte is a hot tea drink with regular sweetness and medium caffeine. Featuring espresso shot, oat milk, ice."
1173,Hot Tazo® Full-Leaf Tea Latte (Extra Caffeine),tea,hot,regular,high,"[9,10,34,36]",['tea']; augmented; combo,0.8103061361629905,"Hot Tazo® Full-Leaf Tea Latte (Extra Caffeine) is a hot tea drink with regular sweetness and high caffeine. Featuring coconut water, whole milk, cold foam, ice."
1174,Hot Tazo® Full-Leaf Tea Latte (Half Sugar),tea,hot,half,medium,"[1,10,36]",['tea']; augmented; sugar_half,0.7446915831751785,"Hot Tazo® Full-Leaf Tea Latte (Half Sugar) is a hot tea drink with half sugar and medium caffeine. Featuring espresso shot, whole milk, ice."
1175,Iced Tazo® Full-Leaf Tea Latte,tea,iced,regular,medium,"[1,10,36]",['tea']; augmented; temp_iced,0.7260510826638464,"Iced Tazo® Full-Leaf Tea Latte is a iced tea drink with regular sweetness and medium caffeine. Featuring espresso shot, whole milk, ice."
1176,Hot Tazo® Full-Leaf Tea Latte (Half Sugar),tea,hot,half,low,"[10,23,36,46]",['tea']; augmented; combo,0.7086204231595642,"Hot Tazo® Full-Leaf Tea Latte (Half Sugar) is a hot tea drink with half sugar and low caffeine. Featuring whole milk, nutmeg powder, ice, strawberry base."
1177,Hot Tazo® Full-Leaf Tea Latte,tea,hot,regular,medium,"[3,10,36]",['tea']; augmented; ingredient_swap,0.7280720988017424,"Hot Tazo® Full-Leaf Tea Latte is a hot tea drink with regular sweetness and medium caffeine. Featuring brewed coffee, whole milk, ice."
1178,Hot Tazo® Full-Leaf Tea Latte (Half Sugar),tea,hot,half,medium,"[1,10,36]",['tea']; augmented; sugar_half,0.749006190813786,"Hot Tazo® Full-Leaf Tea Latte (Half Sugar) is a hot tea drink with half sugar and medium caffeine. Featuring espresso shot, whole milk, ice."
1179,Hot Tazo® Full-Leaf Tea Latte,tea,hot,regular,low,"[1,10,36]",['tea']; augmented; caffeine_low,0.8038367359055336,"Hot Tazo® Full-Leaf Tea Latte is a hot tea drink with regular sweetness and low caffeine. Featuring espresso shot, whole milk, ice."
1180,"Hot Tazo® Full-Leaf Tea Latte (Zero Sugar, Extra Caffeine)",tea,hot,zero,high,"[1,13,33,36]",['tea']; augmented; combo,0.7344716610289148,"Hot Tazo® Full-Leaf Tea Latte (Zero Sugar, Extra Caffeine) is a hot tea drink with zero sugar and high caffeine. Featuring espresso shot, almond milk, whipped cream, ice."
1181,Hot Tazo® Full-Leaf Tea Latte (Extra Caffeine),tea,hot,regular,high,"[1,10,36]",['tea']; augmented; caffeine_high,0.756713638549167,"Hot Tazo® Full-Leaf Tea Latte (Extra Caffeine) is a hot tea drink with regular sweetness and high caffeine. Featuring espresso shot, whole milk, ice."
1182,Iced Tazo® Full-Leaf Tea Latte,tea,iced,regular,medium,"[1,10,36]",['tea']; augmented; temp_iced,0.7495073131178175,"Iced Tazo® Full-Leaf Tea Latte is a iced tea drink with regular sweetness and medium caffeine. Featuring espresso shot, whole milk, ice."
1183,"Hot Tazo® Full-Leaf Tea Latte (Half Sugar, Extra Caffeine)",tea,hot,half,high,"[1,12,36]",['tea']; augmented; combo,0.7856517982034426,"Hot Tazo® Full-Leaf Tea Latte (Half Sugar, Extra Caffeine) is a hot tea drink with half sugar and high caffeine. Featuring espresso shot, oat milk, ice."
1184,Hot Tazo® Full-Leaf Tea Latte,tea,hot,regular,medium,"[1,36,38]",['tea']; augmented; ingredient_swap,0.8258079727762087,"Hot Tazo® Full-Leaf Tea Latte is a hot tea drink with regular sweetness and medium caffeine. Featuring espresso shot, ice, coconut milk."
1185,Hot Tazo® Full-Leaf Tea Latte,tea,hot,regular,medium,"[10,36,46]",['tea']; augmented; ingredient_swap,0.7340739368123904,"Hot Tazo® Full-Leaf Tea Latte is a hot tea drink with regular sweetness and medium caffeine. Featuring whole milk, ice, strawberry base."
1186,Hot Tazo® Full-Leaf Tea Latte (Zero Sugar),tea,hot,zero,low,"[1,11,29,36]",['tea']; augmented; combo,0.7353168167244534,"Hot Tazo® Full-Leaf Tea Latte (Zero Sugar) is a hot tea drink with zero sugar and low caffeine. Featuring espresso shot, skim milk, blueberry puree, ice."
1187,Iced Tazo® Full-Leaf Tea Latte,tea,iced,regular,medium,"[1,10,36]",['tea']; augmented; temp_iced,0.7813248263120721,"Iced Tazo® Full-Leaf Tea Latte is a iced tea drink with regular sweetness and medium caffeine. Featuring espresso shot, whole milk, ice."
1188,Iced Tazo® Full-Leaf Tea Latte,tea,iced,regular,medium,"[1,10,36]",['tea']; augmented; temp_iced,0.7704567446887893,"Iced Tazo® Full-Leaf Tea Latte is a iced tea drink with regular sweetness and medium caffeine. Featuring espresso shot, whole milk, ice."
1189,Hot Tazo® Full-Leaf Tea Latte,tea,hot,regular,low,"[1,10,36]",['tea']; augmented; caffeine_low,0.805401219772081,"Hot Tazo® Full-Leaf Tea Latte is a hot tea drink with regular sweetness and low caffeine. Featuring espresso shot, whole milk, ice."
1190,Hot Tazo® Full-Leaf Tea Latte,tea,hot,regular,medium,"[10,36,45]",['tea']; augmented; ingredient_swap,0.7675178455597789,"Hot Tazo® Full-Leaf Tea Latte is a hot tea drink with regular sweetness and medium caffeine. Featuring whole milk, ice, mango base."
1191,Iced Tazo® Full-Leaf Tea Latte,tea,iced,regular,medium,"[1,10,36]",['tea']; augmented; temp_iced,0.7392212372763882,"Iced Tazo® Full-Leaf Tea Latte is a iced tea drink with regular sweetness and medium caffeine. Featuring espresso shot, whole milk, ice."
1192,Hot Tazo® Full-Leaf Tea Latte (Extra Caffeine),tea,hot,regular,high,"[1,10,36]",['tea']; augmented; caffeine_high,0.7677196449207693,"Hot Tazo® Full-Leaf Tea Latte (Extra Caffeine) is a hot tea drink with regular sweetness and high caffeine. Featuring espresso shot, whole milk, ice."
1193,Hot Tazo® Full-Leaf Tea Latte (Half Sugar),tea,hot,half,low,"[1,4,11,36]",['tea']; augmented; combo,0.7832611074174872,"Hot Tazo® Full-Leaf Tea Latte (Half Sugar) is a hot tea drink with half sugar and low caffeine. Featuring espresso shot, creme base, skim milk, ice."
1194,Hot Tazo® Full-Leaf Tea Latte,tea,hot,regular,medium,"[1,13,36]",['tea']; augmented; ingredient_swap,0.7746144654359209,"Hot Tazo® Full-Leaf Tea Latte is a hot tea drink with regular sweetness and medium caffeine. Featuring espresso shot, almond milk, ice."
1195,Hot Tazo® Full-Leaf Tea Latte (Half Sugar),tea,hot,half,medium,"[1,10,36]",['tea']; augmented; sugar_half,0.7652182209332189,"Hot Tazo® Full-Leaf Tea Latte (Half Sugar) is a hot tea drink with half sugar and medium caffeine. Featuring espresso shot, whole milk, ice."
1196,Hot Tazo® Full-Leaf Tea Latte,tea,hot,regular,medium,"[1,11,36]",['tea']; augmented; ingredient_swap,0.7820002406876746,"Hot Tazo® Full-Leaf Tea Latte is a hot tea drink with regular sweetness and medium caffeine. Featuring espresso shot, skim milk, ice."
1197,Hot Tazo® Full-Leaf Tea Latte,tea,hot,regular,low,"[1,10,36]",['tea']; augmented; caffeine_low,0.7850788677133702,"Hot Tazo® Full-Leaf Tea Latte is a hot tea drink with regular sweetness and low caffeine. Featuring espresso shot, whole milk, ice."
1198,Hot Tazo® Full-Leaf Tea Latte,tea,hot,regular,medium,"[10,36,47]",['tea']; augmented; ingredient_swap,0.7914647697311258,"Hot Tazo® Full-Leaf Tea Latte is a hot tea drink with regular sweetness and medium caffeine. Featuring whole milk, ice, lemonade."
1199,Hot Tazo® Full-Leaf Tea Latte (Half Sugar),tea,hot,half,low,"[5,10,27,36]",['tea']; augmented; combo,0.7694612966276893,"Hot Tazo® Full-Leaf Tea Latte (Half Sugar) is a hot tea drink with half sugar and low caffeine. Featuring green tea, whole milk, mango puree, ice."
1200,Hot Tazo® Full-Leaf Tea Latte,tea,hot,regular,medium,"[9,10,36]",['tea']; augmented; ingredient_swap,0.7449864575904944,"Hot Tazo® Full-Leaf Tea Latte is a hot tea drink with regular sweetness and medium caffeine. Featuring coconut water, whole milk, ice."
1201,Hot Tazo® Full-Leaf Tea Latte,tea,hot,regular,medium,"[1,11,36]",['tea']; augmented; ingredient_swap,0.7544014105929997,"Hot Tazo® Full-Leaf Tea Latte is a hot tea drink with regular sweetness and medium caffeine. Featuring espresso shot, skim milk, ice."
1202,Hot Tazo® Full-Leaf Tea Latte (Half Sugar),tea,hot,half,low,"[1,13,19,36]",['tea']; augmented; combo,0.7861952689952507,"Hot Tazo® Full-Leaf Tea Latte (Half Sugar) is a hot tea drink with half sugar and low caffeine. Featuring espresso shot, almond milk, chocolate syrup, ice."
1203,Hot Tazo® Full-Leaf Tea Latte,tea,hot,regular,medium,"[1,12,36]",['tea']; augmented; ingredient_swap,0.7254919298703829,"Hot Tazo® Full-Leaf Tea Latte is a hot tea drink with regular sweetness and medium caffeine. Featuring espresso shot, oat milk, ice."
1204,Hot Tazo® Full-Leaf Tea Latte,tea,hot,regular,low,"[1,10,36]",['tea']; augmented; caffeine_low,0.7610601992661871,"Hot Tazo® Full-Leaf Tea Latte is a hot tea drink with regular sweetness and low caffeine. Featuring espresso shot, whole milk, ice."
1205,Hot Tazo® Full-Leaf Tea Latte,tea,hot,regular,medium,"[1,10,36]",['tea']; augmented; sugar_regular,0.7381998356301792,"Hot Tazo® Full-Leaf Tea Latte is a hot tea drink with regular sweetness and medium caffeine. Featuring espresso shot, whole milk, ice."
1206,Iced Tazo® Full-Leaf Tea Latte,tea,iced,regular,medium,"[1,10,36]",['tea']; augmented; temp_iced,0.7508623446880445,"Iced Tazo® Full-Leaf Tea Latte is a iced tea drink with regular sweetness and medium caffeine. Featuring espresso shot, whole milk, ice."
1207,Iced Tazo® Full-Leaf Tea Latte,tea,iced,regular,medium,"[1,10,36]",['tea']; augmented; temp_iced,0.788353555878219,"Iced Tazo® Full-Leaf Tea Latte is a iced tea drink with regular sweetness and medium caffeine. Featuring espresso shot, whole milk, ice."
1208,"Hot Tazo® Full-Leaf Tea Latte (Half Sugar, Extra Caffeine)",tea,hot,half,high,"[9,10,36]",['tea']; augmented; combo,0.7557329720405971,"Hot Tazo® Full-Leaf Tea Latte (Half Sugar, Extra Caffeine) is a hot tea drink with half sugar and high caffeine. Featuring coconut water, whole milk, ice."
1209,Hot Tazo® Full-Leaf Tea Latte,tea,hot,regular,medium,"[1,14,36]",['tea']; augmented; ingredient_swap,0.7513930964446844,"Hot Tazo® Full-Leaf Tea Latte is a hot tea drink with regular sweetness and medium caffeine. Featuring espresso shot, soy milk, ice."
1210,Hot Tazo® Full-Leaf Tea Latte,tea,hot,regular,low,"[1,10,36]",['tea']; augmented; caffeine_low,0.7092043157706024,"Hot Tazo® Full-Leaf Tea Latte is a hot tea drink with regular sweetness and low caffeine. Featuring espresso shot, whole milk, ice."
1211,Hot Tazo® Full-Leaf Tea Latte,tea,hot,regular,medium,"[3,10,36]",['tea']; augmented; ingredient_swap,0.7723876069808167,"Hot Tazo® Full-Leaf Tea Latte is a hot tea drink with regular sweetness and medium caffeine. Featuring brewed coffee, whole milk, ice."
1212,Hot Tazo® Full-Leaf Tea Latte,tea,hot,regular,medium,"[5,10,36]",['tea']; augmented; ingredient_swap,0.7693645254342323,"Hot Tazo® Full-Leaf Tea Latte is a hot tea drink with regular sweetness and medium caffeine. Featuring green tea, whole milk, ice."
1213,Hot Tazo® Full-Leaf Tea Latte (Half Sugar),tea,hot,half,medium,"[1,10,36]",['tea']; augmented; sugar_half,0.8148976416991638,"Hot Tazo® Full-Leaf Tea Latte (Half Sugar) is a hot tea drink with half sugar and medium caffeine. Featuring espresso shot, whole milk, ice."
1214,Hot Tazo® Full-Leaf Tea Latte,tea,hot,regular,medium,"[5,10,36]",['tea']; augmented; ingredient_swap,0.74076665295141,"Hot Tazo® Full-Leaf Tea Latte is a hot tea drink with regular sweetness and medium caffeine. Featuring green tea, whole milk, ice."
1215,"Hot Tazo® Full-Leaf Tea Latte (Half Sugar, Extra Caffeine)",tea,hot,half,high,"[1,11,14,36]",['tea']; augmented; combo,0.7565745098299181,"Hot Tazo® Full-Leaf Tea Latte (Half Sugar, Extra Caffeine) is a hot tea drink with half sugar and high caffeine. Featuring espresso shot, skim milk, soy milk, ice."
1216,Hot Tazo® Full-Leaf Tea Latte (Extra Caffeine),tea,hot,regular,high,"[1,10,36]",['tea']; augmented; caffeine_high,0.7574815105113226,"Hot Tazo® Full-Leaf Tea Latte (Extra Caffeine) is a hot tea drink with regular sweetness and high caffeine. Featuring espresso shot, whole milk, ice."
1217,Hot Tazo® Full-Leaf Tea Latte,tea,hot,regular,medium,"[1,5,36,38]",['tea']; augmented; swap_add,0.7973235983929042,"Hot Tazo® Full-Leaf Tea Latte is a hot tea drink with regular sweetness and medium caffeine. Featuring espresso shot, green tea, ice, coconut milk."
1218,Iced Tazo® Full-Leaf Tea Latte,tea,iced,regular,medium,"[1,10,36]",['tea']; augmented; temp_iced,0.7471411340283914,"Iced Tazo® Full-Leaf Tea Latte is a iced tea drink with regular sweetness and medium caffeine. Featuring espresso shot, whole milk, ice."
1219,Hot Tazo® Full-Leaf Tea Latte,tea,hot,regular,medium,"[10,36,46]",['tea']; augmented; ingredient_swap,0.7583706457731102,"Hot Tazo® Full-Leaf Tea Latte is a hot tea drink with regular sweetness and medium caffeine. Featuring whole milk, ice, strawberry base."
1220,Hot Tazo® Full-Leaf Tea Latte,tea,hot,regular,medium,"[10,36,46]",['tea']; augmented; swap_add,0.7682368952914962,"Hot Tazo® Full-Leaf Tea Latte is a hot tea drink with regular sweetness and medium caffeine. Featuring whole milk, ice, strawberry base."
1221,Hot Tazo® Full-Leaf Tea Latte (Extra Caffeine),tea,hot,regular,high,"[1,10,36]",['tea']; augmented; caffeine_high,0.7555982736946908,"Hot Tazo® Full-Leaf Tea Latte (Extra Caffeine) is a hot tea drink with regular sweetness and high caffeine. Featuring espresso shot, whole milk, ice."
1222,Hot Tazo® Full-Leaf Tea Latte,tea,hot,regular,medium,"[1,14,36]",['tea']; augmented; ingredient_swap,0.7366069915634842,"Hot Tazo® Full-Leaf Tea Latte is a hot tea drink with regular sweetness and medium caffeine. Featuring espresso shot, soy milk, ice."
1223,Hot Tazo® Full-Leaf Tea Latte,tea,hot,regular,medium,"[1,12,36,45]",['tea']; augmented; swap_add,0.7558226997869493,"Hot Tazo® Full-Leaf Tea Latte is a hot tea drink with regular sweetness and medium caffeine. Featuring espresso shot, oat milk, ice, mango base."
1224,Hot Tazo® Full-Leaf Red Tea Latte (Vanilla Rooibos) (Decaf),tea,hot,regular,none,"[1,11,15,32,36]",['tea']; augmented; swap_add,0.7822089524957931,"Hot Tazo® Full-Leaf Red Tea Latte (Vanilla Rooibos) (Decaf) is a hot tea drink with regular sweetness and decaf. Featuring espresso shot, skim milk, vanilla syrup, peach puree."
1225,"Hot Tazo® Full-Leaf Red Tea Latte (Vanilla Rooibos) (Half Sugar, Decaf)",tea,hot,half,none,"[1,10,15,36]",['tea']; augmented; sugar_half,0.7192045410176682,"Hot Tazo® Full-Leaf Red Tea Latte (Vanilla Rooibos) (Half Sugar, Decaf) is a hot tea drink with half sugar and decaf. Featuring espresso shot, whole milk, vanilla syrup, ice."
1226,Hot Tazo® Full-Leaf Red Tea Latte (Vanilla Rooibos) (Decaf),tea,hot,regular,none,"[2,10,15,36]",['tea']; augmented; ingredient_swap,0.7539890902244063,"Hot Tazo® Full-Leaf Red Tea Latte (Vanilla Rooibos) (Decaf) is a hot tea drink with regular sweetness and decaf. Featuring cold brew coffee, whole milk, vanilla syrup, ice."
1227,Hot Tazo® Full-Leaf Red Tea Latte (Vanilla Rooibos),tea,hot,regular,low,"[1,10,15,36]",['tea']; augmented; caffeine_low,0.7289963755518248,"Hot Tazo® Full-Leaf Red Tea Latte (Vanilla Rooibos) is a hot tea drink with regular sweetness and low caffeine. Featuring espresso shot, whole milk, vanilla syrup, ice."
1228,Hot Tazo® Full-Leaf Red Tea Latte (Vanilla Rooibos),tea,hot,regular,low,"[1,10,15,36]",['tea']; augmented; caffeine_low,0.7858513988677452,"Hot Tazo® Full-Leaf Red Tea Latte (Vanilla Rooibos) is a hot tea drink with regular sweetness and low caffeine. Featuring espresso shot, whole milk, vanilla syrup, ice."
1229,Hot Tazo® Full-Leaf Red Tea Latte (Vanilla Rooibos) (Decaf),tea,hot,regular,none,"[1,12,15,36]",['tea']; augmented; ingredient_swap,0.7043043928564867,"Hot Tazo® Full-Leaf Red Tea Latte (Vanilla Rooibos) (Decaf) is a hot tea drink with regular sweetness and decaf. Featuring espresso shot, oat milk, vanilla syrup, ice."
1230,"Hot Tazo® Full-Leaf Red Tea Latte (Vanilla Rooibos) (Half Sugar, Decaf)",tea,hot,half,none,"[1,10,15,36]",['tea']; augmented; sugar_half,0.7332323445818524,"Hot Tazo® Full-Leaf Red Tea Latte (Vanilla Rooibos) (Half Sugar, Decaf) is a hot tea drink with half sugar and decaf. Featuring espresso shot, whole milk, vanilla syrup, ice."
1231,Hot Tazo® Full-Leaf Red Tea Latte (Vanilla Rooibos) (Half Sugar),tea,hot,half,low,"[10,15,36,46]",['tea']; augmented; combo,0.7613163562519356,"Hot Tazo® Full-Leaf Red Tea Latte (Vanilla Rooibos) (Half Sugar) is a hot tea drink with half sugar and low caffeine. Featuring whole milk, vanilla syrup, ice, strawberry base."
1232,"Hot Tazo® Full-Leaf Red Tea Latte (Vanilla Rooibos) (Half Sugar, Decaf)",tea,hot,half,none,"[1,10,15,36]",['tea']; augmented; sugar_half,0.7969657208770302,"Hot Tazo® Full-Leaf Red Tea Latte (Vanilla Rooibos) (Half Sugar, Decaf) is a hot tea drink with half sugar and decaf. Featuring espresso shot, whole milk, vanilla syrup, ice."
1233,Hot Tazo® Full-Leaf Red Tea Latte (Vanilla Rooibos) (Decaf),tea,hot,regular,none,"[1,15,36,38]",['tea']; augmented; ingredient_swap,0.7480274921678104,"Hot Tazo® Full-Leaf Red Tea Latte (Vanilla Rooibos) (Decaf) is a hot tea drink with regular sweetness and decaf. Featuring espresso shot, vanilla syrup, ice, coconut milk."
1234,Hot Tazo® Full-Leaf Red Tea Latte (Vanilla Rooibos) (Decaf),tea,hot,regular,none,"[1,10,15,36]",['tea']; augmented; caffeine_none,0.733344014199204,"Hot Tazo® Full-Leaf Red Tea Latte (Vanilla Rooibos) (Decaf) is a hot tea drink with regular sweetness and decaf. Featuring espresso shot, whole milk, vanilla syrup, ice."
1235,Hot Tazo® Full-Leaf Red Tea Latte (Vanilla Rooibos) (Decaf),tea,hot,regular,none,"[1,10,20,36]",['tea']; augmented; swap_add,0.8064347120832177,"Hot Tazo® Full-Leaf Red Tea Latte (Vanilla Rooibos) (Decaf) is a hot tea drink with regular sweetness and decaf. Featuring espresso shot, whole milk, white chocolate syrup, ice."
1236,Hot Tazo® Full-Leaf Red Tea Latte (Vanilla Rooibos) (Decaf),tea,hot,regular,none,"[1,10,18,36]",['tea']; augmented; ingredient_swap,0.7065595829875126,"Hot Tazo® Full-Leaf Red Tea Latte (Vanilla Rooibos) (Decaf) is a hot tea drink with regular sweetness and decaf. Featuring espresso shot, whole milk, classic simple syrup, ice."
1237,"Hot Tazo® Full-Leaf Red Tea Latte (Vanilla Rooibos) (Zero Sugar, Decaf)",tea,hot,zero,none,"[1,10,15,36]",['tea']; augmented; sugar_zero,0.6840358213013975,"Hot Tazo® Full-Leaf Red Tea Latte (Vanilla Rooibos) (Zero Sugar, Decaf) is a hot tea drink with zero sugar and decaf. Featuring espresso shot, whole milk, vanilla syrup, ice."
1238,Iced Tazo® Full-Leaf Red Tea Latte (Vanilla Rooibos) (Decaf),tea,iced,regular,none,"[1,10,15,36]",['tea']; augmented; temp_iced,0.7632004335015999,"Iced Tazo® Full-Leaf Red Tea Latte (Vanilla Rooibos) (Decaf) is a iced tea drink with regular sweetness and decaf. Featuring espresso shot, whole milk, vanilla syrup, ice."
1239,"Hot Tazo® Full-Leaf Red Tea Latte (Vanilla Rooibos) (Half Sugar, Decaf)",tea,hot,half,none,"[1,10,15,36]",['tea']; augmented; sugar_half,0.7349383732694217,"Hot Tazo® Full-Leaf Red Tea Latte (Vanilla Rooibos) (Half Sugar, Decaf) is a hot tea drink with half sugar and decaf. Featuring espresso shot, whole milk, vanilla syrup, ice."
1240,Iced Tazo® Full-Leaf Red Tea Latte (Vanilla Rooibos) (Decaf),tea,iced,regular,none,"[1,10,15,36]",['tea']; augmented; temp_iced,0.7193630154860786,"Iced Tazo® Full-Leaf Red Tea Latte (Vanilla Rooibos) (Decaf) is a iced tea drink with regular sweetness and decaf. Featuring espresso shot, whole milk, vanilla syrup, ice."
1241,Hot Tazo® Full-Leaf Red Tea Latte (Vanilla Rooibos) (Decaf),tea,hot,regular,none,"[1,10,15,36]",['tea']; augmented; caffeine_none,0.7712506934189806,"Hot Tazo® Full-Leaf Red Tea Latte (Vanilla Rooibos) (Decaf) is a hot tea drink with regular sweetness and decaf. Featuring espresso shot, whole milk, vanilla syrup, ice."
1242,Hot Tazo® Full-Leaf Red Tea Latte (Vanilla Rooibos),tea,hot,regular,low,"[1,10,15,36]",['tea']; augmented; caffeine_low,0.757314021413136,"Hot Tazo® Full-Leaf Red Tea Latte (Vanilla Rooibos) is a hot tea drink with regular sweetness and low caffeine. Featuring espresso shot, whole milk, vanilla syrup, ice."
1243,Hot Tazo® Full-Leaf Red Tea Latte (Vanilla Rooibos) (Decaf),tea,hot,regular,none,"[1,11,15,36]",['tea']; augmented; ingredient_swap,0.7330776410778982,"Hot Tazo® Full-Leaf Red Tea Latte (Vanilla Rooibos) (Decaf) is a hot tea drink with regular sweetness and decaf. Featuring espresso shot, skim milk, vanilla syrup, ice."
1244,Hot Tazo® Full-Leaf Red Tea Latte (Vanilla Rooibos) (Half Sugar),tea,hot,half,low,"[4,10,15,36]",['tea']; augmented; combo,0.7115908680398731,"Hot Tazo® Full-Leaf Red Tea Latte (Vanilla Rooibos) (Half Sugar) is a hot tea drink with half sugar and low caffeine. Featuring creme base, whole milk, vanilla syrup, ice."
1245,Hot Tazo® Full-Leaf Red Tea Latte (Vanilla Rooibos) (Decaf),tea,hot,regular,none,"[1,13,15,36]",['tea']; augmented; ingredient_swap,0.7761737198484043,"Hot Tazo® Full-Leaf Red Tea Latte (Vanilla Rooibos) (Decaf) is a hot tea drink with regular sweetness and decaf. Featuring espresso shot, almond milk, vanilla syrup, ice."
1246,"Hot Tazo® Full-Leaf Red Tea Latte (Vanilla Rooibos) (Half Sugar, Decaf)",tea,hot,half,none,"[1,10,15,36]",['tea']; augmented; sugar_half,0.7695060353387598,"Hot Tazo® Full-Leaf Red Tea Latte (Vanilla Rooibos) (Half Sugar, Decaf) is a hot tea drink with half sugar and decaf. Featuring espresso shot, whole milk, vanilla syrup, ice."
1247,Hot Tazo® Full-Leaf Red Tea Latte (Vanilla Rooibos) (Zero Sugar),tea,hot,zero,low,"[1,10,16,24,36]",['tea']; augmented; combo,0.7470247240866185,"Hot Tazo® Full-Leaf Red Tea Latte (Vanilla Rooibos) (Zero Sugar) is a hot tea drink with zero sugar and low caffeine. Featuring espresso shot, whole milk, caramel syrup, cinnamon powder."
1248,"Hot Tazo® Full-Leaf Red Tea Latte (Vanilla Rooibos) (Half Sugar, Decaf)",tea,hot,half,none,"[1,10,15,36]",['tea']; augmented; sugar_half,0.8053991098814299,"Hot Tazo® Full-Leaf Red Tea Latte (Vanilla Rooibos) (Half Sugar, Decaf) is a hot tea drink with half sugar and decaf. Featuring espresso shot, whole milk, vanilla syrup, ice."
1249,Hot Tazo® Full-Leaf Red Tea Latte (Vanilla Rooibos) (Half Sugar),tea,hot,half,low,"[1,11,15,36,46]",['tea']; augmented; combo,0.7178974570102155,"Hot Tazo® Full-Leaf Red Tea Latte (Vanilla Rooibos) (Half Sugar) is a hot tea drink with half sugar and low caffeine. Featuring espresso shot, skim milk, vanilla syrup, ice."
1250,"Hot Tazo® Full-Leaf Red Tea Latte (Vanilla Rooibos) (Half Sugar, Decaf)",tea,hot,half,none,"[1,10,15,36]",['tea']; augmented; sugar_half,0.7042342448722578,"Hot Tazo® Full-Leaf Red Tea Latte (Vanilla Rooibos) (Half Sugar, Decaf) is a hot tea drink with half sugar and decaf. Featuring espresso shot, whole milk, vanilla syrup, ice."
1251,Iced Tazo® Full-Leaf Red Tea Latte (Vanilla Rooibos) (Decaf),tea,iced,regular,none,"[1,10,15,36]",['tea']; augmented; temp_iced,0.7292427579035626,"Iced Tazo® Full-Leaf Red Tea Latte (Vanilla Rooibos) (Decaf) is a iced tea drink with regular sweetness and decaf. Featuring espresso shot, whole milk, vanilla syrup, ice."
1252,"Hot Tazo® Full-Leaf Red Tea Latte (Vanilla Rooibos) (Half Sugar, Decaf)",tea,hot,half,none,"[1,10,15,36]",['tea']; augmented; sugar_half,0.748632419509335,"Hot Tazo® Full-Leaf Red Tea Latte (Vanilla Rooibos) (Half Sugar, Decaf) is a hot tea drink with half sugar and decaf. Featuring espresso shot, whole milk, vanilla syrup, ice."
1253,Hot Tazo® Full-Leaf Red Tea Latte (Vanilla Rooibos),tea,hot,regular,low,"[1,10,15,36]",['tea']; augmented; caffeine_low,0.7573001834796808,"Hot Tazo® Full-Leaf Red Tea Latte (Vanilla Rooibos) is a hot tea drink with regular sweetness and low caffeine. Featuring espresso shot, whole milk, vanilla syrup, ice."
1254,Hot Tazo® Full-Leaf Red Tea Latte (Vanilla Rooibos) (Decaf),tea,hot,regular,none,"[10,15,36,37]",['tea']; augmented; ingredient_swap,0.7427629182643101,"Hot Tazo® Full-Leaf Red Tea Latte (Vanilla Rooibos) (Decaf) is a hot tea drink with regular sweetness and decaf. Featuring whole milk, vanilla syrup, ice, passion tea."
1255,Hot Tazo® Full-Leaf Red Tea Latte (Vanilla Rooibos) (Decaf),tea,hot,regular,none,"[1,10,15,36]",['tea']; augmented; caffeine_none,0.760561661895429,"Hot Tazo® Full-Leaf Red Tea Latte (Vanilla Rooibos) (Decaf) is a hot tea drink with regular sweetness and decaf. Featuring espresso shot, whole milk, vanilla syrup, ice."
1256,Hot Tazo® Full-Leaf Red Tea Latte (Vanilla Rooibos) (Decaf),tea,hot,regular,none,"[10,15,36,46]",['tea']; augmented; ingredient_swap,0.7124538172742867,"Hot Tazo® Full-Leaf Red Tea Latte (Vanilla Rooibos) (Decaf) is a hot tea drink with regular sweetness and decaf. Featuring whole milk, vanilla syrup, ice, strawberry base."
1257,Iced Tazo® Full-Leaf Red Tea Latte (Vanilla Rooibos) (Decaf),tea,iced,regular,none,"[1,10,15,36]",['tea']; augmented; temp_iced,0.7933129381221978,"Iced Tazo® Full-Leaf Red Tea Latte (Vanilla Rooibos) (Decaf) is a iced tea drink with regular sweetness and decaf. Featuring espresso shot, whole milk, vanilla syrup, ice."
1258,Iced Tazo® Full-Leaf Red Tea Latte (Vanilla Rooibos) (Decaf),tea,iced,regular,none,"[1,10,15,36]",['tea']; augmented; temp_iced,0.747535464648223,"Iced Tazo® Full-Leaf Red Tea Latte (Vanilla Rooibos) (Decaf) is a iced tea drink with regular sweetness and decaf. Featuring espresso shot, whole milk, vanilla syrup, ice."
1259,Hot Tazo® Full-Leaf Red Tea Latte (Vanilla Rooibos) (Decaf),tea,hot,regular,none,"[1,15,25,36,38]",['tea']; augmented; swap_add,0.7835188749476438,"Hot Tazo® Full-Leaf Red Tea Latte (Vanilla Rooibos) (Decaf) is a hot tea drink with regular sweetness and decaf. Featuring espresso shot, vanilla syrup, chai spice mix, ice."
1260,Hot Tazo® Full-Leaf Red Tea Latte (Vanilla Rooibos) (Decaf),tea,hot,regular,none,"[1,10,15,36]",['tea']; augmented; caffeine_none,0.7602817603913311,"Hot Tazo® Full-Leaf Red Tea Latte (Vanilla Rooibos) (Decaf) is a hot tea drink with regular sweetness and decaf. Featuring espresso shot, whole milk, vanilla syrup, ice."
1261,Hot Tazo® Full-Leaf Red Tea Latte (Vanilla Rooibos) (Decaf),tea,hot,regular,none,"[1,10,20,36]",['tea']; augmented; ingredient_swap,0.7637025965746135,"Hot Tazo® Full-Leaf Red Tea Latte (Vanilla Rooibos) (Decaf) is a hot tea drink with regular sweetness and decaf. Featuring espresso shot, whole milk, white chocolate syrup, ice."
1262,Hot Tazo® Full-Leaf Red Tea Latte (Vanilla Rooibos) (Half Sugar),tea,hot,half,low,"[5,6,10,15,36]",['tea']; augmented; combo,0.7670930184069661,"Hot Tazo® Full-Leaf Red Tea Latte (Vanilla Rooibos) (Half Sugar) is a hot tea drink with half sugar and low caffeine. Featuring green tea, black tea, whole milk, vanilla syrup."
1263,Iced Tazo® Full-Leaf Red Tea Latte (Vanilla Rooibos) (Decaf),tea,iced,regular,none,"[1,10,15,36]",['tea']; augmented; temp_iced,0.7634312568005195,"Iced Tazo® Full-Leaf Red Tea Latte (Vanilla Rooibos) (Decaf) is a iced tea drink with regular sweetness and decaf. Featuring espresso shot, whole milk, vanilla syrup, ice."
1264,Hot Tazo® Full-Leaf Red Tea Latte (Vanilla Rooibos) (Decaf),tea,hot,regular,none,"[10,15,36,41,47]",['tea']; augmented; swap_add,0.7692816827960263,"Hot Tazo® Full-Leaf Red Tea Latte (Vanilla Rooibos) (Decaf) is a hot tea drink with regular sweetness and decaf. Featuring whole milk, vanilla syrup, ice, gingerbread syrup."
1265,Hot Tazo® Full-Leaf Red Tea Latte (Vanilla Rooibos) (Decaf),tea,hot,regular,none,"[9,10,15,36]",['tea']; augmented; ingredient_swap,0.7898745759039729,"Hot Tazo® Full-Leaf Red Tea Latte (Vanilla Rooibos) (Decaf) is a hot tea drink with regular sweetness and decaf. Featuring coconut water, whole milk, vanilla syrup, ice."
1266,Hot Tazo® Full-Leaf Red Tea Latte (Vanilla Rooibos) (Decaf),tea,hot,regular,none,"[10,15,36,46]",['tea']; augmented; ingredient_swap,0.7558956350910441,"Hot Tazo® Full-Leaf Red Tea Latte (Vanilla Rooibos) (Decaf) is a hot tea drink with regular sweetness and decaf. Featuring whole milk, vanilla syrup, ice, strawberry base."
1267,Hot Tazo® Full-Leaf Red Tea Latte (Vanilla Rooibos) (Zero Sugar),tea,hot,zero,low,"[1,15,36,38]",['tea']; augmented; combo,0.7712701127276553,"Hot Tazo® Full-Leaf Red Tea Latte (Vanilla Rooibos) (Zero Sugar) is a hot tea drink with zero sugar and low caffeine. Featuring espresso shot, vanilla syrup, ice, coconut milk."
1268,Hot Tazo® Full-Leaf Red Tea Latte (Vanilla Rooibos) (Decaf),tea,hot,regular,none,"[1,15,36,38]",['tea']; augmented; ingredient_swap,0.7473079291713832,"Hot Tazo® Full-Leaf Red Tea Latte (Vanilla Rooibos) (Decaf) is a hot tea drink with regular sweetness and decaf. Featuring espresso shot, vanilla syrup, ice, coconut milk."
1269,Hot Tazo® Full-Leaf Red Tea Latte (Vanilla Rooibos) (Decaf),tea,hot,regular,none,"[1,10,15,36]",['tea']; augmented; caffeine_none,0.7932035164634842,"Hot Tazo® Full-Leaf Red Tea Latte (Vanilla Rooibos) (Decaf) is a hot tea drink with regular sweetness and decaf. Featuring espresso shot, whole milk, vanilla syrup, ice."
1270,Hot Tazo® Full-Leaf Red Tea Latte (Vanilla Rooibos) (Zero Sugar),tea,hot,zero,low,"[1,10,18,36]",['tea']; augmented; combo,0.7297082309382219,"Hot Tazo® Full-Leaf Red Tea Latte (Vanilla Rooibos) (Zero Sugar) is a hot tea drink with zero sugar and low caffeine. Featuring espresso shot, whole milk, classic simple syrup, ice."
1271,Hot Tazo® Full-Leaf Red Tea Latte (Vanilla Rooibos) (Zero Sugar),tea,hot,zero,low,"[1,12,15,34,36]",['tea']; augmented; combo,0.8040282129873244,"Hot Tazo® Full-Leaf Red Tea Latte (Vanilla Rooibos) (Zero Sugar) is a hot tea drink with zero sugar and low caffeine. Featuring espresso shot, oat milk, vanilla syrup, cold foam."
1272,Hot Tazo® Full-Leaf Red Tea Latte (Vanilla Rooibos) (Decaf),tea,hot,regular,none,"[6,10,15,36]",['tea']; augmented; ingredient_swap,0.7487952614806697,"Hot Tazo® Full-Leaf Red Tea Latte (Vanilla Rooibos) (Decaf) is a hot tea drink with regular sweetness and decaf. Featuring black tea, whole milk, vanilla syrup, ice."
1273,Hot Tazo® Full-Leaf Red Tea Latte (Vanilla Rooibos) (Decaf),tea,hot,regular,none,"[3,6,10,15,36]",['tea']; augmented; swap_add,0.7070767469364585,"Hot Tazo® Full-Leaf Red Tea Latte (Vanilla Rooibos) (Decaf) is a hot tea drink with regular sweetness and decaf. Featuring brewed coffee, black tea, whole milk, vanilla syrup."
1274,Hot Tazo® Full-Leaf Red Tea Latte (Vanilla Rooibos) (Decaf),tea,hot,regular,none,"[1,10,36,42]",['tea']; augmented; ingredient_swap,0.7538431324473237,"Hot Tazo® Full-Leaf Red Tea Latte (Vanilla Rooibos) (Decaf) is a hot tea drink with regular sweetness and decaf. Featuring espresso shot, whole milk, ice, sugar free syrup."
1275,Hot Tazo® Full-Leaf Red Tea Latte (Vanilla Rooibos) (Decaf),tea,hot,regular,none,"[1,14,15,36]",['tea']; augmented; ingredient_swap,0.7295684502757536,"Hot Tazo® Full-Leaf Red Tea Latte (Vanilla Rooibos) (Decaf) is a hot tea drink with regular sweetness and decaf. Featuring espresso shot, soy milk, vanilla syrup, ice."
1276,Iced Tazo® Full-Leaf Red Tea Latte (Vanilla Rooibos) (Decaf),tea,iced,regular,none,"[1,10,15,36]",['tea']; augmented; temp_iced,0.7752193064696618,"Iced Tazo® Full-Leaf Red Tea Latte (Vanilla Rooibos) (Decaf) is a iced tea drink with regular sweetness and decaf. Featuring espresso shot, whole milk, vanilla syrup, ice."
1277,"Hot Tazo® Full-Leaf Red Tea Latte (Vanilla Rooibos) (Half Sugar, Decaf)",tea,hot,half,none,"[1,10,15,36]",['tea']; augmented; sugar_half,0.7304212806209283,"Hot Tazo® Full-Leaf Red Tea Latte (Vanilla Rooibos) (Half Sugar, Decaf) is a hot tea drink with half sugar and decaf. Featuring espresso shot, whole milk, vanilla syrup, ice."
1278,"Hot Tazo® Full-Leaf Red Tea Latte (Vanilla Rooibos) (Half Sugar, Decaf)",tea,hot,half,none,"[1,10,15,36]",['tea']; augmented; sugar_half,0.7366144970035566,"Hot Tazo® Full-Leaf Red Tea Latte (Vanilla Rooibos) (Half Sugar, Decaf) is a hot tea drink with half sugar and decaf. Featuring espresso shot, whole milk, vanilla syrup, ice."
1279,Hot Tazo® Full-Leaf Red Tea Latte (Vanilla Rooibos) (Decaf),tea,hot,regular,none,"[7,10,15,36]",['tea']; augmented; swap_add,0.6933137780716341,"Hot Tazo® Full-Leaf Red Tea Latte (Vanilla Rooibos) (Decaf) is a hot tea drink with regular sweetness and decaf. Featuring yogurt base, whole milk, vanilla syrup, ice."
1280,"Hot Tazo® Full-Leaf Red Tea Latte (Vanilla Rooibos) (Half Sugar, Decaf)",tea,hot,half,none,"[1,10,15,36]",['tea']; augmented; sugar_half,0.7364308104225277,"Hot Tazo® Full-Leaf Red Tea Latte (Vanilla Rooibos) (Half Sugar, Decaf) is a hot tea drink with half sugar and decaf. Featuring espresso shot, whole milk, vanilla syrup, ice."
1281,Hot Tazo® Full-Leaf Red Tea Latte (Vanilla Rooibos) (Decaf),tea,hot,regular,none,"[1,10,15,36]",['tea']; augmented; caffeine_none,0.6772836202011313,"Hot Tazo® Full-Leaf Red Tea Latte (Vanilla Rooibos) (Decaf) is a hot tea drink with regular sweetness and decaf. Featuring espresso shot, whole milk, vanilla syrup, ice."
1282,Hot Tazo® Full-Leaf Red Tea Latte (Vanilla Rooibos) (Decaf),tea,hot,regular,none,"[1,10,15,36]",['tea']; augmented; caffeine_none,0.7024829152954283,"Hot Tazo® Full-Leaf Red Tea Latte (Vanilla Rooibos) (Decaf) is a hot tea drink with regular sweetness and decaf. Featuring espresso shot, whole milk, vanilla syrup, ice."
1283,Iced Tazo® Full-Leaf Red Tea Latte (Vanilla Rooibos) (Decaf),tea,iced,regular,none,"[1,10,15,36]",['tea']; augmented; temp_iced,0.7728124396843289,"Iced Tazo® Full-Leaf Red Tea Latte (Vanilla Rooibos) (Decaf) is a iced tea drink with regular sweetness and decaf. Featuring espresso shot, whole milk, vanilla syrup, ice."
1284,Iced Iced Brewed Coffee (With Classic Syrup),coffee,iced,regular,medium,"[12,36]",['coffee']; augmented; ingredient_swap,0.773574004759525,"Iced Iced Brewed Coffee (With Classic Syrup) is a iced coffee drink with regular sweetness and medium caffeine. Featuring oat milk, ice."
1285,Iced Iced Brewed Coffee (With Classic Syrup),coffee,iced,regular,medium,"[11,36,38]",['coffee']; augmented; swap_add,0.762763726853549,"Iced Iced Brewed Coffee (With Classic Syrup) is a iced coffee drink with regular sweetness and medium caffeine. Featuring skim milk, ice, coconut milk."
1286,Iced Iced Brewed Coffee (With Classic Syrup),coffee,iced,regular,medium,"[14,36]",['coffee']; augmented; ingredient_swap,0.7209907157061236,"Iced Iced Brewed Coffee (With Classic Syrup) is a iced coffee drink with regular sweetness and medium caffeine. Featuring soy milk, ice."
1287,Iced Iced Brewed Coffee (With Classic Syrup),coffee,iced,regular,medium,"[36,38]",['coffee']; augmented; ingredient_swap,0.7485686593157406,"Iced Iced Brewed Coffee (With Classic Syrup) is a iced coffee drink with regular sweetness and medium caffeine. Featuring ice, coconut milk."
1288,Iced Iced Brewed Coffee (With Classic Syrup) (Zero Sugar),coffee,iced,zero,medium,"[10,36]",['coffee']; augmented; sugar_zero,0.749891923827283,"Iced Iced Brewed Coffee (With Classic Syrup) (Zero Sugar) is a iced coffee drink with zero sugar and medium caffeine. Featuring whole milk, ice."
1289,Iced Iced Brewed Coffee (With Classic Syrup),coffee,iced,regular,medium,"[10,36]",['coffee']; augmented; caffeine_medium,0.7152490593242237,"Iced Iced Brewed Coffee (With Classic Syrup) is a iced coffee drink with regular sweetness and medium caffeine. Featuring whole milk, ice."
1290,Hot Iced Brewed Coffee (With Classic Syrup) (Extra Caffeine),coffee,hot,regular,high,"[10,36]",['coffee']; augmented; temp_hot,0.7951019490530146,"Hot Iced Brewed Coffee (With Classic Syrup) (Extra Caffeine) is a hot coffee drink with regular sweetness and high caffeine. Featuring whole milk, ice."
1291,Iced Iced Brewed Coffee (With Classic Syrup) (Half Sugar),coffee,iced,half,medium,"[13,14,36]",['coffee']; augmented; combo,0.7763208687172701,"Iced Iced Brewed Coffee (With Classic Syrup) (Half Sugar) is a iced coffee drink with half sugar and medium caffeine. Featuring almond milk, soy milk, ice."
1292,Iced Iced Brewed Coffee (With Classic Syrup) (Extra Caffeine),coffee,iced,regular,high,"[11,36]",['coffee']; augmented; swap_add,0.7433710747851101,"Iced Iced Brewed Coffee (With Classic Syrup) (Extra Caffeine) is a iced coffee drink with regular sweetness and high caffeine. Featuring skim milk, ice."
1293,Iced Iced Brewed Coffee (With Classic Syrup) (Extra Caffeine),coffee,iced,regular,high,"[10,36]",['coffee']; augmented; caffeine_high,0.750806575169836,"Iced Iced Brewed Coffee (With Classic Syrup) (Extra Caffeine) is a iced coffee drink with regular sweetness and high caffeine. Featuring whole milk, ice."
1294,Iced Iced Brewed Coffee (With Classic Syrup) (Extra Caffeine),coffee,iced,regular,high,"[12,36]",['coffee']; augmented; ingredient_swap,0.7562514842384266,"Iced Iced Brewed Coffee (With Classic Syrup) (Extra Caffeine) is a iced coffee drink with regular sweetness and high caffeine. Featuring oat milk, ice."
1295,Iced Iced Brewed Coffee (With Classic Syrup) (Extra Caffeine),coffee,iced,regular,high,"[10,36]",['coffee']; augmented; caffeine_high,0.6887479539472713,"Iced Iced Brewed Coffee (With Classic Syrup) (Extra Caffeine) is a iced coffee drink with regular sweetness and high caffeine. Featuring whole milk, ice."
1296,Iced Iced Brewed Coffee (With Classic Syrup),coffee,iced,regular,medium,"[10,36]",['coffee']; augmented; caffeine_medium,0.7425846785243821,"Iced Iced Brewed Coffee (With Classic Syrup) is a iced coffee drink with regular sweetness and medium caffeine. Featuring whole milk, ice."
1297,"Iced Iced Brewed Coffee (With Classic Syrup) (Half Sugar, Extra Caffeine)",coffee,iced,half,high,"[10,36]",['coffee']; augmented; sugar_half,0.729540472560066,"Iced Iced Brewed Coffee (With Classic Syrup) (Half Sugar, Extra Caffeine) is a iced coffee drink with half sugar and high caffeine. Featuring whole milk, ice."
1298,Hot Iced Brewed Coffee (With Classic Syrup) (Extra Caffeine),coffee,hot,regular,high,"[10,36]",['coffee']; augmented; temp_hot,0.7199513997031526,"Hot Iced Brewed Coffee (With Classic Syrup) (Extra Caffeine) is a hot coffee drink with regular sweetness and high caffeine. Featuring whole milk, ice."
1299,Iced Iced Brewed Coffee (With Milk & Classic Syrup) (Half Sugar),coffee,iced,half,medium,"[10,36]",['coffee']; augmented; sugar_half,0.7415669912134214,"Iced Iced Brewed Coffee (With Milk & Classic Syrup) (Half Sugar) is a iced coffee drink with half sugar and medium caffeine. Featuring whole milk, ice."
1300,Iced Iced Brewed Coffee (With Milk & Classic Syrup) (Half Sugar),coffee,iced,half,medium,"[10,36]",['coffee']; augmented; sugar_half,0.8039305958054856,"Iced Iced Brewed Coffee (With Milk & Classic Syrup) (Half Sugar) is a iced coffee drink with half sugar and medium caffeine. Featuring whole milk, ice."
1301,Hot Iced Brewed Coffee (With Milk & Classic Syrup),coffee,hot,regular,medium,"[10,36]",['coffee']; augmented; temp_hot,0.7692252858380103,"Hot Iced Brewed Coffee (With Milk & Classic Syrup) is a hot coffee drink with regular sweetness and medium caffeine. Featuring whole milk, ice."
1302,Iced Iced Brewed Coffee (With Milk & Classic Syrup),coffee,iced,regular,medium,"[13,36]",['coffee']; augmented; swap_add,0.732864630306516,"Iced Iced Brewed Coffee (With Milk & Classic Syrup) is a iced coffee drink with regular sweetness and medium caffeine. Featuring almond milk, ice."
1303,Hot Iced Brewed Coffee (With Milk & Classic Syrup),coffee,hot,regular,medium,"[10,36]",['coffee']; augmented; temp_hot,0.7671774834406847,"Hot Iced Brewed Coffee (With Milk & Classic Syrup) is a hot coffee drink with regular sweetness and medium caffeine. Featuring whole milk, ice."
1304,Iced Iced Brewed Coffee (With Milk & Classic Syrup),coffee,iced,regular,medium,"[36,38]",['coffee']; augmented; ingredient_swap,0.7919806630975801,"Iced Iced Brewed Coffee (With Milk & Classic Syrup) is a iced coffee drink with regular sweetness and medium caffeine. Featuring ice, coconut milk."
1305,Hot Iced Brewed Coffee (With Milk & Classic Syrup),coffee,hot,regular,medium,"[10,36]",['coffee']; augmented; temp_hot,0.777739010487383,"Hot Iced Brewed Coffee (With Milk & Classic Syrup) is a hot coffee drink with regular sweetness and medium caffeine. Featuring whole milk, ice."
1306,Iced Iced Brewed Coffee (With Milk & Classic Syrup) (Half Sugar),coffee,iced,half,low,"[14,36,39]",['coffee']; augmented; combo,0.7517889110976053,"Iced Iced Brewed Coffee (With Milk & Classic Syrup) (Half Sugar) is a iced coffee drink with half sugar and low caffeine. Featuring soy milk, ice, pecan syrup."
1307,Iced Iced Brewed Coffee (With Milk & Classic Syrup) (Extra Caffeine),coffee,iced,regular,high,"[10,36]",['coffee']; augmented; caffeine_high,0.7305918966688327,"Iced Iced Brewed Coffee (With Milk & Classic Syrup) (Extra Caffeine) is a iced coffee drink with regular sweetness and high caffeine. Featuring whole milk, ice."
1308,Iced Iced Brewed Coffee (With Milk & Classic Syrup) (Half Sugar),coffee,iced,half,low,"[11,36]",['coffee']; augmented; combo,0.7709466994084077,"Iced Iced Brewed Coffee (With Milk & Classic Syrup) (Half Sugar) is a iced coffee drink with half sugar and low caffeine. Featuring skim milk, ice."
1309,Iced Iced Brewed Coffee (With Milk & Classic Syrup),coffee,iced,regular,low,"[10,36]",['coffee']; augmented; caffeine_low,0.7618045615626525,"Iced Iced Brewed Coffee (With Milk & Classic Syrup) is a iced coffee drink with regular sweetness and low caffeine. Featuring whole milk, ice."
1310,Iced Iced Brewed Coffee (With Milk & Classic Syrup),coffee,iced,regular,medium,"[13,36]",['coffee']; augmented; ingredient_swap,0.7768557966008319,"Iced Iced Brewed Coffee (With Milk & Classic Syrup) is a iced coffee drink with regular sweetness and medium caffeine. Featuring almond milk, ice."
1311,Hot Iced Brewed Coffee (With Milk & Classic Syrup),coffee,hot,regular,medium,"[10,36]",['coffee']; augmented; temp_hot,0.7690551540504591,"Hot Iced Brewed Coffee (With Milk & Classic Syrup) is a hot coffee drink with regular sweetness and medium caffeine. Featuring whole milk, ice."
1312,Hot Iced Brewed Coffee (With Milk & Classic Syrup),coffee,hot,regular,medium,"[10,36]",['coffee']; augmented; temp_hot,0.78148658145958,"Hot Iced Brewed Coffee (With Milk & Classic Syrup) is a hot coffee drink with regular sweetness and medium caffeine. Featuring whole milk, ice."
1313,Iced Iced Brewed Coffee (With Milk & Classic Syrup),coffee,iced,regular,medium,"[13,36]",['coffee']; augmented; ingredient_swap,0.7339429436531829,"Iced Iced Brewed Coffee (With Milk & Classic Syrup) is a iced coffee drink with regular sweetness and medium caffeine. Featuring almond milk, ice."
1314,Iced Iced Brewed Coffee (With Milk & Classic Syrup),coffee,iced,regular,medium,"[14,36,39]",['coffee']; augmented; swap_add,0.7895218219690298,"Iced Iced Brewed Coffee (With Milk & Classic Syrup) is a iced coffee drink with regular sweetness and medium caffeine. Featuring soy milk, ice, pecan syrup."
1315,Iced Iced Brewed Coffee (With Milk & Classic Syrup),coffee,iced,regular,medium,"[13,36]",['coffee']; augmented; ingredient_swap,0.755927988140772,"Iced Iced Brewed Coffee (With Milk & Classic Syrup) is a iced coffee drink with regular sweetness and medium caffeine. Featuring almond milk, ice."
1316,Iced Iced Brewed Coffee (With Milk & Classic Syrup) (Half Sugar),coffee,iced,half,medium,"[10,36]",['coffee']; augmented; sugar_half,0.812257826178758,"Iced Iced Brewed Coffee (With Milk & Classic Syrup) (Half Sugar) is a iced coffee drink with half sugar and medium caffeine. Featuring whole milk, ice."
1317,Iced Iced Brewed Coffee (With Milk & Classic Syrup) (Half Sugar),coffee,iced,half,low,"[11,36]",['coffee']; augmented; combo,0.7293243654573129,"Iced Iced Brewed Coffee (With Milk & Classic Syrup) (Half Sugar) is a iced coffee drink with half sugar and low caffeine. Featuring skim milk, ice."
1318,Hot Iced Brewed Coffee (With Milk & Classic Syrup),coffee,hot,regular,medium,"[10,36]",['coffee']; augmented; temp_hot,0.8020789140949575,"Hot Iced Brewed Coffee (With Milk & Classic Syrup) is a hot coffee drink with regular sweetness and medium caffeine. Featuring whole milk, ice."
1319,Iced Iced Brewed Coffee (With Milk & Classic Syrup) (Half Sugar),coffee,iced,half,low,"[13,17,36]",['coffee']; augmented; combo,0.7559373235038794,"Iced Iced Brewed Coffee (With Milk & Classic Syrup) (Half Sugar) is a iced coffee drink with half sugar and low caffeine. Featuring almond milk, hazelnut syrup, ice."
1320,Hot Iced Brewed Coffee (With Milk & Classic Syrup),coffee,hot,regular,medium,"[10,36]",['coffee']; augmented; temp_hot,0.7304574598915665,"Hot Iced Brewed Coffee (With Milk & Classic Syrup) is a hot coffee drink with regular sweetness and medium caffeine. Featuring whole milk, ice."
1321,Iced Iced Brewed Coffee (With Milk & Classic Syrup) (Extra Caffeine),coffee,iced,regular,high,"[10,36]",['coffee']; augmented; caffeine_high,0.7354834249783704,"Iced Iced Brewed Coffee (With Milk & Classic Syrup) (Extra Caffeine) is a iced coffee drink with regular sweetness and high caffeine. Featuring whole milk, ice."
1322,Iced Iced Brewed Coffee (With Milk & Classic Syrup) (Half Sugar),coffee,iced,half,low,"[11,36]",['coffee']; augmented; combo,0.7403895807541704,"Iced Iced Brewed Coffee (With Milk & Classic Syrup) (Half Sugar) is a iced coffee drink with half sugar and low caffeine. Featuring skim milk, ice."
1323,"Iced Iced Brewed Coffee (With Milk & Classic Syrup) (Half Sugar, Extra Caffeine)",coffee,iced,half,high,"[33,36,38]",['coffee']; augmented; combo,0.7627249783920574,"Iced Iced Brewed Coffee (With Milk & Classic Syrup) (Half Sugar, Extra Caffeine) is a iced coffee drink with half sugar and high caffeine. Featuring whipped cream, ice, coconut milk."
1324,Iced Iced Brewed Coffee (With Milk & Classic Syrup) (Extra Caffeine),coffee,iced,regular,high,"[10,36]",['coffee']; augmented; caffeine_high,0.765685064641065,"Iced Iced Brewed Coffee (With Milk & Classic Syrup) (Extra Caffeine) is a iced coffee drink with regular sweetness and high caffeine. Featuring whole milk, ice."
1325,Iced Iced Brewed Coffee (With Milk & Classic Syrup) (Half Sugar),coffee,iced,half,medium,"[10,36]",['coffee']; augmented; sugar_half,0.7327889998818427,"Iced Iced Brewed Coffee (With Milk & Classic Syrup) (Half Sugar) is a iced coffee drink with half sugar and medium caffeine. Featuring whole milk, ice."
1326,Iced Iced Brewed Coffee (With Milk & Classic Syrup),coffee,iced,regular,medium,"[14,36]",['coffee']; augmented; ingredient_swap,0.7492693622321706,"Iced Iced Brewed Coffee (With Milk & Classic Syrup) is a iced coffee drink with regular sweetness and medium caffeine. Featuring soy milk, ice."
1327,Iced Iced Brewed Coffee (With Milk & Classic Syrup) (Half Sugar),coffee,iced,half,low,"[11,36]",['coffee']; augmented; combo,0.8142681107583559,"Iced Iced Brewed Coffee (With Milk & Classic Syrup) (Half Sugar) is a iced coffee drink with half sugar and low caffeine. Featuring skim milk, ice."
1328,Iced Iced Brewed Coffee (With Milk & Classic Syrup) (Half Sugar),coffee,iced,half,medium,"[10,36]",['coffee']; augmented; sugar_half,0.8018262951030213,"Iced Iced Brewed Coffee (With Milk & Classic Syrup) (Half Sugar) is a iced coffee drink with half sugar and medium caffeine. Featuring whole milk, ice."
1329,Iced Iced Brewed Coffee (With Milk & Classic Syrup),coffee,iced,regular,medium,"[5,12,36]",['coffee']; augmented; swap_add,0.763089710090221,"Iced Iced Brewed Coffee (With Milk & Classic Syrup) is a iced coffee drink with regular sweetness and medium caffeine. Featuring green tea, oat milk, ice."
1330,Iced Iced Brewed Coffee (With Milk & Classic Syrup),coffee,iced,regular,medium,"[14,36]",['coffee']; augmented; swap_add,0.751140104345046,"Iced Iced Brewed Coffee (With Milk & Classic Syrup) is a iced coffee drink with regular sweetness and medium caffeine. Featuring soy milk, ice."
1331,Hot Iced Brewed Coffee (With Milk & Classic Syrup),coffee,hot,regular,medium,"[10,36]",['coffee']; augmented; temp_hot,0.7536009398015479,"Hot Iced Brewed Coffee (With Milk & Classic Syrup) is a hot coffee drink with regular sweetness and medium caffeine. Featuring whole milk, ice."
1332,Iced Iced Brewed Coffee (With Milk & Classic Syrup),coffee,iced,regular,medium,"[11,36]",['coffee']; augmented; ingredient_swap,0.7684055391819125,"Iced Iced Brewed Coffee (With Milk & Classic Syrup) is a iced coffee drink with regular sweetness and medium caffeine. Featuring skim milk, ice."
1333,Iced Iced Brewed Coffee (With Milk & Classic Syrup) (Extra Caffeine),coffee,iced,regular,high,"[10,36]",['coffee']; augmented; caffeine_high,0.7193162230440479,"Iced Iced Brewed Coffee (With Milk & Classic Syrup) (Extra Caffeine) is a iced coffee drink with regular sweetness and high caffeine. Featuring whole milk, ice."
1334,Hot Iced Brewed Coffee (With Milk & Classic Syrup) (Extra Caffeine),coffee,hot,regular,high,"[10,36]",['coffee']; augmented; temp_hot,0.7422787038772997,"Hot Iced Brewed Coffee (With Milk & Classic Syrup) (Extra Caffeine) is a hot coffee drink with regular sweetness and high caffeine. Featuring whole milk, ice."
1335,Iced Iced Brewed Coffee (With Milk & Classic Syrup),coffee,iced,regular,medium,"[14,36]",['coffee']; augmented; combo,0.6999424777836724,"Iced Iced Brewed Coffee (With Milk & Classic Syrup) is a iced coffee drink with regular sweetness and medium caffeine. Featuring soy milk, ice."
1336,"Iced Iced Brewed Coffee (With Milk & Classic Syrup) (Half Sugar, Extra Caffeine)",coffee,iced,half,high,"[10,36]",['coffee']; augmented; sugar_half,0.7619766936781583,"Iced Iced Brewed Coffee (With Milk & Classic Syrup) (Half Sugar, Extra Caffeine) is a iced coffee drink with half sugar and high caffeine. Featuring whole milk, ice."
1337,"Iced Iced Brewed Coffee (With Milk & Classic Syrup) (Half Sugar, Extra Caffeine)",coffee,iced,half,high,"[11,36]",['coffee']; augmented; combo,0.7694158781910823,"Iced Iced Brewed Coffee (With Milk & Classic Syrup) (Half Sugar, Extra Caffeine) is a iced coffee drink with half sugar and high caffeine. Featuring skim milk, ice."
1338,"Iced Iced Brewed Coffee (With Milk & Classic Syrup) (Half Sugar, Extra Caffeine)",coffee,iced,half,high,"[10,36]",['coffee']; augmented; sugar_half,0.7355044061310188,"Iced Iced Brewed Coffee (With Milk & Classic Syrup) (Half Sugar, Extra Caffeine) is a iced coffee drink with half sugar and high caffeine. Featuring whole milk, ice."
1339,Iced Iced Brewed Coffee (With Milk & Classic Syrup) (Extra Caffeine),coffee,iced,regular,high,"[11,36]",['coffee']; augmented; ingredient_swap,0.797219602898701,"Iced Iced Brewed Coffee (With Milk & Classic Syrup) (Extra Caffeine) is a iced coffee drink with regular sweetness and high caffeine. Featuring skim milk, ice."
1340,Iced Iced Brewed Coffee (With Milk & Classic Syrup) (Extra Caffeine),coffee,iced,regular,high,"[13,36]",['coffee']; augmented; ingredient_swap,0.7132270301099297,"Iced Iced Brewed Coffee (With Milk & Classic Syrup) (Extra Caffeine) is a iced coffee drink with regular sweetness and high caffeine. Featuring almond milk, ice."
1341,Iced Iced Brewed Coffee (With Milk & Classic Syrup),coffee,iced,regular,medium,"[10,36]",['coffee']; augmented; caffeine_medium,0.7060687535937054,"Iced Iced Brewed Coffee (With Milk & Classic Syrup) is a iced coffee drink with regular sweetness and medium caffeine. Featuring whole milk, ice."
1342,Iced Iced Brewed Coffee (With Milk & Classic Syrup) (Extra Caffeine),coffee,iced,regular,high,"[14,36]",['coffee']; augmented; swap_add,0.7567335545567991,"Iced Iced Brewed Coffee (With Milk & Classic Syrup) (Extra Caffeine) is a iced coffee drink with regular sweetness and high caffeine. Featuring soy milk, ice."
1343,Hot Iced Brewed Coffee (With Milk & Classic Syrup) (Extra Caffeine),coffee,hot,regular,high,"[10,36]",['coffee']; augmented; temp_hot,0.7814129490783647,"Hot Iced Brewed Coffee (With Milk & Classic Syrup) (Extra Caffeine) is a hot coffee drink with regular sweetness and high caffeine. Featuring whole milk, ice."
1344,Iced Shaken Iced Tazo® Tea (With Classic Syrup) (Extra Caffeine),smoothie,iced,regular,high,"[6,11,36]",['smoothie']; augmented; ingredient_swap,0.8005178307437361,"Iced Shaken Iced Tazo® Tea (With Classic Syrup) (Extra Caffeine) is a iced smoothie drink with regular sweetness and high caffeine. Featuring black tea, skim milk, ice."
1345,Iced Shaken Iced Tazo® Tea (With Classic Syrup) (Extra Caffeine),smoothie,iced,regular,high,"[6,11,36]",['smoothie']; augmented; ingredient_swap,0.7362334721139318,"Iced Shaken Iced Tazo® Tea (With Classic Syrup) (Extra Caffeine) is a iced smoothie drink with regular sweetness and high caffeine. Featuring black tea, skim milk, ice."
1346,Iced Shaken Iced Tazo® Tea (With Classic Syrup) (Extra Caffeine),smoothie,iced,regular,high,"[5,10,36]",['smoothie']; augmented; ingredient_swap,0.7823604250029389,"Iced Shaken Iced Tazo® Tea (With Classic Syrup) (Extra Caffeine) is a iced smoothie drink with regular sweetness and high caffeine. Featuring green tea, whole milk, ice."
1347,Iced Shaken Iced Tazo® Tea (With Classic Syrup) (Extra Caffeine),smoothie,iced,regular,high,"[6,36,38]",['smoothie']; augmented; ingredient_swap,0.7488447459149787,"Iced Shaken Iced Tazo® Tea (With Classic Syrup) (Extra Caffeine) is a iced smoothie drink with regular sweetness and high caffeine. Featuring black tea, ice, coconut milk."
1348,Iced Shaken Iced Tazo® Tea (With Classic Syrup) (Extra Caffeine),smoothie,iced,regular,high,"[10,36,46]",['smoothie']; augmented; swap_add,0.7448211810017754,"Iced Shaken Iced Tazo® Tea (With Classic Syrup) (Extra Caffeine) is a iced smoothie drink with regular sweetness and high caffeine. Featuring whole milk, ice, strawberry base."
1349,Iced Shaken Iced Tazo® Tea (With Classic Syrup) (Half Sugar),smoothie,iced,half,low,"[5,10,18,36]",['smoothie']; augmented; combo,0.7765097981246002,"Iced Shaken Iced Tazo® Tea (With Classic Syrup) (Half Sugar) is a iced smoothie drink with half sugar and low caffeine. Featuring green tea, whole milk, classic simple syrup, ice."
1350,Iced Shaken Iced Tazo® Tea (With Classic Syrup),smoothie,iced,regular,medium,"[6,13,36]",['smoothie']; augmented; ingredient_swap,0.7695696863524026,"Iced Shaken Iced Tazo® Tea (With Classic Syrup) is a iced smoothie drink with regular sweetness and medium caffeine. Featuring black tea, almond milk, ice."
1351,Iced Shaken Iced Tazo® Tea (With Classic Syrup) (Half Sugar),smoothie,iced,half,low,"[5,10,36]",['smoothie']; augmented; combo,0.7027082352904725,"Iced Shaken Iced Tazo® Tea (With Classic Syrup) (Half Sugar) is a iced smoothie drink with half sugar and low caffeine. Featuring green tea, whole milk, ice."
1352,Iced Shaken Iced Tazo® Tea (With Classic Syrup),smoothie,iced,regular,medium,"[5,9,10,36]",['smoothie']; augmented; swap_add,0.7942962104917769,"Iced Shaken Iced Tazo® Tea (With Classic Syrup) is a iced smoothie drink with regular sweetness and medium caffeine. Featuring green tea, coconut water, whole milk, ice."
1353,Iced Shaken Iced Tazo® Tea (With Classic Syrup),smoothie,iced,regular,medium,"[6,10,36]",['smoothie']; augmented; sugar_regular,0.7914027406244235,"Iced Shaken Iced Tazo® Tea (With Classic Syrup) is a iced smoothie drink with regular sweetness and medium caffeine. Featuring black tea, whole milk, ice."
1354,"Iced Shaken Iced Tazo® Tea (With Classic Syrup) (Half Sugar, Extra Caffeine)",smoothie,iced,half,high,"[5,10,36]",['smoothie']; augmented; combo,0.7312331189547141,"Iced Shaken Iced Tazo® Tea (With Classic Syrup) (Half Sugar, Extra Caffeine) is a iced smoothie drink with half sugar and high caffeine. Featuring green tea, whole milk, ice."
1355,Iced Shaken Iced Tazo® Tea (With Classic Syrup) (Half Sugar),smoothie,iced,half,medium,"[6,10,36]",['smoothie']; augmented; sugar_half,0.7618741060031222,"Iced Shaken Iced Tazo® Tea (With Classic Syrup) (Half Sugar) is a iced smoothie drink with half sugar and medium caffeine. Featuring black tea, whole milk, ice."
1356,Iced Shaken Iced Tazo® Tea (With Classic Syrup) (Zero Sugar),smoothie,iced,zero,medium,"[6,10,36]",['smoothie']; augmented; sugar_zero,0.7648209055884821,"Iced Shaken Iced Tazo® Tea (With Classic Syrup) (Zero Sugar) is a iced smoothie drink with zero sugar and medium caffeine. Featuring black tea, whole milk, ice."
1357,Iced Shaken Iced Tazo® Tea (With Classic Syrup),smoothie,iced,regular,medium,"[10,36,37]",['smoothie']; augmented; ingredient_swap,0.7578202129747172,"Iced Shaken Iced Tazo® Tea (With Classic Syrup) is a iced smoothie drink with regular sweetness and medium caffeine. Featuring whole milk, ice, passion tea."
1358,Iced Shaken Iced Tazo® Tea (With Classic Syrup),smoothie,iced,regular,medium,"[5,10,36]",['smoothie']; augmented; ingredient_swap,0.7334908453846374,"Iced Shaken Iced Tazo® Tea (With Classic Syrup) is a iced smoothie drink with regular sweetness and medium caffeine. Featuring green tea, whole milk, ice."
1359,Hot Shaken Iced Tazo® Tea Lemonade (With Classic Syrup),smoothie,hot,regular,medium,"[6,10,47,36]",['smoothie']; augmented; temp_hot,0.7298512989618584,"Hot Shaken Iced Tazo® Tea Lemonade (With Classic Syrup) is a hot smoothie drink with regular sweetness and medium caffeine. Featuring black tea, whole milk, lemonade, ice."
1360,Iced Shaken Iced Tazo® Tea Lemonade (With Classic Syrup),smoothie,iced,regular,medium,"[5,10,36,47]",['smoothie']; augmented; swap_add,0.7492333778702567,"Iced Shaken Iced Tazo® Tea Lemonade (With Classic Syrup) is a iced smoothie drink with regular sweetness and medium caffeine. Featuring green tea, whole milk, ice, lemonade."
1361,Iced Shaken Iced Tazo® Tea Lemonade (With Classic Syrup),smoothie,iced,regular,medium,"[5,10,36,47]",['smoothie']; augmented; ingredient_swap,0.7851818705777809,"Iced Shaken Iced Tazo® Tea Lemonade (With Classic Syrup) is a iced smoothie drink with regular sweetness and medium caffeine. Featuring green tea, whole milk, ice, lemonade."
1362,"Iced Shaken Iced Tazo® Tea Lemonade (With Classic Syrup) (Zero Sugar, Extra Caffeine)",smoothie,iced,zero,high,"[5,10,24,36,47]",['smoothie']; augmented; combo,0.766308004637833,"Iced Shaken Iced Tazo® Tea Lemonade (With Classic Syrup) (Zero Sugar, Extra Caffeine) is a iced smoothie drink with zero sugar and high caffeine. Featuring green tea, whole milk, cinnamon powder, ice."
1363,Iced Shaken Iced Tazo® Tea Lemonade (With Classic Syrup) (Extra Caffeine),smoothie,iced,regular,high,"[6,10,47,36]",['smoothie']; augmented; caffeine_high,0.7388815700374168,"Iced Shaken Iced Tazo® Tea Lemonade (With Classic Syrup) (Extra Caffeine) is a iced smoothie drink with regular sweetness and high caffeine. Featuring black tea, whole milk, lemonade, ice."
1364,Iced Shaken Iced Tazo® Tea Lemonade (With Classic Syrup) (Extra Caffeine),smoothie,iced,regular,high,"[6,10,47,36]",['smoothie']; augmented; caffeine_high,0.7731509613194504,"Iced Shaken Iced Tazo® Tea Lemonade (With Classic Syrup) (Extra Caffeine) is a iced smoothie drink with regular sweetness and high caffeine. Featuring black tea, whole milk, lemonade, ice."
1365,Iced Shaken Iced Tazo® Tea Lemonade (With Classic Syrup),smoothie,iced,regular,medium,"[9,10,36,47]",['smoothie']; augmented; ingredient_swap,0.6645437213810977,"Iced Shaken Iced Tazo® Tea Lemonade (With Classic Syrup) is a iced smoothie drink with regular sweetness and medium caffeine. Featuring coconut water, whole milk, ice, lemonade."
1366,Iced Shaken Iced Tazo® Tea Lemonade (With Classic Syrup),smoothie,iced,regular,medium,"[5,10,36,47]",['smoothie']; augmented; swap_add,0.7844629710111631,"Iced Shaken Iced Tazo® Tea Lemonade (With Classic Syrup) is a iced smoothie drink with regular sweetness and medium caffeine. Featuring green tea, whole milk, ice, lemonade."
1367,Iced Shaken Iced Tazo® Tea Lemonade (With Classic Syrup),smoothie,iced,regular,medium,"[5,10,34,36,47]",['smoothie']; augmented; swap_add,0.697808586636657,"Iced Shaken Iced Tazo® Tea Lemonade (With Classic Syrup) is a iced smoothie drink with regular sweetness and medium caffeine. Featuring green tea, whole milk, cold foam, ice."
1368,Iced Shaken Iced Tazo® Tea Lemonade (With Classic Syrup) (Half Sugar),smoothie,iced,half,low,"[5,10,36,47]",['smoothie']; augmented; combo,0.7391267717579061,"Iced Shaken Iced Tazo® Tea Lemonade (With Classic Syrup) (Half Sugar) is a iced smoothie drink with half sugar and low caffeine. Featuring green tea, whole milk, ice, lemonade."
1369,Iced Shaken Iced Tazo® Tea Lemonade (With Classic Syrup) (Extra Caffeine),smoothie,iced,regular,high,"[6,10,47,36]",['smoothie']; augmented; caffeine_high,0.7164099031612157,"Iced Shaken Iced Tazo® Tea Lemonade (With Classic Syrup) (Extra Caffeine) is a iced smoothie drink with regular sweetness and high caffeine. Featuring black tea, whole milk, lemonade, ice."
1370,Iced Shaken Iced Tazo® Tea Lemonade (With Classic Syrup),smoothie,iced,regular,medium,"[5,10,36,47]",['smoothie']; augmented; swap_add,0.7111595557283729,"Iced Shaken Iced Tazo® Tea Lemonade (With Classic Syrup) is a iced smoothie drink with regular sweetness and medium caffeine. Featuring green tea, whole milk, ice, lemonade."
1371,Iced Shaken Iced Tazo® Tea Lemonade (With Classic Syrup),smoothie,iced,regular,medium,"[1,10,36,47]",['smoothie']; augmented; ingredient_swap,0.7848248036213555,"Iced Shaken Iced Tazo® Tea Lemonade (With Classic Syrup) is a iced smoothie drink with regular sweetness and medium caffeine. Featuring espresso shot, whole milk, ice, lemonade."
1372,Iced Shaken Iced Tazo® Tea Lemonade (With Classic Syrup),smoothie,iced,regular,medium,"[10,36,47]",['smoothie']; augmented; ingredient_swap,0.7359689639606433,"Iced Shaken Iced Tazo® Tea Lemonade (With Classic Syrup) is a iced smoothie drink with regular sweetness and medium caffeine. Featuring whole milk, ice, lemonade."
1373,Hot Shaken Iced Tazo® Tea Lemonade (With Classic Syrup),smoothie,hot,regular,medium,"[6,10,47,36]",['smoothie']; augmented; temp_hot,0.7603951164519215,"Hot Shaken Iced Tazo® Tea Lemonade (With Classic Syrup) is a hot smoothie drink with regular sweetness and medium caffeine. Featuring black tea, whole milk, lemonade, ice."
1374,Hot Banana Chocolate Smoothie (Half Sugar),smoothie,hot,half,medium,"[10,19,36]",['smoothie']; augmented; sugar_half,0.7485923826336245,"Hot Banana Chocolate Smoothie (Half Sugar) is a hot smoothie drink with half sugar and medium caffeine. Featuring whole milk, chocolate syrup, ice."
1375,Hot Banana Chocolate Smoothie,smoothie,hot,regular,medium,"[10,19,36]",['smoothie']; augmented; sugar_regular,0.7643112248166937,"Hot Banana Chocolate Smoothie is a hot smoothie drink with regular sweetness and medium caffeine. Featuring whole milk, chocolate syrup, ice."
1376,Hot Banana Chocolate Smoothie,smoothie,hot,regular,low,"[10,19,36]",['smoothie']; augmented; caffeine_low,0.7523046567318077,"Hot Banana Chocolate Smoothie is a hot smoothie drink with regular sweetness and low caffeine. Featuring whole milk, chocolate syrup, ice."
1377,Iced Banana Chocolate Smoothie,smoothie,iced,regular,medium,"[10,19,36]",['smoothie']; augmented; temp_iced,0.7115102332743429,"Iced Banana Chocolate Smoothie is a iced smoothie drink with regular sweetness and medium caffeine. Featuring whole milk, chocolate syrup, ice."
1378,Hot Banana Chocolate Smoothie (Zero Sugar),smoothie,hot,zero,low,"[11,19,36]",['smoothie']; augmented; combo,0.7798880045834142,"Hot Banana Chocolate Smoothie (Zero Sugar) is a hot smoothie drink with zero sugar and low caffeine. Featuring skim milk, chocolate syrup, ice."
1379,Hot Banana Chocolate Smoothie (Zero Sugar),smoothie,hot,zero,medium,"[10,36,43]",['smoothie']; augmented; combo,0.7351873025051606,"Hot Banana Chocolate Smoothie (Zero Sugar) is a hot smoothie drink with zero sugar and medium caffeine. Featuring whole milk, ice, sugar cookie syrup."
1380,Hot Banana Chocolate Smoothie,smoothie,hot,regular,low,"[13,19,36]",['smoothie']; augmented; ingredient_swap,0.7033025430402075,"Hot Banana Chocolate Smoothie is a hot smoothie drink with regular sweetness and low caffeine. Featuring almond milk, chocolate syrup, ice."
1381,Hot Banana Chocolate Smoothie,smoothie,hot,regular,low,"[10,26,36,43]",['smoothie']; augmented; swap_add,0.7371565451710226,"Hot Banana Chocolate Smoothie is a hot smoothie drink with regular sweetness and low caffeine. Featuring whole milk, matcha powder, ice, sugar cookie syrup."
1382,Hot Banana Chocolate Smoothie,smoothie,hot,regular,low,"[10,19,36]",['smoothie']; augmented; sugar_regular,0.7950227937190293,"Hot Banana Chocolate Smoothie is a hot smoothie drink with regular sweetness and low caffeine. Featuring whole milk, chocolate syrup, ice."
1383,"Hot Banana Chocolate Smoothie (Half Sugar, Decaf)",smoothie,hot,half,none,"[10,33,36,39]",['smoothie']; augmented; combo,0.7755066522634048,"Hot Banana Chocolate Smoothie (Half Sugar, Decaf) is a hot smoothie drink with half sugar and decaf. Featuring whole milk, whipped cream, ice, pecan syrup."
1384,Hot Banana Chocolate Smoothie,smoothie,hot,regular,low,"[10,19,36]",['smoothie']; augmented; sugar_regular,0.7395404359677642,"Hot Banana Chocolate Smoothie is a hot smoothie drink with regular sweetness and low caffeine. Featuring whole milk, chocolate syrup, ice."
1385,Hot Banana Chocolate Smoothie,smoothie,hot,regular,low,"[10,15,25,36]",['smoothie']; augmented; swap_add,0.7395222688704471,"Hot Banana Chocolate Smoothie is a hot smoothie drink with regular sweetness and low caffeine. Featuring whole milk, vanilla syrup, chai spice mix, ice."
1386,Hot Banana Chocolate Smoothie (Half Sugar),smoothie,hot,half,low,"[10,19,36]",['smoothie']; augmented; sugar_half,0.7403509484634785,"Hot Banana Chocolate Smoothie (Half Sugar) is a hot smoothie drink with half sugar and low caffeine. Featuring whole milk, chocolate syrup, ice."
1387,Hot Banana Chocolate Smoothie (Decaf),smoothie,hot,regular,none,"[10,19,36]",['smoothie']; augmented; caffeine_none,0.8123024395068252,"Hot Banana Chocolate Smoothie (Decaf) is a hot smoothie drink with regular sweetness and decaf. Featuring whole milk, chocolate syrup, ice."
1388,Hot Banana Chocolate Smoothie,smoothie,hot,regular,medium,"[10,19,36]",['smoothie']; augmented; caffeine_medium,0.7614580635669466,"Hot Banana Chocolate Smoothie is a hot smoothie drink with regular sweetness and medium caffeine. Featuring whole milk, chocolate syrup, ice."
1389,"Hot Orange Mango Banana Smoothie (Zero Sugar, Decaf)",smoothie,hot,zero,none,"[27,36,38]",['smoothie']; augmented; combo,0.7629012494157321,"Hot Orange Mango Banana Smoothie (Zero Sugar, Decaf) is a hot smoothie drink with zero sugar and decaf. Featuring mango puree, ice, coconut milk."
1390,Hot Orange Mango Banana Smoothie,smoothie,hot,regular,medium,"[10,27,36]",['smoothie']; augmented; caffeine_medium,0.7809085036209553,"Hot Orange Mango Banana Smoothie is a hot smoothie drink with regular sweetness and medium caffeine. Featuring whole milk, mango puree, ice."
1391,Hot Orange Mango Banana Smoothie,smoothie,hot,regular,low,"[13,27,36,37]",['smoothie']; augmented; swap_add,0.7571636747707954,"Hot Orange Mango Banana Smoothie is a hot smoothie drink with regular sweetness and low caffeine. Featuring almond milk, mango puree, ice, passion tea."
1392,Iced Orange Mango Banana Smoothie,smoothie,iced,regular,low,"[10,27,36]",['smoothie']; augmented; temp_iced,0.7422287356253789,"Iced Orange Mango Banana Smoothie is a iced smoothie drink with regular sweetness and low caffeine. Featuring whole milk, mango puree, ice."
1393,Hot Orange Mango Banana Smoothie,smoothie,hot,regular,low,"[10,20,32,36]",['smoothie']; augmented; swap_add,0.7441095045274506,"Hot Orange Mango Banana Smoothie is a hot smoothie drink with regular sweetness and low caffeine. Featuring whole milk, white chocolate syrup, peach puree, ice."
1394,Hot Orange Mango Banana Smoothie (Decaf),smoothie,hot,regular,none,"[10,27,36]",['smoothie']; augmented; sugar_regular,0.7478519622175781,"Hot Orange Mango Banana Smoothie (Decaf) is a hot smoothie drink with regular sweetness and decaf. Featuring whole milk, mango puree, ice."
1395,Hot Orange Mango Banana Smoothie,smoothie,hot,regular,low,"[10,27,36]",['smoothie']; augmented; caffeine_low,0.7488833329047048,"Hot Orange Mango Banana Smoothie is a hot smoothie drink with regular sweetness and low caffeine. Featuring whole milk, mango puree, ice."
1396,Hot Orange Mango Banana Smoothie,smoothie,hot,regular,low,"[10,27,36]",['smoothie']; augmented; caffeine_low,0.7718288863091094,"Hot Orange Mango Banana Smoothie is a hot smoothie drink with regular sweetness and low caffeine. Featuring whole milk, mango puree, ice."
1397,Hot Orange Mango Banana Smoothie (Decaf),smoothie,hot,regular,none,"[10,27,36]",['smoothie']; augmented; sugar_regular,0.751558376574219,"Hot Orange Mango Banana Smoothie (Decaf) is a hot smoothie drink with regular sweetness and decaf. Featuring whole milk, mango puree, ice."
1398,Hot Orange Mango Banana Smoothie (Decaf),smoothie,hot,regular,none,"[11,27,36]",['smoothie']; augmented; swap_add,0.7719792023164673,"Hot Orange Mango Banana Smoothie (Decaf) is a hot smoothie drink with regular sweetness and decaf. Featuring skim milk, mango puree, ice."
1399,"Hot Orange Mango Banana Smoothie (Half Sugar, Decaf)",smoothie,hot,half,none,"[10,31,36]",['smoothie']; augmented; combo,0.7475785025967425,"Hot Orange Mango Banana Smoothie (Half Sugar, Decaf) is a hot smoothie drink with half sugar and decaf. Featuring whole milk, pineapple, ice."
1400,Iced Orange Mango Banana Smoothie (Decaf),smoothie,iced,regular,none,"[10,27,36]",['smoothie']; augmented; temp_iced,0.7523590557094827,"Iced Orange Mango Banana Smoothie (Decaf) is a iced smoothie drink with regular sweetness and decaf. Featuring whole milk, mango puree, ice."
1401,Hot Orange Mango Banana Smoothie (Decaf),smoothie,hot,regular,none,"[11,27,36]",['smoothie']; augmented; ingredient_swap,0.6900539794640368,"Hot Orange Mango Banana Smoothie (Decaf) is a hot smoothie drink with regular sweetness and decaf. Featuring skim milk, mango puree, ice."
1402,Hot Orange Mango Banana Smoothie (Decaf),smoothie,hot,regular,none,"[14,27,33,36]",['smoothie']; augmented; swap_add,0.7774898302410744,"Hot Orange Mango Banana Smoothie (Decaf) is a hot smoothie drink with regular sweetness and decaf. Featuring soy milk, mango puree, whipped cream, ice."
1403,Hot Orange Mango Banana Smoothie (Decaf),smoothie,hot,regular,none,"[10,27,36]",['smoothie']; augmented; caffeine_none,0.7603946542769398,"Hot Orange Mango Banana Smoothie (Decaf) is a hot smoothie drink with regular sweetness and decaf. Featuring whole milk, mango puree, ice."
1404,Iced Strawberry Banana Smoothie (Decaf),smoothie,iced,regular,none,"[10,44,36]",['smoothie']; augmented; temp_iced,0.7799403032957896,"Iced Strawberry Banana Smoothie (Decaf) is a iced smoothie drink with regular sweetness and decaf. Featuring whole milk, strawberry puree, ice."
1405,Hot Strawberry Banana Smoothie (Decaf),smoothie,hot,regular,none,"[10,44,36]",['smoothie']; augmented; sugar_regular,0.6631123386541893,"Hot Strawberry Banana Smoothie (Decaf) is a hot smoothie drink with regular sweetness and decaf. Featuring whole milk, strawberry puree, ice."
1406,Hot Strawberry Banana Smoothie (Decaf),smoothie,hot,regular,none,"[6,10,28,36]",['smoothie']; augmented; swap_add,0.8126512411434218,"Hot Strawberry Banana Smoothie (Decaf) is a hot smoothie drink with regular sweetness and decaf. Featuring black tea, whole milk, strawberry pieces, ice."
1407,"Hot Strawberry Banana Smoothie (Half Sugar, Decaf)",smoothie,hot,half,none,"[10,32,36]",['smoothie']; augmented; combo,0.7458123111553447,"Hot Strawberry Banana Smoothie (Half Sugar, Decaf) is a hot smoothie drink with half sugar and decaf. Featuring whole milk, peach puree, ice."
1408,Iced Strawberry Banana Smoothie (Decaf),smoothie,iced,regular,none,"[10,44,36]",['smoothie']; augmented; temp_iced,0.7832454845021255,"Iced Strawberry Banana Smoothie (Decaf) is a iced smoothie drink with regular sweetness and decaf. Featuring whole milk, strawberry puree, ice."
1409,"Hot Strawberry Banana Smoothie (Half Sugar, Decaf)",smoothie,hot,half,none,"[11,17,36,44]",['smoothie']; augmented; combo,0.718802822186234,"Hot Strawberry Banana Smoothie (Half Sugar, Decaf) is a hot smoothie drink with half sugar and decaf. Featuring skim milk, hazelnut syrup, ice, strawberry puree."
1410,Hot Strawberry Banana Smoothie (Decaf),smoothie,hot,regular,none,"[10,44,36]",['smoothie']; augmented; caffeine_none,0.7683832171518771,"Hot Strawberry Banana Smoothie (Decaf) is a hot smoothie drink with regular sweetness and decaf. Featuring whole milk, strawberry puree, ice."
1411,Hot Strawberry Banana Smoothie (Decaf),smoothie,hot,regular,none,"[10,30,34,36]",['smoothie']; augmented; swap_add,0.7183975331047903,"Hot Strawberry Banana Smoothie (Decaf) is a hot smoothie drink with regular sweetness and decaf. Featuring whole milk, banana, cold foam, ice."
1412,Hot Strawberry Banana Smoothie (Decaf),smoothie,hot,regular,none,"[14,36,44]",['smoothie']; augmented; ingredient_swap,0.7312869311791258,"Hot Strawberry Banana Smoothie (Decaf) is a hot smoothie drink with regular sweetness and decaf. Featuring soy milk, ice, strawberry puree."
1413,"Hot Strawberry Banana Smoothie (Half Sugar, Decaf)",smoothie,hot,half,none,"[10,32,36]",['smoothie']; augmented; combo,0.8074209406160036,"Hot Strawberry Banana Smoothie (Half Sugar, Decaf) is a hot smoothie drink with half sugar and decaf. Featuring whole milk, peach puree, ice."
1414,Hot Strawberry Banana Smoothie (Decaf),smoothie,hot,regular,none,"[10,44,36]",['smoothie']; augmented; caffeine_none,0.7442795279770996,"Hot Strawberry Banana Smoothie (Decaf) is a hot smoothie drink with regular sweetness and decaf. Featuring whole milk, strawberry puree, ice."
1415,Hot Strawberry Banana Smoothie,smoothie,hot,regular,low,"[10,44,36]",['smoothie']; augmented; caffeine_low,0.7565229861953917,"Hot Strawberry Banana Smoothie is a hot smoothie drink with regular sweetness and low caffeine. Featuring whole milk, strawberry puree, ice."
1416,Hot Strawberry Banana Smoothie (Decaf),smoothie,hot,regular,none,"[6,10,30,36]",['smoothie']; augmented; swap_add,0.7761020319206626,"Hot Strawberry Banana Smoothie (Decaf) is a hot smoothie drink with regular sweetness and decaf. Featuring black tea, whole milk, banana, ice."
1417,Hot Strawberry Banana Smoothie (Decaf),smoothie,hot,regular,none,"[10,28,36]",['smoothie']; augmented; ingredient_swap,0.7648704566391782,"Hot Strawberry Banana Smoothie (Decaf) is a hot smoothie drink with regular sweetness and decaf. Featuring whole milk, strawberry pieces, ice."
1418,Hot Strawberry Banana Smoothie (Half Sugar),smoothie,hot,half,low,"[10,32,36]",['smoothie']; augmented; combo,0.7545125671543073,"Hot Strawberry Banana Smoothie (Half Sugar) is a hot smoothie drink with half sugar and low caffeine. Featuring whole milk, peach puree, ice."
1419,"Hot Coffee (Half Sugar, Decaf)",coffee,hot,half,none,"[11,26,36]",['coffee']; augmented; combo,0.7609488300739867,"Hot Coffee (Half Sugar, Decaf) is a hot coffee drink with half sugar and decaf. Featuring skim milk, matcha powder, ice."
1420,Hot Coffee (Decaf),coffee,hot,regular,none,"[12,36]",['coffee']; augmented; swap_add,0.8221024675571482,"Hot Coffee (Decaf) is a hot coffee drink with regular sweetness and decaf. Featuring oat milk, ice."
1421,Hot Coffee (Half Sugar),coffee,hot,half,low,"[5,12,36]",['coffee']; augmented; combo,0.7482714360889925,"Hot Coffee (Half Sugar) is a hot coffee drink with half sugar and low caffeine. Featuring green tea, oat milk, ice."
1422,"Hot Coffee (Half Sugar, Decaf)",coffee,hot,half,none,"[10,36]",['coffee']; augmented; sugar_half,0.756032971401449,"Hot Coffee (Half Sugar, Decaf) is a hot coffee drink with half sugar and decaf. Featuring whole milk, ice."
1423,Hot Coffee (Zero Sugar),coffee,hot,zero,low,"[11,36,47]",['coffee']; augmented; combo,0.7815196318802283,"Hot Coffee (Zero Sugar) is a hot coffee drink with zero sugar and low caffeine. Featuring skim milk, ice, lemonade."
1424,Hot Coffee,coffee,hot,regular,medium,"[13,33,36]",['coffee']; augmented; swap_add,0.7831657779887395,"Hot Coffee is a hot coffee drink with regular sweetness and medium caffeine. Featuring almond milk, whipped cream, ice."
1425,Iced Coffee,coffee,iced,regular,medium,"[10,36]",['coffee']; augmented; temp_iced,0.7856109091668114,"Iced Coffee is a iced coffee drink with regular sweetness and medium caffeine. Featuring whole milk, ice."
1426,Hot Coffee,coffee,hot,regular,low,"[10,36]",['coffee']; augmented; caffeine_low,0.7691619066608756,"Hot Coffee is a hot coffee drink with regular sweetness and low caffeine. Featuring whole milk, ice."
1427,Hot Coffee (Half Sugar),coffee,hot,half,medium,"[10,36]",['coffee']; augmented; sugar_half,0.7157098526180855,"Hot Coffee (Half Sugar) is a hot coffee drink with half sugar and medium caffeine. Featuring whole milk, ice."
1428,Hot Coffee,coffee,hot,regular,medium,"[36,38]",['coffee']; augmented; ingredient_swap,0.7990029459690329,"Hot Coffee is a hot coffee drink with regular sweetness and medium caffeine. Featuring ice, coconut milk."
1429,Hot Coffee (Half Sugar),coffee,hot,half,medium,"[10,36]",['coffee']; augmented; sugar_half,0.7156096382094393,"Hot Coffee (Half Sugar) is a hot coffee drink with half sugar and medium caffeine. Featuring whole milk, ice."
1430,Hot Coffee (Extra Caffeine),coffee,hot,regular,high,"[10,36]",['coffee']; augmented; caffeine_high,0.759079063957171,"Hot Coffee (Extra Caffeine) is a hot coffee drink with regular sweetness and high caffeine. Featuring whole milk, ice."
1431,Hot Coffee,coffee,hot,regular,medium,"[13,36]",['coffee']; augmented; ingredient_swap,0.7273717244994192,"Hot Coffee is a hot coffee drink with regular sweetness and medium caffeine. Featuring almond milk, ice."
1432,Hot Coffee,coffee,hot,regular,medium,"[10,36]",['coffee']; augmented; sugar_regular,0.7480758496022102,"Hot Coffee is a hot coffee drink with regular sweetness and medium caffeine. Featuring whole milk, ice."
1433,"Hot Coffee (Half Sugar, Extra Caffeine)",coffee,hot,half,high,"[13,36]",['coffee']; augmented; combo,0.7598628723091044,"Hot Coffee (Half Sugar, Extra Caffeine) is a hot coffee drink with half sugar and high caffeine. Featuring almond milk, ice."
1434,Hot Coffee,coffee,hot,regular,medium,"[13,36]",['coffee']; augmented; ingredient_swap,0.7596407164635082,"Hot Coffee is a hot coffee drink with regular sweetness and medium caffeine. Featuring almond milk, ice."
1435,Hot Coffee,coffee,hot,regular,medium,"[36,38]",['coffee']; augmented; ingredient_swap,0.7626576226270585,"Hot Coffee is a hot coffee drink with regular sweetness and medium caffeine. Featuring ice, coconut milk."
1436,Iced Coffee,coffee,iced,regular,medium,"[10,36]",['coffee']; augmented; temp_iced,0.7984113380717595,"Iced Coffee is a iced coffee drink with regular sweetness and medium caffeine. Featuring whole milk, ice."
1437,Hot Coffee,coffee,hot,regular,low,"[10,36]",['coffee']; augmented; caffeine_low,0.7636060290454194,"Hot Coffee is a hot coffee drink with regular sweetness and low caffeine. Featuring whole milk, ice."
1438,Hot Coffee,coffee,hot,regular,medium,"[11,36]",['coffee']; augmented; swap_add,0.7426753009412805,"Hot Coffee is a hot coffee drink with regular sweetness and medium caffeine. Featuring skim milk, ice."
1439,Iced Coffee,coffee,iced,regular,medium,"[10,36]",['coffee']; augmented; temp_iced,0.7789226150486507,"Iced Coffee is a iced coffee drink with regular sweetness and medium caffeine. Featuring whole milk, ice."
1440,Hot Coffee,coffee,hot,regular,medium,"[36,38,39]",['coffee']; augmented; swap_add,0.7856841146677392,"Hot Coffee is a hot coffee drink with regular sweetness and medium caffeine. Featuring ice, coconut milk, pecan syrup."
1441,Hot Coffee (Extra Caffeine),coffee,hot,regular,high,"[10,36]",['coffee']; augmented; caffeine_high,0.7131717655458902,"Hot Coffee (Extra Caffeine) is a hot coffee drink with regular sweetness and high caffeine. Featuring whole milk, ice."
1442,"Hot Coffee (Half Sugar, Extra Caffeine)",coffee,hot,half,high,"[12,23,36]",['coffee']; augmented; combo,0.7679220020954958,"Hot Coffee (Half Sugar, Extra Caffeine) is a hot coffee drink with half sugar and high caffeine. Featuring oat milk, nutmeg powder, ice."
1443,Hot Coffee,coffee,hot,regular,medium,"[12,36]",['coffee']; augmented; ingredient_swap,0.771035182269327,"Hot Coffee is a hot coffee drink with regular sweetness and medium caffeine. Featuring oat milk, ice."
1444,Hot Coffee,coffee,hot,regular,medium,"[14,24,36]",['coffee']; augmented; swap_add,0.7410730948992003,"Hot Coffee is a hot coffee drink with regular sweetness and medium caffeine. Featuring soy milk, cinnamon powder, ice."
1445,Hot Coffee (Half Sugar),coffee,hot,half,low,"[12,28,36]",['coffee']; augmented; combo,0.7912712043993486,"Hot Coffee (Half Sugar) is a hot coffee drink with half sugar and low caffeine. Featuring oat milk, strawberry pieces, ice."
1446,Iced Coffee,coffee,iced,regular,medium,"[10,36]",['coffee']; augmented; temp_iced,0.7454983323890242,"Iced Coffee is a iced coffee drink with regular sweetness and medium caffeine. Featuring whole milk, ice."
1447,"Hot Coffee (Half Sugar, Extra Caffeine)",coffee,hot,half,high,"[14,36]",['coffee']; augmented; combo,0.7537672936041463,"Hot Coffee (Half Sugar, Extra Caffeine) is a hot coffee drink with half sugar and high caffeine. Featuring soy milk, ice."
1448,Iced Coffee,coffee,iced,regular,medium,"[10,36]",['coffee']; augmented; temp_iced,0.7448078452714839,"Iced Coffee is a iced coffee drink with regular sweetness and medium caffeine. Featuring whole milk, ice."
1449,"Hot Coffee (Half Sugar, Extra Caffeine)",coffee,hot,half,high,"[14,36]",['coffee']; augmented; combo,0.750467371427444,"Hot Coffee (Half Sugar, Extra Caffeine) is a hot coffee drink with half sugar and high caffeine. Featuring soy milk, ice."
1450,Hot Coffee,coffee,hot,regular,low,"[10,36]",['coffee']; augmented; caffeine_low,0.717111747393144,"Hot Coffee is a hot coffee drink with regular sweetness and low caffeine. Featuring whole milk, ice."
1451,Hot Coffee,coffee,hot,regular,medium,"[12,36,44]",['coffee']; augmented; swap_add,0.7067984735221712,"Hot Coffee is a hot coffee drink with regular sweetness and medium caffeine. Featuring oat milk, ice, strawberry puree."
1452,Hot Coffee (Extra Caffeine),coffee,hot,regular,high,"[10,36]",['coffee']; augmented; caffeine_high,0.7978351518967491,"Hot Coffee (Extra Caffeine) is a hot coffee drink with regular sweetness and high caffeine. Featuring whole milk, ice."
1453,Hot Coffee,coffee,hot,regular,medium,"[14,36]",['coffee']; augmented; ingredient_swap,0.7245911595504502,"Hot Coffee is a hot coffee drink with regular sweetness and medium caffeine. Featuring soy milk, ice."
1454,Hot Coffee (Half Sugar),coffee,hot,half,medium,"[10,36]",['coffee']; augmented; sugar_half,0.7202582295163108,"Hot Coffee (Half Sugar) is a hot coffee drink with half sugar and medium caffeine. Featuring whole milk, ice."
1455,Hot Coffee,coffee,hot,regular,medium,"[12,31,36]",['coffee']; augmented; swap_add,0.6853982965918886,"Hot Coffee is a hot coffee drink with regular sweetness and medium caffeine. Featuring oat milk, pineapple, ice."
1456,Hot Coffee,coffee,hot,regular,low,"[11,13,36]",['coffee']; augmented; combo,0.7308311475693149,"Hot Coffee is a hot coffee drink with regular sweetness and low caffeine. Featuring skim milk, almond milk, ice."
1457,Hot Coffee (Half Sugar),coffee,hot,half,medium,"[10,36]",['coffee']; augmented; sugar_half,0.710307306197775,"Hot Coffee (Half Sugar) is a hot coffee drink with half sugar and medium caffeine. Featuring whole milk, ice."
1458,Hot Coffee (Zero Sugar),coffee,hot,zero,low,"[36,38]",['coffee']; augmented; combo,0.799260454804091,"Hot Coffee (Zero Sugar) is a hot coffee drink with zero sugar and low caffeine. Featuring ice, coconut milk."
1459,Hot Coffee (Half Sugar),coffee,hot,half,medium,"[10,36]",['coffee']; augmented; sugar_half,0.780294512680279,"Hot Coffee (Half Sugar) is a hot coffee drink with half sugar and medium caffeine. Featuring whole milk, ice."
1460,Iced Coffee,coffee,iced,regular,medium,"[10,36]",['coffee']; augmented; temp_iced,0.7293554896446683,"Iced Coffee is a iced coffee drink with regular sweetness and medium caffeine. Featuring whole milk, ice."
1461,Hot Coffee,coffee,hot,regular,medium,"[12,36,37]",['coffee']; augmented; swap_add,0.8175730741603293,"Hot Coffee is a hot coffee drink with regular sweetness and medium caffeine. Featuring oat milk, ice, passion tea."
1462,Hot Coffee,coffee,hot,regular,medium,"[11,36]",['coffee']; augmented; ingredient_swap,0.7794529646097478,"Hot Coffee is a hot coffee drink with regular sweetness and medium caffeine. Featuring skim milk, ice."
1463,Hot Coffee (Half Sugar),coffee,hot,half,medium,"[10,36]",['coffee']; augmented; sugar_half,0.7402550584947414,"Hot Coffee (Half Sugar) is a hot coffee drink with half sugar and medium caffeine. Featuring whole milk, ice."
1464,Hot Mocha (Without Whipped Cream),coffee,hot,regular,medium,"[12,19,36]","['coffee', 'dessert']; augmented; ingredient_swap",0.6750178285537928,"Hot Mocha (Without Whipped Cream) is a hot coffee drink with regular sweetness and medium caffeine. Featuring oat milk, chocolate syrup, ice."
1465,Hot Mocha (Without Whipped Cream),coffee,hot,regular,medium,"[10,36,41]","['coffee', 'dessert']; augmented; ingredient_swap",0.8187282771777222,"Hot Mocha (Without Whipped Cream) is a hot coffee drink with regular sweetness and medium caffeine. Featuring whole milk, ice, gingerbread syrup."
1466,Hot Mocha (Without Whipped Cream) (Half Sugar),coffee,hot,half,low,"[19,36,38]","['coffee', 'dessert']; augmented; combo",0.7083128259970921,"Hot Mocha (Without Whipped Cream) (Half Sugar) is a hot coffee drink with half sugar and low caffeine. Featuring chocolate syrup, ice, coconut milk."
1467,Hot Mocha (Without Whipped Cream) (Half Sugar),coffee,hot,half,medium,"[10,19,36]","['coffee', 'dessert']; augmented; sugar_half",0.7006380375912933,"Hot Mocha (Without Whipped Cream) (Half Sugar) is a hot coffee drink with half sugar and medium caffeine. Featuring whole milk, chocolate syrup, ice."
1468,Hot Mocha (Without Whipped Cream) (Half Sugar),coffee,hot,half,medium,"[10,19,36]","['coffee', 'dessert']; augmented; sugar_half",0.7806771129602892,"Hot Mocha (Without Whipped Cream) (Half Sugar) is a hot coffee drink with half sugar and medium caffeine. Featuring whole milk, chocolate syrup, ice."
1469,Hot Mocha (Without Whipped Cream) (Half Sugar),coffee,hot,half,medium,"[10,19,36]","['coffee', 'dessert']; augmented; sugar_half",0.8231925721901782,"Hot Mocha (Without Whipped Cream) (Half Sugar) is a hot coffee drink with half sugar and medium caffeine. Featuring whole milk, chocolate syrup, ice."
1470,Hot Mocha (Without Whipped Cream),coffee,hot,regular,medium,"[14,19,36,38]","['coffee', 'dessert']; augmented; swap_add",0.7915281845553156,"Hot Mocha (Without Whipped Cream) is a hot coffee drink with regular sweetness and medium caffeine. Featuring soy milk, chocolate syrup, ice, coconut milk."
1471,Hot Mocha (Without Whipped Cream),coffee,hot,regular,medium,"[10,16,36,45]","['coffee', 'dessert']; augmented; swap_add",0.7669172736015708,"Hot Mocha (Without Whipped Cream) is a hot coffee drink with regular sweetness and medium caffeine. Featuring whole milk, caramel syrup, ice, mango base."
1472,Hot Mocha (Without Whipped Cream),coffee,hot,regular,medium,"[6,10,36,40]","['coffee', 'dessert']; augmented; swap_add",0.7678426302499586,"Hot Mocha (Without Whipped Cream) is a hot coffee drink with regular sweetness and medium caffeine. Featuring black tea, whole milk, ice, peppermint syrup."
1473,Hot Mocha (Without Whipped Cream) (Half Sugar),coffee,hot,half,low,"[13,19,36]","['coffee', 'dessert']; augmented; combo",0.7756024667634093,"Hot Mocha (Without Whipped Cream) (Half Sugar) is a hot coffee drink with half sugar and low caffeine. Featuring almond milk, chocolate syrup, ice."
1474,Hot Mocha (Without Whipped Cream),coffee,hot,regular,low,"[2,13,19,36]","['coffee', 'dessert']; augmented; combo",0.7727678576936029,"Hot Mocha (Without Whipped Cream) is a hot coffee drink with regular sweetness and low caffeine. Featuring cold brew coffee, almond milk, chocolate syrup, ice."
1475,Hot Mocha (Without Whipped Cream) (Extra Caffeine),coffee,hot,regular,high,"[10,19,36]","['coffee', 'dessert']; augmented; caffeine_high",0.7584357427190813,"Hot Mocha (Without Whipped Cream) (Extra Caffeine) is a hot coffee drink with regular sweetness and high caffeine. Featuring whole milk, chocolate syrup, ice."
1476,Hot Mocha (Without Whipped Cream),coffee,hot,regular,low,"[10,19,36]","['coffee', 'dessert']; augmented; caffeine_low",0.7531260331185563,"Hot Mocha (Without Whipped Cream) is a hot coffee drink with regular sweetness and low caffeine. Featuring whole milk, chocolate syrup, ice."
1477,Iced Mocha (Without Whipped Cream),coffee,iced,regular,medium,"[10,19,36]","['coffee', 'dessert']; augmented; temp_iced",0.7481222061630143,"Iced Mocha (Without Whipped Cream) is a iced coffee drink with regular sweetness and medium caffeine. Featuring whole milk, chocolate syrup, ice."
1478,Hot Mocha (Without Whipped Cream) (Zero Sugar),coffee,hot,zero,low,"[5,10,36,42]","['coffee', 'dessert']; augmented; combo",0.7273810623339997,"Hot Mocha (Without Whipped Cream) (Zero Sugar) is a hot coffee drink with zero sugar and low caffeine. Featuring green tea, whole milk, ice, sugar free syrup."
1479,Hot Mocha (Without Whipped Cream),coffee,hot,regular,medium,"[12,19,36]","['coffee', 'dessert']; augmented; ingredient_swap",0.7415797476939968,"Hot Mocha (Without Whipped Cream) is a hot coffee drink with regular sweetness and medium caffeine. Featuring oat milk, chocolate syrup, ice."
1480,Hot Mocha (Without Whipped Cream),coffee,hot,regular,medium,"[19,36,38]","['coffee', 'dessert']; augmented; ingredient_swap",0.6992112955741384,"Hot Mocha (Without Whipped Cream) is a hot coffee drink with regular sweetness and medium caffeine. Featuring chocolate syrup, ice, coconut milk."
1481,Hot Mocha (Without Whipped Cream),coffee,hot,regular,medium,"[14,19,36]","['coffee', 'dessert']; augmented; ingredient_swap",0.7470498111961575,"Hot Mocha (Without Whipped Cream) is a hot coffee drink with regular sweetness and medium caffeine. Featuring soy milk, chocolate syrup, ice."
1482,Hot Mocha (Without Whipped Cream) (Half Sugar),coffee,hot,half,medium,"[10,19,36]","['coffee', 'dessert']; augmented; sugar_half",0.7203422667854725,"Hot Mocha (Without Whipped Cream) (Half Sugar) is a hot coffee drink with half sugar and medium caffeine. Featuring whole milk, chocolate syrup, ice."
1483,Hot Mocha (Without Whipped Cream),coffee,hot,regular,medium,"[12,13,19,36]","['coffee', 'dessert']; augmented; swap_add",0.7168923204835269,"Hot Mocha (Without Whipped Cream) is a hot coffee drink with regular sweetness and medium caffeine. Featuring oat milk, almond milk, chocolate syrup, ice."
1484,Hot Mocha (Without Whipped Cream) (Extra Caffeine),coffee,hot,regular,high,"[10,19,36]","['coffee', 'dessert']; augmented; caffeine_high",0.7553968245346043,"Hot Mocha (Without Whipped Cream) (Extra Caffeine) is a hot coffee drink with regular sweetness and high caffeine. Featuring whole milk, chocolate syrup, ice."
1485,Hot Mocha (Without Whipped Cream) (Half Sugar),coffee,hot,half,low,"[10,36,39]","['coffee', 'dessert']; augmented; combo",0.791760068590338,"Hot Mocha (Without Whipped Cream) (Half Sugar) is a hot coffee drink with half sugar and low caffeine. Featuring whole milk, ice, pecan syrup."
1486,Hot Mocha (Without Whipped Cream) (Half Sugar),coffee,hot,half,medium,"[10,19,36]","['coffee', 'dessert']; augmented; sugar_half",0.7775494981800694,"Hot Mocha (Without Whipped Cream) (Half Sugar) is a hot coffee drink with half sugar and medium caffeine. Featuring whole milk, chocolate syrup, ice."
1487,Hot Mocha (Without Whipped Cream),coffee,hot,regular,medium,"[19,35,36,38]","['coffee', 'dessert']; augmented; swap_add",0.7028849818913047,"Hot Mocha (Without Whipped Cream) is a hot coffee drink with regular sweetness and medium caffeine. Featuring chocolate syrup, java chips, ice, coconut milk."
1488,Iced Mocha (Without Whipped Cream),coffee,iced,regular,medium,"[10,19,36]","['coffee', 'dessert']; augmented; temp_iced",0.7203111559028899,"Iced Mocha (Without Whipped Cream) is a iced coffee drink with regular sweetness and medium caffeine. Featuring whole milk, chocolate syrup, ice."
1489,Hot Mocha (Without Whipped Cream) (Half Sugar),coffee,hot,half,medium,"[10,19,36]","['coffee', 'dessert']; augmented; sugar_half",0.7782231356396465,"Hot Mocha (Without Whipped Cream) (Half Sugar) is a hot coffee drink with half sugar and medium caffeine. Featuring whole milk, chocolate syrup, ice."
1490,Hot Mocha (Without Whipped Cream) (Half Sugar),coffee,hot,half,low,"[10,19,36,41]","['coffee', 'dessert']; augmented; combo",0.7205253781938508,"Hot Mocha (Without Whipped Cream) (Half Sugar) is a hot coffee drink with half sugar and low caffeine. Featuring whole milk, chocolate syrup, ice, gingerbread syrup."
1491,Hot Mocha (Without Whipped Cream) (Half Sugar),coffee,hot,half,medium,"[10,19,36]","['coffee', 'dessert']; augmented; sugar_half",0.7432610055000892,"Hot Mocha (Without Whipped Cream) (Half Sugar) is a hot coffee drink with half sugar and medium caffeine. Featuring whole milk, chocolate syrup, ice."
1492,Hot Mocha (Without Whipped Cream),coffee,hot,regular,medium,"[10,22,25,36]","['coffee', 'dessert']; augmented; swap_add",0.7665015629707366,"Hot Mocha (Without Whipped Cream) is a hot coffee drink with regular sweetness and medium caffeine. Featuring whole milk, brown sugar syrup, chai spice mix, ice."
1493,Hot Mocha (Without Whipped Cream) (Zero Sugar),coffee,hot,zero,low,"[11,19,35,36]","['coffee', 'dessert']; augmented; combo",0.720949666354091,"Hot Mocha (Without Whipped Cream) (Zero Sugar) is a hot coffee drink with zero sugar and low caffeine. Featuring skim milk, chocolate syrup, java chips, ice."
1494,Hot Mocha (Without Whipped Cream),coffee,hot,regular,low,"[10,19,36]","['coffee', 'dessert']; augmented; caffeine_low",0.7531612651843788,"Hot Mocha (Without Whipped Cream) is a hot coffee drink with regular sweetness and low caffeine. Featuring whole milk, chocolate syrup, ice."
1495,Iced Mocha (Without Whipped Cream),coffee,iced,regular,medium,"[10,19,36]","['coffee', 'dessert']; augmented; temp_iced",0.7099792351524539,"Iced Mocha (Without Whipped Cream) is a iced coffee drink with regular sweetness and medium caffeine. Featuring whole milk, chocolate syrup, ice."
1496,Hot Mocha (Without Whipped Cream),coffee,hot,regular,medium,"[10,36,42,46]","['coffee', 'dessert']; augmented; swap_add",0.7319589706814635,"Hot Mocha (Without Whipped Cream) is a hot coffee drink with regular sweetness and medium caffeine. Featuring whole milk, ice, sugar free syrup, strawberry base."
1497,Iced Mocha (Without Whipped Cream),coffee,iced,regular,medium,"[10,19,36]","['coffee', 'dessert']; augmented; temp_iced",0.7595934580242761,"Iced Mocha (Without Whipped Cream) is a iced coffee drink with regular sweetness and medium caffeine. Featuring whole milk, chocolate syrup, ice."
1498,Hot Mocha (Without Whipped Cream) (Half Sugar),coffee,hot,half,medium,"[10,19,36]","['coffee', 'dessert']; augmented; sugar_half",0.7022101879940499,"Hot Mocha (Without Whipped Cream) (Half Sugar) is a hot coffee drink with half sugar and medium caffeine. Featuring whole milk, chocolate syrup, ice."
1499,Hot Mocha (Without Whipped Cream) (Extra Caffeine),coffee,hot,regular,high,"[10,19,36]","['coffee', 'dessert']; augmented; caffeine_high",0.763214242138812,"Hot Mocha (Without Whipped Cream) (Extra Caffeine) is a hot coffee drink with regular sweetness and high caffeine. Featuring whole milk, chocolate syrup, ice."
1500,Hot Mocha (Without Whipped Cream) (Extra Caffeine),coffee,hot,regular,high,"[10,19,36]","['coffee', 'dessert']; augmented; caffeine_high",0.7494108660321995,"Hot Mocha (Without Whipped Cream) (Extra Caffeine) is a hot coffee drink with regular sweetness and high caffeine. Featuring whole milk, chocolate syrup, ice."
1501,Hot Mocha (Without Whipped Cream),coffee,hot,regular,medium,"[10,36,43]","['coffee', 'dessert']; augmented; ingredient_swap",0.7665746986325145,"Hot Mocha (Without Whipped Cream) is a hot coffee drink with regular sweetness and medium caffeine. Featuring whole milk, ice, sugar cookie syrup."
1502,Hot Mocha (Without Whipped Cream) (Half Sugar),coffee,hot,half,low,"[13,19,36]","['coffee', 'dessert']; augmented; combo",0.7567174240219399,"Hot Mocha (Without Whipped Cream) (Half Sugar) is a hot coffee drink with half sugar and low caffeine. Featuring almond milk, chocolate syrup, ice."
1503,Hot Mocha (Without Whipped Cream),coffee,hot,regular,low,"[10,19,36]","['coffee', 'dessert']; augmented; caffeine_low",0.7909242128992153,"Hot Mocha (Without Whipped Cream) is a hot coffee drink with regular sweetness and low caffeine. Featuring whole milk, chocolate syrup, ice."
1504,Hot Mocha (Without Whipped Cream),coffee,hot,regular,medium,"[10,22,28,36]","['coffee', 'dessert']; augmented; swap_add",0.7537567350794372,"Hot Mocha (Without Whipped Cream) is a hot coffee drink with regular sweetness and medium caffeine. Featuring whole milk, brown sugar syrup, strawberry pieces, ice."
1505,Hot Mocha (Without Whipped Cream),coffee,hot,regular,medium,"[10,36,40]","['coffee', 'dessert']; augmented; ingredient_swap",0.7371178337662424,"Hot Mocha (Without Whipped Cream) is a hot coffee drink with regular sweetness and medium caffeine. Featuring whole milk, ice, peppermint syrup."
1506,Hot Mocha (Without Whipped Cream) (Extra Caffeine),coffee,hot,regular,high,"[10,19,36]","['coffee', 'dessert']; augmented; caffeine_high",0.7536689250909685,"Hot Mocha (Without Whipped Cream) (Extra Caffeine) is a hot coffee drink with regular sweetness and high caffeine. Featuring whole milk, chocolate syrup, ice."
1507,Iced Mocha (Without Whipped Cream),coffee,iced,regular,medium,"[10,19,36]","['coffee', 'dessert']; augmented; temp_iced",0.7662989408710916,"Iced Mocha (Without Whipped Cream) is a iced coffee drink with regular sweetness and medium caffeine. Featuring whole milk, chocolate syrup, ice."
1508,Hot Mocha (Without Whipped Cream),coffee,hot,regular,medium,"[14,19,36]","['coffee', 'dessert']; augmented; swap_add",0.7514658021097711,"Hot Mocha (Without Whipped Cream) is a hot coffee drink with regular sweetness and medium caffeine. Featuring soy milk, chocolate syrup, ice."
1509,Hot Caramel (Without Whipped Cream),other,hot,regular,medium,"[13,16,36]",['dessert']; augmented; swap_add,0.7512177507361165,"Hot Caramel (Without Whipped Cream) is a hot other drink with regular sweetness and medium caffeine. Featuring almond milk, caramel syrup, ice."
1510,Hot Caramel (Without Whipped Cream),other,hot,regular,medium,"[14,16,36]",['dessert']; augmented; ingredient_swap,0.7289402493657974,"Hot Caramel (Without Whipped Cream) is a hot other drink with regular sweetness and medium caffeine. Featuring soy milk, caramel syrup, ice."
1511,Iced Caramel (Without Whipped Cream),other,iced,regular,medium,"[10,16,36]",['dessert']; augmented; temp_iced,0.7301129724734715,"Iced Caramel (Without Whipped Cream) is a iced other drink with regular sweetness and medium caffeine. Featuring whole milk, caramel syrup, ice."
1512,Hot Caramel (Without Whipped Cream),other,hot,regular,low,"[10,16,36]",['dessert']; augmented; caffeine_low,0.7079218418460091,"Hot Caramel (Without Whipped Cream) is a hot other drink with regular sweetness and low caffeine. Featuring whole milk, caramel syrup, ice."
1513,Hot Caramel (Without Whipped Cream),other,hot,regular,medium,"[10,21,36]",['dessert']; augmented; ingredient_swap,0.8024873022956082,"Hot Caramel (Without Whipped Cream) is a hot other drink with regular sweetness and medium caffeine. Featuring whole milk, pumpkin spice syrup, ice."
1514,Hot Caramel (Without Whipped Cream),other,hot,regular,medium,"[13,16,36]",['dessert']; augmented; ingredient_swap,0.7126841029382615,"Hot Caramel (Without Whipped Cream) is a hot other drink with regular sweetness and medium caffeine. Featuring almond milk, caramel syrup, ice."
1515,Hot Caramel (Without Whipped Cream) (Half Sugar),other,hot,half,medium,"[10,16,36]",['dessert']; augmented; sugar_half,0.7292128440661227,"Hot Caramel (Without Whipped Cream) (Half Sugar) is a hot other drink with half sugar and medium caffeine. Featuring whole milk, caramel syrup, ice."
1516,Hot Caramel (Without Whipped Cream),other,hot,regular,medium,"[16,36,38]",['dessert']; augmented; ingredient_swap,0.728447782032924,"Hot Caramel (Without Whipped Cream) is a hot other drink with regular sweetness and medium caffeine. Featuring caramel syrup, ice, coconut milk."
1517,Hot Caramel (Without Whipped Cream) (Half Sugar),other,hot,half,medium,"[10,16,36]",['dessert']; augmented; sugar_half,0.7768477313083333,"Hot Caramel (Without Whipped Cream) (Half Sugar) is a hot other drink with half sugar and medium caffeine. Featuring whole milk, caramel syrup, ice."
1518,Hot Caramel (Without Whipped Cream),other,hot,regular,low,"[10,16,36]",['dessert']; augmented; caffeine_low,0.7411515096512392,"Hot Caramel (Without Whipped Cream) is a hot other drink with regular sweetness and low caffeine. Featuring whole milk, caramel syrup, ice."
1519,Hot Caramel (Without Whipped Cream),other,hot,regular,medium,"[4,12,16,36]",['dessert']; augmented; swap_add,0.787432262180212,"Hot Caramel (Without Whipped Cream) is a hot other drink with regular sweetness and medium caffeine. Featuring creme base, oat milk, caramel syrup, ice."
1520,"Hot Caramel (Without Whipped Cream) (Half Sugar, Extra Caffeine)",other,hot,half,high,"[10,19,36]",['dessert']; augmented; combo,0.7297952812726839,"Hot Caramel (Without Whipped Cream) (Half Sugar, Extra Caffeine) is a hot other drink with half sugar and high caffeine. Featuring whole milk, chocolate syrup, ice."
1521,Hot Caramel (Without Whipped Cream),other,hot,regular,medium,"[11,16,36,41]",['dessert']; augmented; swap_add,0.7583698248667141,"Hot Caramel (Without Whipped Cream) is a hot other drink with regular sweetness and medium caffeine. Featuring skim milk, caramel syrup, ice, gingerbread syrup."
1522,Hot Caramel (Without Whipped Cream) (Half Sugar),other,hot,half,low,"[10,21,36]",['dessert']; augmented; combo,0.7249395884022073,"Hot Caramel (Without Whipped Cream) (Half Sugar) is a hot other drink with half sugar and low caffeine. Featuring whole milk, pumpkin spice syrup, ice."
1523,Hot Caramel (Without Whipped Cream),other,hot,regular,medium,"[12,16,36]",['dessert']; augmented; ingredient_swap,0.8143544738332016,"Hot Caramel (Without Whipped Cream) is a hot other drink with regular sweetness and medium caffeine. Featuring oat milk, caramel syrup, ice."
1524,Hot Caramel (Without Whipped Cream),other,hot,regular,medium,"[12,16,36]",['dessert']; augmented; swap_add,0.7143720474291146,"Hot Caramel (Without Whipped Cream) is a hot other drink with regular sweetness and medium caffeine. Featuring oat milk, caramel syrup, ice."
1525,Hot Caramel (Without Whipped Cream) (Half Sugar),other,hot,half,medium,"[10,16,36]",['dessert']; augmented; sugar_half,0.7592946213068108,"Hot Caramel (Without Whipped Cream) (Half Sugar) is a hot other drink with half sugar and medium caffeine. Featuring whole milk, caramel syrup, ice."
1526,Hot Caramel (Without Whipped Cream),other,hot,regular,medium,"[16,36,38]",['dessert']; augmented; ingredient_swap,0.769013306427963,"Hot Caramel (Without Whipped Cream) is a hot other drink with regular sweetness and medium caffeine. Featuring caramel syrup, ice, coconut milk."
1527,Hot Caramel (Without Whipped Cream) (Extra Caffeine),other,hot,regular,high,"[10,16,36]",['dessert']; augmented; caffeine_high,0.762413972923545,"Hot Caramel (Without Whipped Cream) (Extra Caffeine) is a hot other drink with regular sweetness and high caffeine. Featuring whole milk, caramel syrup, ice."
1528,Hot Caramel (Without Whipped Cream) (Half Sugar),other,hot,half,low,"[7,11,16,36]",['dessert']; augmented; combo,0.7444413702336687,"Hot Caramel (Without Whipped Cream) (Half Sugar) is a hot other drink with half sugar and low caffeine. Featuring yogurt base, skim milk, caramel syrup, ice."
1529,Hot Caramel (Without Whipped Cream),other,hot,regular,medium,"[10,21,28,36]",['dessert']; augmented; swap_add,0.7461053790079972,"Hot Caramel (Without Whipped Cream) is a hot other drink with regular sweetness and medium caffeine. Featuring whole milk, pumpkin spice syrup, strawberry pieces, ice."
1530,Hot Caramel (Without Whipped Cream),other,hot,regular,medium,"[13,16,25,36]",['dessert']; augmented; swap_add,0.7513143441593733,"Hot Caramel (Without Whipped Cream) is a hot other drink with regular sweetness and medium caffeine. Featuring almond milk, caramel syrup, chai spice mix, ice."
1531,Hot Caramel (Without Whipped Cream),other,hot,regular,low,"[10,16,36]",['dessert']; augmented; caffeine_low,0.7455899399511453,"Hot Caramel (Without Whipped Cream) is a hot other drink with regular sweetness and low caffeine. Featuring whole milk, caramel syrup, ice."
1532,Hot Caramel (Without Whipped Cream),other,hot,regular,medium,"[14,16,36]",['dessert']; augmented; ingredient_swap,0.7789163735038472,"Hot Caramel (Without Whipped Cream) is a hot other drink with regular sweetness and medium caffeine. Featuring soy milk, caramel syrup, ice."
1533,"Hot Caramel (Without Whipped Cream) (Half Sugar, Extra Caffeine)",other,hot,half,high,"[12,16,36]",['dessert']; augmented; combo,0.8163156900477405,"Hot Caramel (Without Whipped Cream) (Half Sugar, Extra Caffeine) is a hot other drink with half sugar and high caffeine. Featuring oat milk, caramel syrup, ice."
1534,Hot Caramel (Without Whipped Cream),other,hot,regular,medium,"[10,36,37,43]",['dessert']; augmented; swap_add,0.7332752464497649,"Hot Caramel (Without Whipped Cream) is a hot other drink with regular sweetness and medium caffeine. Featuring whole milk, ice, passion tea, sugar cookie syrup."
1535,Hot Caramel (Without Whipped Cream),other,hot,regular,medium,"[12,16,36]",['dessert']; augmented; ingredient_swap,0.7089059106126276,"Hot Caramel (Without Whipped Cream) is a hot other drink with regular sweetness and medium caffeine. Featuring oat milk, caramel syrup, ice."
1536,Hot Caramel (Without Whipped Cream) (Half Sugar),other,hot,half,low,"[5,10,36,39]",['dessert']; augmented; combo,0.7473515385494623,"Hot Caramel (Without Whipped Cream) (Half Sugar) is a hot other drink with half sugar and low caffeine. Featuring green tea, whole milk, ice, pecan syrup."
1537,Hot Caramel (Without Whipped Cream),other,hot,regular,medium,"[16,36,38]",['dessert']; augmented; ingredient_swap,0.8273912801296296,"Hot Caramel (Without Whipped Cream) is a hot other drink with regular sweetness and medium caffeine. Featuring caramel syrup, ice, coconut milk."
1538,Hot Caramel (Without Whipped Cream),other,hot,regular,medium,"[10,17,18,36]",['dessert']; augmented; swap_add,0.7258897629609081,"Hot Caramel (Without Whipped Cream) is a hot other drink with regular sweetness and medium caffeine. Featuring whole milk, hazelnut syrup, classic simple syrup, ice."
1539,Hot Caramel (Without Whipped Cream) (Extra Caffeine),other,hot,regular,high,"[10,16,36]",['dessert']; augmented; caffeine_high,0.799173504163322,"Hot Caramel (Without Whipped Cream) (Extra Caffeine) is a hot other drink with regular sweetness and high caffeine. Featuring whole milk, caramel syrup, ice."
1540,"Hot Caramel (Without Whipped Cream) (Half Sugar, Extra Caffeine)",other,hot,half,high,"[13,16,36]",['dessert']; augmented; combo,0.8003310244222932,"Hot Caramel (Without Whipped Cream) (Half Sugar, Extra Caffeine) is a hot other drink with half sugar and high caffeine. Featuring almond milk, caramel syrup, ice."
1541,Hot Caramel (Without Whipped Cream) (Extra Caffeine),other,hot,regular,high,"[10,16,36]",['dessert']; augmented; caffeine_high,0.7333923527487601,"Hot Caramel (Without Whipped Cream) (Extra Caffeine) is a hot other drink with regular sweetness and high caffeine. Featuring whole milk, caramel syrup, ice."
1542,Iced Caramel (Without Whipped Cream),other,iced,regular,medium,"[10,16,36]",['dessert']; augmented; temp_iced,0.7670694923755582,"Iced Caramel (Without Whipped Cream) is a iced other drink with regular sweetness and medium caffeine. Featuring whole milk, caramel syrup, ice."
1543,Hot Caramel (Without Whipped Cream),other,hot,regular,medium,"[10,36,42]",['dessert']; augmented; ingredient_swap,0.7988518986938561,"Hot Caramel (Without Whipped Cream) is a hot other drink with regular sweetness and medium caffeine. Featuring whole milk, ice, sugar free syrup."
1544,Hot Caramel (Without Whipped Cream),other,hot,regular,medium,"[10,20,35,36]",['dessert']; augmented; swap_add,0.7386261677703754,"Hot Caramel (Without Whipped Cream) is a hot other drink with regular sweetness and medium caffeine. Featuring whole milk, white chocolate syrup, java chips, ice."
1545,Hot Caramel (Without Whipped Cream),other,hot,regular,medium,"[14,16,36]",['dessert']; augmented; ingredient_swap,0.7438925891969291,"Hot Caramel (Without Whipped Cream) is a hot other drink with regular sweetness and medium caffeine. Featuring soy milk, caramel syrup, ice."
1546,Hot Caramel (Without Whipped Cream),other,hot,regular,medium,"[12,16,36]",['dessert']; augmented; swap_add,0.7325495725815407,"Hot Caramel (Without Whipped Cream) is a hot other drink with regular sweetness and medium caffeine. Featuring oat milk, caramel syrup, ice."
1547,"Hot Caramel (Without Whipped Cream) (Half Sugar, Extra Caffeine)",other,hot,half,high,"[6,11,16,36]",['dessert']; augmented; combo,0.719557298079214,"Hot Caramel (Without Whipped Cream) (Half Sugar, Extra Caffeine) is a hot other drink with half sugar and high caffeine. Featuring black tea, skim milk, caramel syrup, ice."
1548,Hot Caramel (Without Whipped Cream) (Extra Caffeine),other,hot,regular,high,"[10,16,36]",['dessert']; augmented; caffeine_high,0.7305216736480198,"Hot Caramel (Without Whipped Cream) (Extra Caffeine) is a hot other drink with regular sweetness and high caffeine. Featuring whole milk, caramel syrup, ice."
1549,"Hot Caramel (Without Whipped Cream) (Half Sugar, Extra Caffeine)",other,hot,half,high,"[13,16,36]",['dessert']; augmented; combo,0.7132817919971323,"Hot Caramel (Without Whipped Cream) (Half Sugar, Extra Caffeine) is a hot other drink with half sugar and high caffeine. Featuring almond milk, caramel syrup, ice."
1550,Hot Caramel (Without Whipped Cream),other,hot,regular,medium,"[12,16,17,36]",['dessert']; augmented; swap_add,0.7510225040477768,"Hot Caramel (Without Whipped Cream) is a hot other drink with regular sweetness and medium caffeine. Featuring oat milk, caramel syrup, hazelnut syrup, ice."
1551,"Hot Caramel (Without Whipped Cream) (Half Sugar, Extra Caffeine)",other,hot,half,high,"[10,16,18,36]",['dessert']; augmented; combo,0.7269008030682408,"Hot Caramel (Without Whipped Cream) (Half Sugar, Extra Caffeine) is a hot other drink with half sugar and high caffeine. Featuring whole milk, caramel syrup, classic simple syrup, ice."
1552,Hot Caramel (Without Whipped Cream),other,hot,regular,medium,"[10,22,36]",['dessert']; augmented; ingredient_swap,0.7570135773537224,"Hot Caramel (Without Whipped Cream) is a hot other drink with regular sweetness and medium caffeine. Featuring whole milk, brown sugar syrup, ice."
1553,Hot Caramel (Without Whipped Cream),other,hot,regular,medium,"[10,20,36,41]",['dessert']; augmented; swap_add,0.7033231306138912,"Hot Caramel (Without Whipped Cream) is a hot other drink with regular sweetness and medium caffeine. Featuring whole milk, white chocolate syrup, ice, gingerbread syrup."
1554,Hot Java Chip (Without Whipped Cream),other,hot,regular,medium,"[12,36]",['dessert']; augmented; ingredient_swap,0.7599264069664338,"Hot Java Chip (Without Whipped Cream) is a hot other drink with regular sweetness and medium caffeine. Featuring oat milk, ice."
1555,Hot Java Chip (Without Whipped Cream) (Half Sugar),other,hot,half,low,"[11,36,44]",['dessert']; augmented; combo,0.7750058688482677,"Hot Java Chip (Without Whipped Cream) (Half Sugar) is a hot other drink with half sugar and low caffeine. Featuring skim milk, ice, strawberry puree."
1556,Hot Java Chip (Without Whipped Cream) (Extra Caffeine),other,hot,regular,high,"[10,36]",['dessert']; augmented; caffeine_high,0.6901879307228563,"Hot Java Chip (Without Whipped Cream) (Extra Caffeine) is a hot other drink with regular sweetness and high caffeine. Featuring whole milk, ice."
1557,Hot Java Chip (Without Whipped Cream),other,hot,regular,medium,"[12,36]",['dessert']; augmented; ingredient_swap,0.7612216970954272,"Hot Java Chip (Without Whipped Cream) is a hot other drink with regular sweetness and medium caffeine. Featuring oat milk, ice."
1558,"Hot Java Chip (Without Whipped Cream) (Half Sugar, Extra Caffeine)",other,hot,half,high,"[2,13,36]",['dessert']; augmented; combo,0.7868300697741988,"Hot Java Chip (Without Whipped Cream) (Half Sugar, Extra Caffeine) is a hot other drink with half sugar and high caffeine. Featuring cold brew coffee, almond milk, ice."
1559,Hot Java Chip (Without Whipped Cream),other,hot,regular,medium,"[14,36]",['dessert']; augmented; ingredient_swap,0.7137107694392638,"Hot Java Chip (Without Whipped Cream) is a hot other drink with regular sweetness and medium caffeine. Featuring soy milk, ice."
1560,Hot Java Chip (Without Whipped Cream),other,hot,regular,low,"[10,36]",['dessert']; augmented; caffeine_low,0.8001771716051311,"Hot Java Chip (Without Whipped Cream) is a hot other drink with regular sweetness and low caffeine. Featuring whole milk, ice."
1561,Hot Java Chip (Without Whipped Cream),other,hot,regular,low,"[10,36]",['dessert']; augmented; caffeine_low,0.7625705702809814,"Hot Java Chip (Without Whipped Cream) is a hot other drink with regular sweetness and low caffeine. Featuring whole milk, ice."
1562,Iced Java Chip (Without Whipped Cream),other,iced,regular,medium,"[10,36]",['dessert']; augmented; temp_iced,0.7288496443272477,"Iced Java Chip (Without Whipped Cream) is a iced other drink with regular sweetness and medium caffeine. Featuring whole milk, ice."
1563,Hot Java Chip (Without Whipped Cream),other,hot,regular,medium,"[13,36,42]",['dessert']; augmented; swap_add,0.7483269276702689,"Hot Java Chip (Without Whipped Cream) is a hot other drink with regular sweetness and medium caffeine. Featuring almond milk, ice, sugar free syrup."
1564,Hot Java Chip (Without Whipped Cream),other,hot,regular,medium,"[11,36]",['dessert']; augmented; ingredient_swap,0.7667498073756517,"Hot Java Chip (Without Whipped Cream) is a hot other drink with regular sweetness and medium caffeine. Featuring skim milk, ice."
1565,Hot Java Chip (Without Whipped Cream),other,hot,regular,medium,"[11,36]",['dessert']; augmented; ingredient_swap,0.7522801617423723,"Hot Java Chip (Without Whipped Cream) is a hot other drink with regular sweetness and medium caffeine. Featuring skim milk, ice."
1566,Hot Java Chip (Without Whipped Cream),other,hot,regular,medium,"[14,36]",['dessert']; augmented; swap_add,0.766162679773391,"Hot Java Chip (Without Whipped Cream) is a hot other drink with regular sweetness and medium caffeine. Featuring soy milk, ice."
1567,Hot Java Chip (Without Whipped Cream),other,hot,regular,medium,"[12,36]",['dessert']; augmented; ingredient_swap,0.722379792207619,"Hot Java Chip (Without Whipped Cream) is a hot other drink with regular sweetness and medium caffeine. Featuring oat milk, ice."
1568,"Hot Java Chip (Without Whipped Cream) (Half Sugar, Extra Caffeine)",other,hot,half,high,"[11,36,37]",['dessert']; augmented; combo,0.7550808247210823,"Hot Java Chip (Without Whipped Cream) (Half Sugar, Extra Caffeine) is a hot other drink with half sugar and high caffeine. Featuring skim milk, ice, passion tea."
1569,Hot Java Chip (Without Whipped Cream),other,hot,regular,medium,"[36,38]",['dessert']; augmented; swap_add,0.7075885650928506,"Hot Java Chip (Without Whipped Cream) is a hot other drink with regular sweetness and medium caffeine. Featuring ice, coconut milk."
1570,Hot Java Chip (Without Whipped Cream),other,hot,regular,medium,"[12,36]",['dessert']; augmented; ingredient_swap,0.746663218159539,"Hot Java Chip (Without Whipped Cream) is a hot other drink with regular sweetness and medium caffeine. Featuring oat milk, ice."
1571,Hot Java Chip (Without Whipped Cream) (Half Sugar),other,hot,half,medium,"[10,36]",['dessert']; augmented; sugar_half,0.7228827707560563,"Hot Java Chip (Without Whipped Cream) (Half Sugar) is a hot other drink with half sugar and medium caffeine. Featuring whole milk, ice."
1572,"Hot Java Chip (Without Whipped Cream) (Half Sugar, Extra Caffeine)",other,hot,half,high,"[1,12,36]",['dessert']; augmented; combo,0.727934101722307,"Hot Java Chip (Without Whipped Cream) (Half Sugar, Extra Caffeine) is a hot other drink with half sugar and high caffeine. Featuring espresso shot, oat milk, ice."
1573,Hot Java Chip (Without Whipped Cream),other,hot,regular,medium,"[11,36,47]",['dessert']; augmented; swap_add,0.7870827952563131,"Hot Java Chip (Without Whipped Cream) is a hot other drink with regular sweetness and medium caffeine. Featuring skim milk, ice, lemonade."
1574,Hot Java Chip (Without Whipped Cream),other,hot,regular,medium,"[11,36]",['dessert']; augmented; ingredient_swap,0.7827393036178281,"Hot Java Chip (Without Whipped Cream) is a hot other drink with regular sweetness and medium caffeine. Featuring skim milk, ice."
1575,Hot Java Chip (Without Whipped Cream) (Half Sugar),other,hot,half,medium,"[10,36]",['dessert']; augmented; sugar_half,0.7682741436272154,"Hot Java Chip (Without Whipped Cream) (Half Sugar) is a hot other drink with half sugar and medium caffeine. Featuring whole milk, ice."
1576,Hot Java Chip (Without Whipped Cream) (Half Sugar),other,hot,half,medium,"[10,36]",['dessert']; augmented; sugar_half,0.7172306170598226,"Hot Java Chip (Without Whipped Cream) (Half Sugar) is a hot other drink with half sugar and medium caffeine. Featuring whole milk, ice."
1577,Hot Java Chip (Without Whipped Cream) (Extra Caffeine),other,hot,regular,high,"[10,36]",['dessert']; augmented; caffeine_high,0.740507746509156,"Hot Java Chip (Without Whipped Cream) (Extra Caffeine) is a hot other drink with regular sweetness and high caffeine. Featuring whole milk, ice."
1578,Hot Java Chip (Without Whipped Cream) (Extra Caffeine),other,hot,regular,high,"[10,36]",['dessert']; augmented; caffeine_high,0.7863929309993755,"Hot Java Chip (Without Whipped Cream) (Extra Caffeine) is a hot other drink with regular sweetness and high caffeine. Featuring whole milk, ice."
1579,Hot Java Chip (Without Whipped Cream) (Half Sugar),other,hot,half,low,"[13,36]",['dessert']; augmented; combo,0.7542515074091971,"Hot Java Chip (Without Whipped Cream) (Half Sugar) is a hot other drink with half sugar and low caffeine. Featuring almond milk, ice."
1580,Iced Java Chip (Without Whipped Cream),other,iced,regular,medium,"[10,36]",['dessert']; augmented; temp_iced,0.8195798861994508,"Iced Java Chip (Without Whipped Cream) is a iced other drink with regular sweetness and medium caffeine. Featuring whole milk, ice."
1581,Hot Java Chip (Without Whipped Cream),other,hot,regular,medium,"[12,36]",['dessert']; augmented; swap_add,0.7617995351818312,"Hot Java Chip (Without Whipped Cream) is a hot other drink with regular sweetness and medium caffeine. Featuring oat milk, ice."
1582,Hot Java Chip (Without Whipped Cream) (Extra Caffeine),other,hot,regular,high,"[10,36]",['dessert']; augmented; caffeine_high,0.7557614734947009,"Hot Java Chip (Without Whipped Cream) (Extra Caffeine) is a hot other drink with regular sweetness and high caffeine. Featuring whole milk, ice."
1583,Iced Java Chip (Without Whipped Cream),other,iced,regular,medium,"[10,36]",['dessert']; augmented; temp_iced,0.740726506073925,"Iced Java Chip (Without Whipped Cream) is a iced other drink with regular sweetness and medium caffeine. Featuring whole milk, ice."
1584,Iced Java Chip (Without Whipped Cream),other,iced,regular,medium,"[10,36]",['dessert']; augmented; temp_iced,0.7540062271434684,"Iced Java Chip (Without Whipped Cream) is a iced other drink with regular sweetness and medium caffeine. Featuring whole milk, ice."
1585,"Hot Java Chip (Without Whipped Cream) (Half Sugar, Extra Caffeine)",other,hot,half,high,"[6,12,36]",['dessert']; augmented; combo,0.7454259049085837,"Hot Java Chip (Without Whipped Cream) (Half Sugar, Extra Caffeine) is a hot other drink with half sugar and high caffeine. Featuring black tea, oat milk, ice."
1586,Hot Java Chip (Without Whipped Cream),other,hot,regular,medium,"[14,29,36]",['dessert']; augmented; swap_add,0.7712432603006577,"Hot Java Chip (Without Whipped Cream) is a hot other drink with regular sweetness and medium caffeine. Featuring soy milk, blueberry puree, ice."
1587,Hot Java Chip (Without Whipped Cream) (Half Sugar),other,hot,half,medium,"[10,36]",['dessert']; augmented; sugar_half,0.7787010695038376,"Hot Java Chip (Without Whipped Cream) (Half Sugar) is a hot other drink with half sugar and medium caffeine. Featuring whole milk, ice."
1588,Iced Java Chip (Without Whipped Cream),other,iced,regular,medium,"[10,36]",['dessert']; augmented; temp_iced,0.7264203161847615,"Iced Java Chip (Without Whipped Cream) is a iced other drink with regular sweetness and medium caffeine. Featuring whole milk, ice."
1589,Hot Java Chip (Without Whipped Cream),other,hot,regular,low,"[13,36,41]",['dessert']; augmented; combo,0.7100630113932667,"Hot Java Chip (Without Whipped Cream) is a hot other drink with regular sweetness and low caffeine. Featuring almond milk, ice, gingerbread syrup."
1590,Hot Java Chip (Without Whipped Cream) (Zero Sugar),other,hot,zero,medium,"[10,36]",['dessert']; augmented; sugar_zero,0.6949138388069012,"Hot Java Chip (Without Whipped Cream) (Zero Sugar) is a hot other drink with zero sugar and medium caffeine. Featuring whole milk, ice."
1591,Hot Java Chip (Without Whipped Cream) (Half Sugar),other,hot,half,low,"[6,36,38]",['dessert']; augmented; combo,0.7652397398073764,"Hot Java Chip (Without Whipped Cream) (Half Sugar) is a hot other drink with half sugar and low caffeine. Featuring black tea, ice, coconut milk."
1592,Iced Java Chip (Without Whipped Cream),other,iced,regular,medium,"[10,36]",['dessert']; augmented; temp_iced,0.7168990018147838,"Iced Java Chip (Without Whipped Cream) is a iced other drink with regular sweetness and medium caffeine. Featuring whole milk, ice."
1593,Iced Java Chip (Without Whipped Cream),other,iced,regular,medium,"[10,36]",['dessert']; augmented; temp_iced,0.6854132822114255,"Iced Java Chip (Without Whipped Cream) is a iced other drink with regular sweetness and medium caffeine. Featuring whole milk, ice."
1594,Hot Java Chip (Without Whipped Cream),other,hot,regular,medium,"[13,36]",['dessert']; augmented; swap_add,0.7616573581359289,"Hot Java Chip (Without Whipped Cream) is a hot other drink with regular sweetness and medium caffeine. Featuring almond milk, ice."
1595,Hot Java Chip (Without Whipped Cream) (Half Sugar),other,hot,half,medium,"[10,36]",['dessert']; augmented; sugar_half,0.8247899855229837,"Hot Java Chip (Without Whipped Cream) (Half Sugar) is a hot other drink with half sugar and medium caffeine. Featuring whole milk, ice."
1596,Iced Java Chip (Without Whipped Cream),other,iced,regular,medium,"[10,36]",['dessert']; augmented; temp_iced,0.7498178726538032,"Iced Java Chip (Without Whipped Cream) is a iced other drink with regular sweetness and medium caffeine. Featuring whole milk, ice."
1597,Hot Java Chip (Without Whipped Cream) (Half Sugar),other,hot,half,low,"[12,36]",['dessert']; augmented; combo,0.7751547232335493,"Hot Java Chip (Without Whipped Cream) (Half Sugar) is a hot other drink with half sugar and low caffeine. Featuring oat milk, ice."
1598,Iced Java Chip (Without Whipped Cream),other,iced,regular,medium,"[10,36]",['dessert']; augmented; temp_iced,0.752454880756427,"Iced Java Chip (Without Whipped Cream) is a iced other drink with regular sweetness and medium caffeine. Featuring whole milk, ice."
1599,Hot Coffee (Half Sugar),coffee,hot,half,medium,"[10,36]",['coffee']; augmented; sugar_half,0.7470333104042657,"Hot Coffee (Half Sugar) is a hot coffee drink with half sugar and medium caffeine. Featuring whole milk, ice."
1600,Hot Coffee (Extra Caffeine),coffee,hot,regular,high,"[10,36]",['coffee']; augmented; caffeine_high,0.777572294489633,"Hot Coffee (Extra Caffeine) is a hot coffee drink with regular sweetness and high caffeine. Featuring whole milk, ice."
1601,Hot Coffee,coffee,hot,regular,medium,"[14,36]",['coffee']; augmented; ingredient_swap,0.7412917636743405,"Hot Coffee is a hot coffee drink with regular sweetness and medium caffeine. Featuring soy milk, ice."
1602,Hot Coffee,coffee,hot,regular,low,"[10,36]",['coffee']; augmented; caffeine_low,0.758021769422157,"Hot Coffee is a hot coffee drink with regular sweetness and low caffeine. Featuring whole milk, ice."
1603,Hot Coffee,coffee,hot,regular,low,"[10,36]",['coffee']; augmented; caffeine_low,0.7596509341858804,"Hot Coffee is a hot coffee drink with regular sweetness and low caffeine. Featuring whole milk, ice."
1604,Hot Coffee,coffee,hot,regular,medium,"[36,38]",['coffee']; augmented; ingredient_swap,0.7299572863907086,"Hot Coffee is a hot coffee drink with regular sweetness and medium caffeine. Featuring ice, coconut milk."
1605,Hot Coffee (Half Sugar),coffee,hot,half,low,"[6,14,36]",['coffee']; augmented; combo,0.7797612704860957,"Hot Coffee (Half Sugar) is a hot coffee drink with half sugar and low caffeine. Featuring black tea, soy milk, ice."
1606,Iced Coffee,coffee,iced,regular,medium,"[10,36]",['coffee']; augmented; temp_iced,0.7447512072991378,"Iced Coffee is a iced coffee drink with regular sweetness and medium caffeine. Featuring whole milk, ice."
1607,Hot Coffee,coffee,hot,regular,medium,"[13,36]",['coffee']; augmented; swap_add,0.7273276452152146,"Hot Coffee is a hot coffee drink with regular sweetness and medium caffeine. Featuring almond milk, ice."
1608,Hot Coffee,coffee,hot,regular,medium,"[11,36]",['coffee']; augmented; swap_add,0.7660952953071121,"Hot Coffee is a hot coffee drink with regular sweetness and medium caffeine. Featuring skim milk, ice."
1609,Hot Coffee,coffee,hot,regular,medium,"[11,36,44]",['coffee']; augmented; swap_add,0.7230459605462689,"Hot Coffee is a hot coffee drink with regular sweetness and medium caffeine. Featuring skim milk, ice, strawberry puree."
1610,Hot Coffee,coffee,hot,regular,medium,"[11,26,36]",['coffee']; augmented; swap_add,0.7508454347210739,"Hot Coffee is a hot coffee drink with regular sweetness and medium caffeine. Featuring skim milk, matcha powder, ice."
1611,Hot Coffee (Half Sugar),coffee,hot,half,medium,"[10,36]",['coffee']; augmented; sugar_half,0.7497264301006739,"Hot Coffee (Half Sugar) is a hot coffee drink with half sugar and medium caffeine. Featuring whole milk, ice."
1612,Hot Coffee,coffee,hot,regular,medium,"[13,36]",['coffee']; augmented; ingredient_swap,0.7825768669749473,"Hot Coffee is a hot coffee drink with regular sweetness and medium caffeine. Featuring almond milk, ice."
1613,Hot Coffee,coffee,hot,regular,medium,"[11,36]",['coffee']; augmented; ingredient_swap,0.7642409469863986,"Hot Coffee is a hot coffee drink with regular sweetness and medium caffeine. Featuring skim milk, ice."
1614,Hot Mocha,coffee,hot,regular,medium,"[10,17,18,36]","['coffee', 'dessert']; augmented; swap_add",0.7492491912376457,"Hot Mocha is a hot coffee drink with regular sweetness and medium caffeine. Featuring whole milk, hazelnut syrup, classic simple syrup, ice."
1615,Iced Mocha,coffee,iced,regular,medium,"[10,19,36]","['coffee', 'dessert']; augmented; temp_iced",0.7745329889760086,"Iced Mocha is a iced coffee drink with regular sweetness and medium caffeine. Featuring whole milk, chocolate syrup, ice."
1616,Hot Mocha,coffee,hot,regular,medium,"[10,15,36]","['coffee', 'dessert']; augmented; ingredient_swap",0.7917062264705194,"Hot Mocha is a hot coffee drink with regular sweetness and medium caffeine. Featuring whole milk, vanilla syrup, ice."
1617,Hot Mocha,coffee,hot,regular,medium,"[19,25,36,38]","['coffee', 'dessert']; augmented; swap_add",0.7667343091905559,"Hot Mocha is a hot coffee drink with regular sweetness and medium caffeine. Featuring chocolate syrup, chai spice mix, ice, coconut milk."
1618,Iced Mocha,coffee,iced,regular,medium,"[10,19,36]","['coffee', 'dessert']; augmented; temp_iced",0.7503105785953014,"Iced Mocha is a iced coffee drink with regular sweetness and medium caffeine. Featuring whole milk, chocolate syrup, ice."
1619,Hot Mocha,coffee,hot,regular,low,"[10,19,36]","['coffee', 'dessert']; augmented; caffeine_low",0.7106449130294952,"Hot Mocha is a hot coffee drink with regular sweetness and low caffeine. Featuring whole milk, chocolate syrup, ice."
1620,Hot Mocha,coffee,hot,regular,medium,"[6,10,18,36]","['coffee', 'dessert']; augmented; swap_add",0.7180465901077389,"Hot Mocha is a hot coffee drink with regular sweetness and medium caffeine. Featuring black tea, whole milk, classic simple syrup, ice."
1621,Hot Mocha,coffee,hot,regular,medium,"[10,36,40]","['coffee', 'dessert']; augmented; ingredient_swap",0.74084325886936,"Hot Mocha is a hot coffee drink with regular sweetness and medium caffeine. Featuring whole milk, ice, peppermint syrup."
1622,"Hot Mocha (Half Sugar, Extra Caffeine)",coffee,hot,half,high,"[10,19,36,40]","['coffee', 'dessert']; augmented; combo",0.7317146339352215,"Hot Mocha (Half Sugar, Extra Caffeine) is a hot coffee drink with half sugar and high caffeine. Featuring whole milk, chocolate syrup, ice, peppermint syrup."
1623,Iced Mocha,coffee,iced,regular,medium,"[10,19,36]","['coffee', 'dessert']; augmented; temp_iced",0.7443908609104366,"Iced Mocha is a iced coffee drink with regular sweetness and medium caffeine. Featuring whole milk, chocolate syrup, ice."
1624,Hot Mocha (Zero Sugar),coffee,hot,zero,medium,"[10,19,36]","['coffee', 'dessert']; augmented; sugar_zero",0.7516994977469132,"Hot Mocha (Zero Sugar) is a hot coffee drink with zero sugar and medium caffeine. Featuring whole milk, chocolate syrup, ice."
1625,Iced Mocha,coffee,iced,regular,medium,"[10,19,36]","['coffee', 'dessert']; augmented; temp_iced",0.7658907826307019,"Iced Mocha is a iced coffee drink with regular sweetness and medium caffeine. Featuring whole milk, chocolate syrup, ice."
1626,"Hot Mocha (Half Sugar, Extra Caffeine)",coffee,hot,half,high,"[10,36,40]","['coffee', 'dessert']; augmented; combo",0.7478850366582273,"Hot Mocha (Half Sugar, Extra Caffeine) is a hot coffee drink with half sugar and high caffeine. Featuring whole milk, ice, peppermint syrup."
1627,Hot Mocha,coffee,hot,regular,medium,"[10,35,36,43]","['coffee', 'dessert']; augmented; swap_add",0.7645950493147861,"Hot Mocha is a hot coffee drink with regular sweetness and medium caffeine. Featuring whole milk, java chips, ice, sugar cookie syrup."
1628,Hot Mocha (Extra Caffeine),coffee,hot,regular,high,"[10,19,36]","['coffee', 'dessert']; augmented; caffeine_high",0.7519342324443036,"Hot Mocha (Extra Caffeine) is a hot coffee drink with regular sweetness and high caffeine. Featuring whole milk, chocolate syrup, ice."
1629,Hot Caramel (Half Sugar),other,hot,half,low,"[10,32,36,40]",['menu_item']; augmented; combo,0.6907360030093839,"Hot Caramel (Half Sugar) is a hot other drink with half sugar and low caffeine. Featuring whole milk, peach puree, ice, peppermint syrup."
1630,Hot Caramel (Half Sugar),other,hot,half,medium,"[10,16,36]",['menu_item']; augmented; sugar_half,0.7218199381854373,"Hot Caramel (Half Sugar) is a hot other drink with half sugar and medium caffeine. Featuring whole milk, caramel syrup, ice."
1631,Hot Caramel,other,hot,regular,medium,"[13,16,36,44]",['menu_item']; augmented; swap_add,0.7456773733283515,"Hot Caramel is a hot other drink with regular sweetness and medium caffeine. Featuring almond milk, caramel syrup, ice, strawberry puree."
1632,Hot Caramel (Extra Caffeine),other,hot,regular,high,"[10,16,36]",['menu_item']; augmented; caffeine_high,0.7137091577147667,"Hot Caramel (Extra Caffeine) is a hot other drink with regular sweetness and high caffeine. Featuring whole milk, caramel syrup, ice."
1633,"Hot Caramel (Half Sugar, Extra Caffeine)",other,hot,half,high,"[10,22,36]",['menu_item']; augmented; combo,0.7679978618998862,"Hot Caramel (Half Sugar, Extra Caffeine) is a hot other drink with half sugar and high caffeine. Featuring whole milk, brown sugar syrup, ice."
1634,"Hot Caramel (Half Sugar, Extra Caffeine)",other,hot,half,high,"[11,16,36]",['menu_item']; augmented; combo,0.7959225249703109,"Hot Caramel (Half Sugar, Extra Caffeine) is a hot other drink with half sugar and high caffeine. Featuring skim milk, caramel syrup, ice."
1635,Hot Caramel,other,hot,regular,low,"[10,16,36]",['menu_item']; augmented; caffeine_low,0.7865628555509195,"Hot Caramel is a hot other drink with regular sweetness and low caffeine. Featuring whole milk, caramel syrup, ice."
1636,Hot Caramel,other,hot,regular,medium,"[4,10,15,36]",['menu_item']; augmented; swap_add,0.7435967138720938,"Hot Caramel is a hot other drink with regular sweetness and medium caffeine. Featuring creme base, whole milk, vanilla syrup, ice."
1637,Hot Caramel,other,hot,regular,low,"[10,16,36]",['menu_item']; augmented; caffeine_low,0.7947217841054985,"Hot Caramel is a hot other drink with regular sweetness and low caffeine. Featuring whole milk, caramel syrup, ice."
1638,Hot Caramel,other,hot,regular,low,"[5,10,36,39]",['menu_item']; augmented; combo,0.7544600237160634,"Hot Caramel is a hot other drink with regular sweetness and low caffeine. Featuring green tea, whole milk, ice, pecan syrup."
1639,Hot Caramel,other,hot,regular,low,"[10,16,36]",['menu_item']; augmented; caffeine_low,0.7398874208664589,"Hot Caramel is a hot other drink with regular sweetness and low caffeine. Featuring whole milk, caramel syrup, ice."
1640,Hot Caramel (Half Sugar),other,hot,half,medium,"[10,16,36]",['menu_item']; augmented; sugar_half,0.7315979200937718,"Hot Caramel (Half Sugar) is a hot other drink with half sugar and medium caffeine. Featuring whole milk, caramel syrup, ice."
1641,Hot Caramel,other,hot,regular,low,"[10,16,36]",['menu_item']; augmented; caffeine_low,0.7409259094053562,"Hot Caramel is a hot other drink with regular sweetness and low caffeine. Featuring whole milk, caramel syrup, ice."
1642,Hot Caramel,other,hot,regular,medium,"[11,16,36]",['menu_item']; augmented; swap_add,0.7383546954437631,"Hot Caramel is a hot other drink with regular sweetness and medium caffeine. Featuring skim milk, caramel syrup, ice."
1643,Hot Caramel,other,hot,regular,medium,"[10,36,43]",['menu_item']; augmented; ingredient_swap,0.7551124866712646,"Hot Caramel is a hot other drink with regular sweetness and medium caffeine. Featuring whole milk, ice, sugar cookie syrup."
1644,Hot Java Chip (Half Sugar),other,hot,half,low,"[6,36,38]",['menu_item']; augmented; combo,0.7548172194314959,"Hot Java Chip (Half Sugar) is a hot other drink with half sugar and low caffeine. Featuring black tea, ice, coconut milk."
1645,Hot Java Chip (Extra Caffeine),other,hot,regular,high,"[10,36]",['menu_item']; augmented; caffeine_high,0.7500913806046025,"Hot Java Chip (Extra Caffeine) is a hot other drink with regular sweetness and high caffeine. Featuring whole milk, ice."
1646,Hot Java Chip,other,hot,regular,medium,"[12,36]",['menu_item']; augmented; ingredient_swap,0.7631081450923904,"Hot Java Chip is a hot other drink with regular sweetness and medium caffeine. Featuring oat milk, ice."
1647,Hot Java Chip (Half Sugar),other,hot,half,low,"[13,36]",['menu_item']; augmented; combo,0.7857193882435902,"Hot Java Chip (Half Sugar) is a hot other drink with half sugar and low caffeine. Featuring almond milk, ice."
1648,Hot Java Chip,other,hot,regular,low,"[10,36]",['menu_item']; augmented; caffeine_low,0.7784866240632398,"Hot Java Chip is a hot other drink with regular sweetness and low caffeine. Featuring whole milk, ice."
1649,Hot Java Chip,other,hot,regular,low,"[10,36]",['menu_item']; augmented; caffeine_low,0.7054530609465028,"Hot Java Chip is a hot other drink with regular sweetness and low caffeine. Featuring whole milk, ice."
1650,Hot Java Chip (Half Sugar),other,hot,half,medium,"[10,36]",['menu_item']; augmented; sugar_half,0.6733823659529413,"Hot Java Chip (Half Sugar) is a hot other drink with half sugar and medium caffeine. Featuring whole milk, ice."
1651,Hot Java Chip (Half Sugar),other,hot,half,low,"[13,36]",['menu_item']; augmented; combo,0.7780295973371782,"Hot Java Chip (Half Sugar) is a hot other drink with half sugar and low caffeine. Featuring almond milk, ice."
1652,Hot Java Chip (Half Sugar),other,hot,half,medium,"[10,36]",['menu_item']; augmented; sugar_half,0.7089936390475373,"Hot Java Chip (Half Sugar) is a hot other drink with half sugar and medium caffeine. Featuring whole milk, ice."
1653,Iced Java Chip,other,iced,regular,medium,"[10,36]",['menu_item']; augmented; temp_iced,0.7432570379432195,"Iced Java Chip is a iced other drink with regular sweetness and medium caffeine. Featuring whole milk, ice."
1654,Hot Java Chip (Extra Caffeine),other,hot,regular,high,"[13,36]",['menu_item']; augmented; ingredient_swap,0.7148966092182192,"Hot Java Chip (Extra Caffeine) is a hot other drink with regular sweetness and high caffeine. Featuring almond milk, ice."
1655,Iced Java Chip (Extra Caffeine),other,iced,regular,high,"[10,36]",['menu_item']; augmented; temp_iced,0.6959405868725994,"Iced Java Chip (Extra Caffeine) is a iced other drink with regular sweetness and high caffeine. Featuring whole milk, ice."
1656,Hot Java Chip (Extra Caffeine),other,hot,regular,high,"[12,36]",['menu_item']; augmented; ingredient_swap,0.7662438818461437,"Hot Java Chip (Extra Caffeine) is a hot other drink with regular sweetness and high caffeine. Featuring oat milk, ice."
1657,Hot Java Chip (Extra Caffeine),other,hot,regular,high,"[14,36]",['menu_item']; augmented; ingredient_swap,0.7727746548090794,"Hot Java Chip (Extra Caffeine) is a hot other drink with regular sweetness and high caffeine. Featuring soy milk, ice."
1658,Hot Java Chip (Half Sugar),other,hot,half,medium,"[13,36]",['menu_item']; augmented; combo,0.7327046879781984,"Hot Java Chip (Half Sugar) is a hot other drink with half sugar and medium caffeine. Featuring almond milk, ice."
1659,Hot Strawberries & Crème (Without Whipped Cream) (Decaf),other,hot,regular,none,"[10,36]",['dessert']; augmented; caffeine_none,0.6722687312356527,"Hot Strawberries & Crème (Without Whipped Cream) (Decaf) is a hot other drink with regular sweetness and decaf. Featuring whole milk, ice."
1660,Iced Strawberries & Crème (Without Whipped Cream) (Decaf),other,iced,regular,none,"[10,36]",['dessert']; augmented; temp_iced,0.7336126665524255,"Iced Strawberries & Crème (Without Whipped Cream) (Decaf) is a iced other drink with regular sweetness and decaf. Featuring whole milk, ice."
1661,Hot Strawberries & Crème (Without Whipped Cream) (Half Sugar),other,hot,half,low,"[13,33,36]",['dessert']; augmented; combo,0.7617541201620764,"Hot Strawberries & Crème (Without Whipped Cream) (Half Sugar) is a hot other drink with half sugar and low caffeine. Featuring almond milk, whipped cream, ice."
1662,Hot Strawberries & Crème (Without Whipped Cream) (Decaf),other,hot,regular,none,"[10,36]",['dessert']; augmented; caffeine_none,0.7056326529367761,"Hot Strawberries & Crème (Without Whipped Cream) (Decaf) is a hot other drink with regular sweetness and decaf. Featuring whole milk, ice."
1663,Hot Strawberries & Crème (Without Whipped Cream),other,hot,regular,low,"[10,36]",['dessert']; augmented; caffeine_low,0.7555007975933746,"Hot Strawberries & Crème (Without Whipped Cream) is a hot other drink with regular sweetness and low caffeine. Featuring whole milk, ice."
1664,Hot Strawberries & Crème (Without Whipped Cream) (Decaf),other,hot,regular,none,"[11,36]",['dessert']; augmented; swap_add,0.7495407045248101,"Hot Strawberries & Crème (Without Whipped Cream) (Decaf) is a hot other drink with regular sweetness and decaf. Featuring skim milk, ice."
1665,"Hot Strawberries & Crème (Without Whipped Cream) (Half Sugar, Decaf)",other,hot,half,none,"[10,36]",['dessert']; augmented; sugar_half,0.7673787449880326,"Hot Strawberries & Crème (Without Whipped Cream) (Half Sugar, Decaf) is a hot other drink with half sugar and decaf. Featuring whole milk, ice."
1666,Hot Strawberries & Crème (Without Whipped Cream) (Decaf),other,hot,regular,none,"[10,36]",['dessert']; augmented; caffeine_none,0.7535874110524245,"Hot Strawberries & Crème (Without Whipped Cream) (Decaf) is a hot other drink with regular sweetness and decaf. Featuring whole milk, ice."
1667,"Hot Strawberries & Crème (Without Whipped Cream) (Zero Sugar, Decaf)",other,hot,zero,none,"[13,33,36]",['dessert']; augmented; combo,0.7208079317735533,"Hot Strawberries & Crème (Without Whipped Cream) (Zero Sugar, Decaf) is a hot other drink with zero sugar and decaf. Featuring almond milk, whipped cream, ice."
1668,Hot Strawberries & Crème (Without Whipped Cream),other,hot,regular,low,"[10,36]",['dessert']; augmented; caffeine_low,0.7858971450499347,"Hot Strawberries & Crème (Without Whipped Cream) is a hot other drink with regular sweetness and low caffeine. Featuring whole milk, ice."
1669,Hot Strawberries & Crème (Without Whipped Cream) (Decaf),other,hot,regular,none,"[12,36]",['dessert']; augmented; ingredient_swap,0.7452441128091909,"Hot Strawberries & Crème (Without Whipped Cream) (Decaf) is a hot other drink with regular sweetness and decaf. Featuring oat milk, ice."
1670,"Hot Strawberries & Crème (Without Whipped Cream) (Half Sugar, Decaf)",other,hot,half,none,"[36,38]",['dessert']; augmented; combo,0.7491808638147021,"Hot Strawberries & Crème (Without Whipped Cream) (Half Sugar, Decaf) is a hot other drink with half sugar and decaf. Featuring ice, coconut milk."
1671,"Hot Strawberries & Crème (Without Whipped Cream) (Half Sugar, Decaf)",other,hot,half,none,"[10,36]",['dessert']; augmented; sugar_half,0.7220019612278041,"Hot Strawberries & Crème (Without Whipped Cream) (Half Sugar, Decaf) is a hot other drink with half sugar and decaf. Featuring whole milk, ice."
1672,"Hot Strawberries & Crème (Without Whipped Cream) (Half Sugar, Decaf)",other,hot,half,none,"[5,11,36]",['dessert']; augmented; combo,0.7367015324642547,"Hot Strawberries & Crème (Without Whipped Cream) (Half Sugar, Decaf) is a hot other drink with half sugar and decaf. Featuring green tea, skim milk, ice."
1673,Iced Strawberries & Crème (Without Whipped Cream) (Decaf),other,iced,regular,none,"[10,36]",['dessert']; augmented; temp_iced,0.723455918579193,"Iced Strawberries & Crème (Without Whipped Cream) (Decaf) is a iced other drink with regular sweetness and decaf. Featuring whole milk, ice."
1674,Hot Strawberries & Crème (Without Whipped Cream) (Decaf),other,hot,regular,none,"[14,36]",['dessert']; augmented; ingredient_swap,0.7448116182022974,"Hot Strawberries & Crème (Without Whipped Cream) (Decaf) is a hot other drink with regular sweetness and decaf. Featuring soy milk, ice."
1675,Hot Strawberries & Crème (Without Whipped Cream) (Half Sugar),other,hot,half,low,"[13,36]",['dessert']; augmented; combo,0.8013512544042704,"Hot Strawberries & Crème (Without Whipped Cream) (Half Sugar) is a hot other drink with half sugar and low caffeine. Featuring almond milk, ice."
1676,Hot Strawberries & Crème (Without Whipped Cream) (Half Sugar),other,hot,half,low,"[14,36]",['dessert']; augmented; combo,0.7088429657120593,"Hot Strawberries & Crème (Without Whipped Cream) (Half Sugar) is a hot other drink with half sugar and low caffeine. Featuring soy milk, ice."
1677,Hot Strawberries & Crème (Without Whipped Cream) (Decaf),other,hot,regular,none,"[12,14,36]",['dessert']; augmented; swap_add,0.7015931580636978,"Hot Strawberries & Crème (Without Whipped Cream) (Decaf) is a hot other drink with regular sweetness and decaf. Featuring oat milk, soy milk, ice."
1678,"Hot Strawberries & Crème (Without Whipped Cream) (Half Sugar, Decaf)",other,hot,half,none,"[1,14,36]",['dessert']; augmented; combo,0.7941351098248083,"Hot Strawberries & Crème (Without Whipped Cream) (Half Sugar, Decaf) is a hot other drink with half sugar and decaf. Featuring espresso shot, soy milk, ice."
1679,Hot Strawberries & Crème (Without Whipped Cream),other,hot,regular,low,"[10,36]",['dessert']; augmented; caffeine_low,0.743720289685444,"Hot Strawberries & Crème (Without Whipped Cream) is a hot other drink with regular sweetness and low caffeine. Featuring whole milk, ice."
1680,Hot Strawberries & Crème (Without Whipped Cream),other,hot,regular,low,"[10,36]",['dessert']; augmented; caffeine_low,0.7299278178402026,"Hot Strawberries & Crème (Without Whipped Cream) is a hot other drink with regular sweetness and low caffeine. Featuring whole milk, ice."
1681,Hot Strawberries & Crème (Without Whipped Cream) (Decaf),other,hot,regular,none,"[10,36]",['dessert']; augmented; sugar_regular,0.7811971406218823,"Hot Strawberries & Crème (Without Whipped Cream) (Decaf) is a hot other drink with regular sweetness and decaf. Featuring whole milk, ice."
1682,Hot Strawberries & Crème (Without Whipped Cream) (Decaf),other,hot,regular,none,"[10,36]",['dessert']; augmented; caffeine_none,0.7318315338078941,"Hot Strawberries & Crème (Without Whipped Cream) (Decaf) is a hot other drink with regular sweetness and decaf. Featuring whole milk, ice."
1683,Hot Strawberries & Crème (Without Whipped Cream) (Half Sugar),other,hot,half,low,"[12,36,38]",['dessert']; augmented; combo,0.804780291406408,"Hot Strawberries & Crème (Without Whipped Cream) (Half Sugar) is a hot other drink with half sugar and low caffeine. Featuring oat milk, ice, coconut milk."
1684,"Hot Strawberries & Crème (Without Whipped Cream) (Half Sugar, Decaf)",other,hot,half,none,"[10,36]",['dessert']; augmented; sugar_half,0.7703377761401781,"Hot Strawberries & Crème (Without Whipped Cream) (Half Sugar, Decaf) is a hot other drink with half sugar and decaf. Featuring whole milk, ice."
1685,Hot Strawberries & Crème (Without Whipped Cream) (Decaf),other,hot,regular,none,"[12,36]",['dessert']; augmented; ingredient_swap,0.7353626577556289,"Hot Strawberries & Crème (Without Whipped Cream) (Decaf) is a hot other drink with regular sweetness and decaf. Featuring oat milk, ice."
1686,Hot Strawberries & Crème (Without Whipped Cream) (Decaf),other,hot,regular,none,"[13,36]",['dessert']; augmented; swap_add,0.8147192463979651,"Hot Strawberries & Crème (Without Whipped Cream) (Decaf) is a hot other drink with regular sweetness and decaf. Featuring almond milk, ice."
1687,Hot Strawberries & Crème (Without Whipped Cream),other,hot,regular,low,"[10,36]",['dessert']; augmented; caffeine_low,0.7318285523098998,"Hot Strawberries & Crème (Without Whipped Cream) is a hot other drink with regular sweetness and low caffeine. Featuring whole milk, ice."
1688,Hot Strawberries & Crème (Without Whipped Cream) (Decaf),other,hot,regular,none,"[12,33,36]",['dessert']; augmented; swap_add,0.7722628611602792,"Hot Strawberries & Crème (Without Whipped Cream) (Decaf) is a hot other drink with regular sweetness and decaf. Featuring oat milk, whipped cream, ice."
1689,"Hot Strawberries & Crème (Without Whipped Cream) (Half Sugar, Decaf)",other,hot,half,none,"[10,36]",['dessert']; augmented; sugar_half,0.7589787774121948,"Hot Strawberries & Crème (Without Whipped Cream) (Half Sugar, Decaf) is a hot other drink with half sugar and decaf. Featuring whole milk, ice."
1690,Hot Strawberries & Crème (Without Whipped Cream) (Zero Sugar),other,hot,zero,low,"[13,23,36]",['dessert']; augmented; combo,0.789052238681964,"Hot Strawberries & Crème (Without Whipped Cream) (Zero Sugar) is a hot other drink with zero sugar and low caffeine. Featuring almond milk, nutmeg powder, ice."
1691,"Hot Strawberries & Crème (Without Whipped Cream) (Half Sugar, Decaf)",other,hot,half,none,"[10,36]",['dessert']; augmented; sugar_half,0.7968453359018056,"Hot Strawberries & Crème (Without Whipped Cream) (Half Sugar, Decaf) is a hot other drink with half sugar and decaf. Featuring whole milk, ice."
1692,"Hot Strawberries & Crème (Without Whipped Cream) (Half Sugar, Decaf)",other,hot,half,none,"[10,36]",['dessert']; augmented; sugar_half,0.750960124471973,"Hot Strawberries & Crème (Without Whipped Cream) (Half Sugar, Decaf) is a hot other drink with half sugar and decaf. Featuring whole milk, ice."
1693,Hot Strawberries & Crème (Without Whipped Cream) (Decaf),other,hot,regular,none,"[14,36]",['dessert']; augmented; ingredient_swap,0.7273974638896145,"Hot Strawberries & Crème (Without Whipped Cream) (Decaf) is a hot other drink with regular sweetness and decaf. Featuring soy milk, ice."
1694,Hot Strawberries & Crème (Without Whipped Cream),other,hot,regular,low,"[11,36,43]",['dessert']; augmented; combo,0.7637991642881735,"Hot Strawberries & Crème (Without Whipped Cream) is a hot other drink with regular sweetness and low caffeine. Featuring skim milk, ice, sugar cookie syrup."
1695,Hot Strawberries & Crème (Without Whipped Cream) (Decaf),other,hot,regular,none,"[33,36,38]",['dessert']; augmented; swap_add,0.7296685389074368,"Hot Strawberries & Crème (Without Whipped Cream) (Decaf) is a hot other drink with regular sweetness and decaf. Featuring whipped cream, ice, coconut milk."
1696,Hot Strawberries & Crème (Without Whipped Cream) (Decaf),other,hot,regular,none,"[10,36]",['dessert']; augmented; caffeine_none,0.8104016174257986,"Hot Strawberries & Crème (Without Whipped Cream) (Decaf) is a hot other drink with regular sweetness and decaf. Featuring whole milk, ice."
1697,Hot Strawberries & Crème (Without Whipped Cream) (Zero Sugar),other,hot,zero,low,"[3,14,36]",['dessert']; augmented; combo,0.7540960599324821,"Hot Strawberries & Crème (Without Whipped Cream) (Zero Sugar) is a hot other drink with zero sugar and low caffeine. Featuring brewed coffee, soy milk, ice."
1698,"Hot Strawberries & Crème (Without Whipped Cream) (Half Sugar, Decaf)",other,hot,half,none,"[10,36]",['dessert']; augmented; sugar_half,0.7390403534606368,"Hot Strawberries & Crème (Without Whipped Cream) (Half Sugar, Decaf) is a hot other drink with half sugar and decaf. Featuring whole milk, ice."
1699,Hot Strawberries & Crème (Without Whipped Cream) (Decaf),other,hot,regular,none,"[14,36]",['dessert']; augmented; ingredient_swap,0.7555404091759472,"Hot Strawberries & Crème (Without Whipped Cream) (Decaf) is a hot other drink with regular sweetness and decaf. Featuring soy milk, ice."
1700,"Hot Strawberries & Crème (Without Whipped Cream) (Zero Sugar, Decaf)",other,hot,zero,none,"[10,36]",['dessert']; augmented; sugar_zero,0.7095862113141091,"Hot Strawberries & Crème (Without Whipped Cream) (Zero Sugar, Decaf) is a hot other drink with zero sugar and decaf. Featuring whole milk, ice."
1701,"Hot Strawberries & Crème (Without Whipped Cream) (Half Sugar, Decaf)",other,hot,half,none,"[10,36]",['dessert']; augmented; sugar_half,0.7208515788446804,"Hot Strawberries & Crème (Without Whipped Cream) (Half Sugar, Decaf) is a hot other drink with half sugar and decaf. Featuring whole milk, ice."
1702,Hot Strawberries & Crème (Without Whipped Cream) (Decaf),other,hot,regular,none,"[14,36]",['dessert']; augmented; ingredient_swap,0.7860124172383327,"Hot Strawberries & Crème (Without Whipped Cream) (Decaf) is a hot other drink with regular sweetness and decaf. Featuring soy milk, ice."
1703,"Hot Strawberries & Crème (Without Whipped Cream) (Half Sugar, Decaf)",other,hot,half,none,"[10,36]",['dessert']; augmented; sugar_half,0.7302931716308582,"Hot Strawberries & Crème (Without Whipped Cream) (Half Sugar, Decaf) is a hot other drink with half sugar and decaf. Featuring whole milk, ice."
1704,Iced Vanilla Bean (Without Whipped Cream) (Decaf),other,iced,regular,none,"[10,15,36]",['dessert']; augmented; temp_iced,0.7185926705195418,"Iced Vanilla Bean (Without Whipped Cream) (Decaf) is a iced other drink with regular sweetness and decaf. Featuring whole milk, vanilla syrup, ice."
1705,Hot Vanilla Bean (Without Whipped Cream) (Decaf),other,hot,regular,none,"[14,15,35,36]",['dessert']; augmented; swap_add,0.7660995825758186,"Hot Vanilla Bean (Without Whipped Cream) (Decaf) is a hot other drink with regular sweetness and decaf. Featuring soy milk, vanilla syrup, java chips, ice."
1706,Hot Vanilla Bean (Without Whipped Cream) (Decaf),other,hot,regular,none,"[10,18,36,39]",['dessert']; augmented; swap_add,0.7855711246398899,"Hot Vanilla Bean (Without Whipped Cream) (Decaf) is a hot other drink with regular sweetness and decaf. Featuring whole milk, classic simple syrup, ice, pecan syrup."
1707,Hot Vanilla Bean (Without Whipped Cream) (Decaf),other,hot,regular,none,"[6,15,36,38]",['dessert']; augmented; swap_add,0.771568599319952,"Hot Vanilla Bean (Without Whipped Cream) (Decaf) is a hot other drink with regular sweetness and decaf. Featuring black tea, vanilla syrup, ice, coconut milk."
1708,"Hot Vanilla Bean (Without Whipped Cream) (Half Sugar, Decaf)",other,hot,half,none,"[10,15,36]",['dessert']; augmented; sugar_half,0.7798814305741745,"Hot Vanilla Bean (Without Whipped Cream) (Half Sugar, Decaf) is a hot other drink with half sugar and decaf. Featuring whole milk, vanilla syrup, ice."
1709,Hot Vanilla Bean (Without Whipped Cream) (Decaf),other,hot,regular,none,"[14,15,36]",['dessert']; augmented; ingredient_swap,0.7272961473429161,"Hot Vanilla Bean (Without Whipped Cream) (Decaf) is a hot other drink with regular sweetness and decaf. Featuring soy milk, vanilla syrup, ice."
1710,"Hot Vanilla Bean (Without Whipped Cream) (Half Sugar, Decaf)",other,hot,half,none,"[10,15,36]",['dessert']; augmented; sugar_half,0.7073456799977447,"Hot Vanilla Bean (Without Whipped Cream) (Half Sugar, Decaf) is a hot other drink with half sugar and decaf. Featuring whole milk, vanilla syrup, ice."
1711,Hot Vanilla Bean (Without Whipped Cream) (Decaf),other,hot,regular,none,"[10,36,39]",['dessert']; augmented; swap_add,0.7950400095586646,"Hot Vanilla Bean (Without Whipped Cream) (Decaf) is a hot other drink with regular sweetness and decaf. Featuring whole milk, ice, pecan syrup."
1712,Hot Vanilla Bean (Without Whipped Cream) (Decaf),other,hot,regular,none,"[10,18,36]",['dessert']; augmented; ingredient_swap,0.7403196048347359,"Hot Vanilla Bean (Without Whipped Cream) (Decaf) is a hot other drink with regular sweetness and decaf. Featuring whole milk, classic simple syrup, ice."
1713,Hot Vanilla Bean (Without Whipped Cream) (Decaf),other,hot,regular,none,"[10,17,22,36]",['dessert']; augmented; swap_add,0.7424750095063486,"Hot Vanilla Bean (Without Whipped Cream) (Decaf) is a hot other drink with regular sweetness and decaf. Featuring whole milk, hazelnut syrup, brown sugar syrup, ice."
1714,Hot Vanilla Bean (Without Whipped Cream) (Decaf),other,hot,regular,none,"[10,17,36]",['dessert']; augmented; ingredient_swap,0.7898458242554718,"Hot Vanilla Bean (Without Whipped Cream) (Decaf) is a hot other drink with regular sweetness and decaf. Featuring whole milk, hazelnut syrup, ice."
1715,Hot Vanilla Bean (Without Whipped Cream),other,hot,regular,low,"[10,15,36]",['dessert']; augmented; caffeine_low,0.7666869002820198,"Hot Vanilla Bean (Without Whipped Cream) is a hot other drink with regular sweetness and low caffeine. Featuring whole milk, vanilla syrup, ice."
1716,"Hot Vanilla Bean (Without Whipped Cream) (Half Sugar, Decaf)",other,hot,half,none,"[10,17,36]",['dessert']; augmented; combo,0.7636766331624483,"Hot Vanilla Bean (Without Whipped Cream) (Half Sugar, Decaf) is a hot other drink with half sugar and decaf. Featuring whole milk, hazelnut syrup, ice."
1717,Hot Vanilla Bean (Without Whipped Cream) (Half Sugar),other,hot,half,low,"[6,10,36,40]",['dessert']; augmented; combo,0.8149500703470325,"Hot Vanilla Bean (Without Whipped Cream) (Half Sugar) is a hot other drink with half sugar and low caffeine. Featuring black tea, whole milk, ice, peppermint syrup."
1718,Hot Vanilla Bean (Without Whipped Cream) (Decaf),other,hot,regular,none,"[10,15,36]",['dessert']; augmented; caffeine_none,0.7306944530885957,"Hot Vanilla Bean (Without Whipped Cream) (Decaf) is a hot other drink with regular sweetness and decaf. Featuring whole milk, vanilla syrup, ice."
1719,"Hot Vanilla Bean (Without Whipped Cream) (Zero Sugar, Decaf)",other,hot,zero,none,"[10,15,36]",['dessert']; augmented; sugar_zero,0.7778352038424371,"Hot Vanilla Bean (Without Whipped Cream) (Zero Sugar, Decaf) is a hot other drink with zero sugar and decaf. Featuring whole milk, vanilla syrup, ice."
1720,Hot Vanilla Bean (Without Whipped Cream) (Half Sugar),other,hot,half,low,"[13,15,36]",['dessert']; augmented; combo,0.7517103937469125,"Hot Vanilla Bean (Without Whipped Cream) (Half Sugar) is a hot other drink with half sugar and low caffeine. Featuring almond milk, vanilla syrup, ice."
1721,Iced Vanilla Bean (Without Whipped Cream) (Decaf),other,iced,regular,none,"[10,15,36]",['dessert']; augmented; temp_iced,0.7580577683658977,"Iced Vanilla Bean (Without Whipped Cream) (Decaf) is a iced other drink with regular sweetness and decaf. Featuring whole milk, vanilla syrup, ice."
1722,"Hot Vanilla Bean (Without Whipped Cream) (Zero Sugar, Decaf)",other,hot,zero,none,"[10,15,36]",['dessert']; augmented; sugar_zero,0.795854052792376,"Hot Vanilla Bean (Without Whipped Cream) (Zero Sugar, Decaf) is a hot other drink with zero sugar and decaf. Featuring whole milk, vanilla syrup, ice."
1723,Hot Vanilla Bean (Without Whipped Cream) (Decaf),other,hot,regular,none,"[14,15,36]",['dessert']; augmented; swap_add,0.7652350726886887,"Hot Vanilla Bean (Without Whipped Cream) (Decaf) is a hot other drink with regular sweetness and decaf. Featuring soy milk, vanilla syrup, ice."
1724,Iced Hot White Chocolate Mocha,coffee,iced,regular,medium,"[3,4,18,33]","['comfort','dessert']; augmented; temp_iced",0.896148882371489,"Iced Hot White Chocolate Mocha is a iced coffee drink with regular sweetness and medium caffeine. Featuring brewed coffee, creme base, classic simple syrup, whipped cream."
1725,Hot Hot White Chocolate Mocha,coffee,hot,regular,medium,"[4,5,13,18,33]","['comfort','dessert']; augmented; swap_add",0.9121752201192941,"Hot Hot White Chocolate Mocha is a hot coffee drink with regular sweetness and medium caffeine. Featuring creme base, green tea, almond milk, classic simple syrup."
1726,Hot Hot White Chocolate Mocha,coffee,hot,regular,medium,"[4,18,33,46]","['comfort','dessert']; augmented; ingredient_swap",0.8690514181137134,"Hot Hot White Chocolate Mocha is a hot coffee drink with regular sweetness and medium caffeine. Featuring creme base, classic simple syrup, whipped cream, strawberry base."
1727,Hot Hot White Chocolate Mocha,coffee,hot,regular,medium,"[3,4,33,35,40]","['comfort','dessert']; augmented; swap_add",0.8548237099798298,"Hot Hot White Chocolate Mocha is a hot coffee drink with regular sweetness and medium caffeine. Featuring brewed coffee, creme base, whipped cream, java chips."
1728,Hot Hot White Chocolate Mocha (Half Sugar),coffee,hot,half,medium,"[3,4,18,33]","['comfort','dessert']; augmented; sugar_half",0.848655724179369,"Hot Hot White Chocolate Mocha (Half Sugar) is a hot coffee drink with half sugar and medium caffeine. Featuring brewed coffee, creme base, classic simple syrup, whipped cream."
1729,Iced Iced White Chocolate Mocha (Half Sugar),coffee,iced,half,medium,"[1,4,18,36]","['dessert','house_favorite']; augmented; sugar_half",0.8010093023187199,"Iced Iced White Chocolate Mocha (Half Sugar) is a iced coffee drink with half sugar and medium caffeine. Featuring espresso shot, creme base, classic simple syrup, ice."
1730,Iced Iced White Chocolate Mocha,coffee,iced,regular,low,"[1,4,18,36]","['dessert','house_favorite']; augmented; caffeine_low",0.9216862138982096,"Iced Iced White Chocolate Mocha is a iced coffee drink with regular sweetness and low caffeine. Featuring espresso shot, creme base, classic simple syrup, ice."
1731,Iced Iced White Chocolate Mocha,coffee,iced,regular,medium,"[1,4,18,36]","['dessert','house_favorite']; augmented; sugar_regular",0.8269037490283495,"Iced Iced White Chocolate Mocha is a iced coffee drink with regular sweetness and medium caffeine. Featuring espresso shot, creme base, classic simple syrup, ice."
1732,Iced Iced White Chocolate Mocha,coffee,iced,regular,medium,"[1,2,11,18,36]","['dessert','house_favorite']; augmented; swap_add",0.8533623912924269,"Iced Iced White Chocolate Mocha is a iced coffee drink with regular sweetness and medium caffeine. Featuring espresso shot, cold brew coffee, skim milk, classic simple syrup."
1733,Iced Iced White Chocolate Mocha (Half Sugar),coffee,iced,half,medium,"[1,4,18,36]","['dessert','house_favorite']; augmented; sugar_half",0.8516956010033324,"Iced Iced White Chocolate Mocha (Half Sugar) is a iced coffee drink with half sugar and medium caffeine. Featuring espresso shot, creme base, classic simple syrup, ice."
1734,Hot Toasted Pistachio Latte (Half Sugar),coffee,hot,half,medium,"[13,16,21,33,46]","['comfort','nutty','seasonal']; augmented; swap_add",0.849222200934273,"Hot Toasted Pistachio Latte (Half Sugar) is a hot coffee drink with half sugar and medium caffeine. Featuring almond milk, caramel syrup, pumpkin spice syrup, whipped cream."
1735,"Hot Toasted Pistachio Latte (Half Sugar, Extra Caffeine)",coffee,hot,half,high,"[3,13,21,33]","['comfort','nutty','seasonal']; augmented; caffeine_high",0.8644721163761788,"Hot Toasted Pistachio Latte (Half Sugar, Extra Caffeine) is a hot coffee drink with half sugar and high caffeine. Featuring brewed coffee, almond milk, pumpkin spice syrup, whipped cream."
1736,"Hot Toasted Pistachio Latte (Half Sugar, Extra Caffeine)",coffee,hot,half,high,"[3,13,21,33]","['comfort','nutty','seasonal']; augmented; caffeine_high",0.8658142046507923,"Hot Toasted Pistachio Latte (Half Sugar, Extra Caffeine) is a hot coffee drink with half sugar and high caffeine. Featuring brewed coffee, almond milk, pumpkin spice syrup, whipped cream."
1737,Iced Toasted Pistachio Latte (Half Sugar),coffee,iced,half,medium,"[3,13,21,33]","['comfort','nutty','seasonal']; augmented; temp_iced",0.8225076768429318,"Iced Toasted Pistachio Latte (Half Sugar) is a iced coffee drink with half sugar and medium caffeine. Featuring brewed coffee, almond milk, pumpkin spice syrup, whipped cream."
1738,Hot Toasted Pistachio Latte (Half Sugar),coffee,hot,half,medium,"[3,13,33,39]","['comfort','nutty','seasonal']; augmented; ingredient_swap",0.8349863485864076,"Hot Toasted Pistachio Latte (Half Sugar) is a hot coffee drink with half sugar and medium caffeine. Featuring brewed coffee, almond milk, whipped cream, pecan syrup."
1739,Hot Caramel Brulee Latte (Half Sugar),coffee,hot,half,medium,"[3,11,21,33,24]","['dessert','seasonal','warm_spice']; augmented; sugar_half",0.858477398514649,"Hot Caramel Brulee Latte (Half Sugar) is a hot coffee drink with half sugar and medium caffeine. Featuring brewed coffee, skim milk, pumpkin spice syrup, whipped cream."
1740,Hot Caramel Brulee Latte (Extra Caffeine),coffee,hot,regular,high,"[3,11,21,33,24]","['dessert','seasonal','warm_spice']; augmented; caffeine_high",0.8425392662144936,"Hot Caramel Brulee Latte (Extra Caffeine) is a hot coffee drink with regular sweetness and high caffeine. Featuring brewed coffee, skim milk, pumpkin spice syrup, whipped cream."
1741,Hot Caramel Brulee Latte,coffee,hot,regular,medium,"[3,11,16,21,26,33]","['dessert','seasonal','warm_spice']; augmented; swap_add",0.8982203672805997,"Hot Caramel Brulee Latte is a hot coffee drink with regular sweetness and medium caffeine. Featuring brewed coffee, skim milk, caramel syrup, pumpkin spice syrup."
1742,Hot Caramel Brulee Latte,coffee,hot,regular,medium,"[3,11,21,24,35]","['dessert','seasonal','warm_spice']; augmented; swap_add",0.8647292485491476,"Hot Caramel Brulee Latte is a hot coffee drink with regular sweetness and medium caffeine. Featuring brewed coffee, skim milk, pumpkin spice syrup, cinnamon powder."
1743,Hot Caramel Brulee Latte,coffee,hot,regular,medium,"[3,21,24,33,38]","['dessert','seasonal','warm_spice']; augmented; swap_add",0.8720463335814945,"Hot Caramel Brulee Latte is a hot coffee drink with regular sweetness and medium caffeine. Featuring brewed coffee, pumpkin spice syrup, cinnamon powder, whipped cream."
1744,Hot Chai Oat Latte (Half Sugar),tea,hot,half,medium,"[25,12,21,33]","['comfort','warm_spice','light_healthy']; augmented; caffeine_medium",0.8398864380600223,"Hot Chai Oat Latte (Half Sugar) is a hot tea drink with half sugar and medium caffeine. Featuring chai spice mix, oat milk, pumpkin spice syrup, whipped cream."
1745,Hot Chai Oat Latte (Zero Sugar),tea,hot,zero,low,"[25,12,21,33]","['comfort','warm_spice','light_healthy']; augmented; sugar_zero",0.8552042157245597,"Hot Chai Oat Latte (Zero Sugar) is a hot tea drink with zero sugar and low caffeine. Featuring chai spice mix, oat milk, pumpkin spice syrup, whipped cream."
1746,Hot Chai Oat Latte (Half Sugar),tea,hot,half,low,"[12,21,25,34]","['comfort','warm_spice','light_healthy']; augmented; ingredient_swap",0.8254306467611111,"Hot Chai Oat Latte (Half Sugar) is a hot tea drink with half sugar and low caffeine. Featuring oat milk, pumpkin spice syrup, chai spice mix, cold foam."
1747,Hot Chai Oat Latte (Half Sugar),tea,hot,half,low,"[11,21,22,25,33]","['comfort','warm_spice','light_healthy']; augmented; swap_add",0.7810950415613246,"Hot Chai Oat Latte (Half Sugar) is a hot tea drink with half sugar and low caffeine. Featuring skim milk, pumpkin spice syrup, brown sugar syrup, chai spice mix."
1748,Hot Chai Oat Latte (Decaf),tea,hot,regular,none,"[12,21,24,25,34]","['comfort','warm_spice','light_healthy']; augmented; combo",0.8319906385525792,"Hot Chai Oat Latte (Decaf) is a hot tea drink with regular sweetness and decaf. Featuring oat milk, pumpkin spice syrup, cinnamon powder, chai spice mix."
1749,"Hot Iced Brown Sugar Oat Shaken Espresso (Half Sugar, Extra Caffeine)",coffee,hot,half,high,"[1,12,22,36]","['energy_boost','house_favorite']; augmented; temp_hot",0.8704592931862452,"Hot Iced Brown Sugar Oat Shaken Espresso (Half Sugar, Extra Caffeine) is a hot coffee drink with half sugar and high caffeine. Featuring espresso shot, oat milk, brown sugar syrup, ice."
1750,"Iced Iced Brown Sugar Oat Shaken Espresso (Zero Sugar, Extra Caffeine)",coffee,iced,zero,high,"[6,12,22,25,36]","['energy_boost','house_favorite']; augmented; combo",0.8741414995475073,"Iced Iced Brown Sugar Oat Shaken Espresso (Zero Sugar, Extra Caffeine) is a iced coffee drink with zero sugar and high caffeine. Featuring black tea, oat milk, brown sugar syrup, chai spice mix."
1751,"Hot Iced Brown Sugar Oat Shaken Espresso (Half Sugar, Extra Caffeine)",coffee,hot,half,high,"[1,12,22,36]","['energy_boost','house_favorite']; augmented; temp_hot",0.9075909205626528,"Hot Iced Brown Sugar Oat Shaken Espresso (Half Sugar, Extra Caffeine) is a hot coffee drink with half sugar and high caffeine. Featuring espresso shot, oat milk, brown sugar syrup, ice."
1752,"Hot Iced Brown Sugar Oat Shaken Espresso (Half Sugar, Extra Caffeine)",coffee,hot,half,high,"[1,12,22,36]","['energy_boost','house_favorite']; augmented; temp_hot",0.9271484921430091,"Hot Iced Brown Sugar Oat Shaken Espresso (Half Sugar, Extra Caffeine) is a hot coffee drink with half sugar and high caffeine. Featuring espresso shot, oat milk, brown sugar syrup, ice."
1753,"Iced Iced Brown Sugar Oat Shaken Espresso (Zero Sugar, Extra Caffeine)",coffee,iced,zero,high,"[1,5,11,22,36]","['energy_boost','house_favorite']; augmented; combo",0.8906381473020819,"Iced Iced Brown Sugar Oat Shaken Espresso (Zero Sugar, Extra Caffeine) is a iced coffee drink with zero sugar and high caffeine. Featuring espresso shot, green tea, skim milk, brown sugar syrup."
1754,Iced Strawberry Matcha Latte (Half Sugar),tea,iced,half,medium,"[10,14,26,30,36]","['fruity','comfort']; augmented; combo",0.8392649903779689,"Iced Strawberry Matcha Latte (Half Sugar) is a iced tea drink with half sugar and medium caffeine. Featuring whole milk, soy milk, matcha powder, banana."
1755,Iced Strawberry Matcha Latte,tea,iced,regular,medium,"[26,44,10,36]","['fruity','comfort']; augmented; caffeine_medium",0.8810664483390571,"Iced Strawberry Matcha Latte is a iced tea drink with regular sweetness and medium caffeine. Featuring matcha powder, strawberry puree, whole milk, ice."
1756,Iced Strawberry Matcha Latte,tea,iced,regular,low,"[10,25,36,44]","['fruity','comfort']; augmented; ingredient_swap",0.837222595384657,"Iced Strawberry Matcha Latte is a iced tea drink with regular sweetness and low caffeine. Featuring whole milk, chai spice mix, ice, strawberry puree."
1757,Iced Strawberry Matcha Latte,tea,iced,regular,medium,"[26,44,10,36]","['fruity','comfort']; augmented; caffeine_medium",0.9080504934254118,"Iced Strawberry Matcha Latte is a iced tea drink with regular sweetness and medium caffeine. Featuring matcha powder, strawberry puree, whole milk, ice."
1758,Iced Strawberry Matcha Latte,tea,iced,regular,low,"[10,23,36,44]","['fruity','comfort']; augmented; swap_add",0.8469652893689463,"Iced Strawberry Matcha Latte is a iced tea drink with regular sweetness and low caffeine. Featuring whole milk, nutmeg powder, ice, strawberry puree."
1759,Iced Mango Coconut Refresher (Decaf),refresher,iced,regular,none,"[45,38,47,36]","['fruity','refreshing']; augmented; caffeine_none",0.8171771172253255,"Iced Mango Coconut Refresher (Decaf) is a iced refresher drink with regular sweetness and decaf. Featuring mango base, coconut milk, lemonade, ice."
1760,"Iced Mango Coconut Refresher (Half Sugar, Decaf)",refresher,iced,half,none,"[45,38,47,36]","['fruity','refreshing']; augmented; sugar_half",0.8926002486331359,"Iced Mango Coconut Refresher (Half Sugar, Decaf) is a iced refresher drink with half sugar and decaf. Featuring mango base, coconut milk, lemonade, ice."
1761,Hot Mango Coconut Refresher (Decaf),refresher,hot,regular,none,"[45,38,47,36]","['fruity','refreshing']; augmented; temp_hot",0.8814347515464833,"Hot Mango Coconut Refresher (Decaf) is a hot refresher drink with regular sweetness and decaf. Featuring mango base, coconut milk, lemonade, ice."
1762,Iced Mango Coconut Refresher,refresher,iced,regular,low,"[45,38,47,36]","['fruity','refreshing']; augmented; caffeine_low",0.9086925826224823,"Iced Mango Coconut Refresher is a iced refresher drink with regular sweetness and low caffeine. Featuring mango base, coconut milk, lemonade, ice."
1763,"Iced Mango Coconut Refresher (Half Sugar, Decaf)",refresher,iced,half,none,"[5,14,36,45,47]","['fruity','refreshing']; augmented; combo",0.8901954405380987,"Iced Mango Coconut Refresher (Half Sugar, Decaf) is a iced refresher drink with half sugar and decaf. Featuring green tea, soy milk, ice, mango base."
1764,Blended Mocha Cookie Crumble Frappe,frappe,blended,regular,medium,"[1,2,6,19,20,29,36]","['dessert','house_favorite']; augmented; combo",0.8958463204804868,"Blended Mocha Cookie Crumble Frappe is a blended frappe drink with regular sweetness and medium caffeine. Featuring espresso shot, cold brew coffee, black tea, chocolate syrup."
1765,Blended Mocha Cookie Crumble Frappe (Extra Caffeine),frappe,blended,regular,high,"[4,19,20,29,36,45]","['dessert','house_favorite']; augmented; ingredient_swap",0.863271052911319,"Blended Mocha Cookie Crumble Frappe (Extra Caffeine) is a blended frappe drink with regular sweetness and high caffeine. Featuring creme base, chocolate syrup, white chocolate syrup, blueberry puree."
1766,Blended Mocha Cookie Crumble Frappe,frappe,blended,regular,medium,"[1,4,19,20,29,36]","['dessert','house_favorite']; augmented; caffeine_medium",0.8937293022814192,"Blended Mocha Cookie Crumble Frappe is a blended frappe drink with regular sweetness and medium caffeine. Featuring espresso shot, creme base, chocolate syrup, white chocolate syrup."
1767,Blended Mocha Cookie Crumble Frappe (Extra Caffeine),frappe,blended,regular,high,"[1,4,19,20,29,36]","['dessert','house_favorite']; augmented; temp_blended",0.8744843863737211,"Blended Mocha Cookie Crumble Frappe (Extra Caffeine) is a blended frappe drink with regular sweetness and high caffeine. Featuring espresso shot, creme base, chocolate syrup, white chocolate syrup."
1768,Iced Mocha Cookie Crumble Frappe (Extra Caffeine),frappe,iced,regular,high,"[1,4,19,20,29,36]","['dessert','house_favorite']; augmented; temp_iced",0.8825842965058583,"Iced Mocha Cookie Crumble Frappe (Extra Caffeine) is a iced frappe drink with regular sweetness and high caffeine. Featuring espresso shot, creme base, chocolate syrup, white chocolate syrup."
1769,Blended Vanilla Bean Pistachio Frappe,frappe,blended,regular,low,"[4,10,13,29,36]","['dessert','nutty']; augmented; temp_blended",0.8476573521326183,"Blended Vanilla Bean Pistachio Frappe is a blended frappe drink with regular sweetness and low caffeine. Featuring creme base, whole milk, almond milk, blueberry puree."
1770,Blended Vanilla Bean Pistachio Frappe,frappe,blended,regular,low,"[10,13,29,30,36,45]","['dessert','nutty']; augmented; swap_add",0.8800971351305421,"Blended Vanilla Bean Pistachio Frappe is a blended frappe drink with regular sweetness and low caffeine. Featuring whole milk, almond milk, blueberry puree, banana."
1771,Blended Vanilla Bean Pistachio Frappe (Half Sugar),frappe,blended,half,medium,"[10,13,29,36,45]","['dessert','nutty']; augmented; combo",0.8418401458946894,"Blended Vanilla Bean Pistachio Frappe (Half Sugar) is a blended frappe drink with half sugar and medium caffeine. Featuring whole milk, almond milk, blueberry puree, ice."
1772,Blended Vanilla Bean Pistachio Frappe (Half Sugar),frappe,blended,half,low,"[4,10,13,29,36]","['dessert','nutty']; augmented; sugar_half",0.7941235081389444,"Blended Vanilla Bean Pistachio Frappe (Half Sugar) is a blended frappe drink with half sugar and low caffeine. Featuring creme base, whole milk, almond milk, blueberry puree."
1773,Blended Vanilla Bean Pistachio Frappe,frappe,blended,regular,low,"[4,10,13,29,36]","['dessert','nutty']; augmented; temp_blended",0.8433380800466042,"Blended Vanilla Bean Pistachio Frappe is a blended frappe drink with regular sweetness and low caffeine. Featuring creme base, whole milk, almond milk, blueberry puree."
1774,Iced Toasted White Chocolate Cold Brew (Extra Caffeine),coffee,iced,regular,high,"[2,4,19,22,36]","['dessert','house_favorite']; augmented; ingredient_swap",0.9258989445993695,"Iced Toasted White Chocolate Cold Brew (Extra Caffeine) is a iced coffee drink with regular sweetness and high caffeine. Featuring cold brew coffee, creme base, chocolate syrup, brown sugar syrup."
1775,Hot Toasted White Chocolate Cold Brew (Extra Caffeine),coffee,hot,regular,high,"[2,4,20,22,36]","['dessert','house_favorite']; augmented; temp_hot",0.8717065128704186,"Hot Toasted White Chocolate Cold Brew (Extra Caffeine) is a hot coffee drink with regular sweetness and high caffeine. Featuring cold brew coffee, creme base, white chocolate syrup, brown sugar syrup."
1776,"Iced Toasted White Chocolate Cold Brew (Zero Sugar, Extra Caffeine)",coffee,iced,zero,high,"[3,4,20,22,36]","['dessert','house_favorite']; augmented; combo",0.8859794849998125,"Iced Toasted White Chocolate Cold Brew (Zero Sugar, Extra Caffeine) is a iced coffee drink with zero sugar and high caffeine. Featuring brewed coffee, creme base, white chocolate syrup, brown sugar syrup."
1777,"Iced Toasted White Chocolate Cold Brew (Zero Sugar, Extra Caffeine)",coffee,iced,zero,high,"[2,4,18,20,31,36]","['dessert','house_favorite']; augmented; combo",0.8904406458418759,"Iced Toasted White Chocolate Cold Brew (Zero Sugar, Extra Caffeine) is a iced coffee drink with zero sugar and high caffeine. Featuring cold brew coffee, creme base, classic simple syrup, white chocolate syrup."
1778,Iced Toasted White Chocolate Cold Brew (Extra Caffeine),coffee,iced,regular,high,"[2,4,20,22,36]","['dessert','house_favorite']; augmented; caffeine_high",0.8664530506075329,"Iced Toasted White Chocolate Cold Brew (Extra Caffeine) is a iced coffee drink with regular sweetness and high caffeine. Featuring cold brew coffee, creme base, white chocolate syrup, brown sugar syrup."
1779,Hot Hot White Chocolate Strawberry Mocha (Half Sugar),coffee,hot,half,low,"[2,20,23,33,44]","['dessert','fruity','comfort']; augmented; combo",0.8794484130153157,"Hot Hot White Chocolate Strawberry Mocha (Half Sugar) is a hot coffee drink with half sugar and low caffeine. Featuring cold brew coffee, white chocolate syrup, nutmeg powder, whipped cream."
1780,Hot Hot White Chocolate Strawberry Mocha (Half Sugar),coffee,hot,half,medium,"[3,20,44,33]","['dessert','fruity','comfort']; augmented; sugar_half",0.8563715555417666,"Hot Hot White Chocolate Strawberry Mocha (Half Sugar) is a hot coffee drink with half sugar and medium caffeine. Featuring brewed coffee, white chocolate syrup, strawberry puree, whipped cream."
1781,Hot Hot White Chocolate Strawberry Mocha,coffee,hot,regular,medium,"[3,20,28,33]","['dessert','fruity','comfort']; augmented; swap_add",0.8725859733172108,"Hot Hot White Chocolate Strawberry Mocha is a hot coffee drink with regular sweetness and medium caffeine. Featuring brewed coffee, white chocolate syrup, strawberry pieces, whipped cream."
1782,Hot Hot White Chocolate Strawberry Mocha,coffee,hot,regular,low,"[3,20,44,33]","['dessert','fruity','comfort']; augmented; caffeine_low",0.833375234665937,"Hot Hot White Chocolate Strawberry Mocha is a hot coffee drink with regular sweetness and low caffeine. Featuring brewed coffee, white chocolate syrup, strawberry puree, whipped cream."
1783,Hot Hot White Chocolate Strawberry Mocha (Half Sugar),coffee,hot,half,medium,"[3,20,44,33]","['dessert','fruity','comfort']; augmented; sugar_half",0.8468762509902976,"Hot Hot White Chocolate Strawberry Mocha (Half Sugar) is a hot coffee drink with half sugar and medium caffeine. Featuring brewed coffee, white chocolate syrup, strawberry puree, whipped cream."
1784,Iced Iced White Chocolate Strawberry Mocha,coffee,iced,regular,medium,"[1,20,27,33,36,38]","['dessert','fruity','refreshing']; augmented; swap_add",0.8716714407348332,"Iced Iced White Chocolate Strawberry Mocha is a iced coffee drink with regular sweetness and medium caffeine. Featuring espresso shot, white chocolate syrup, mango puree, whipped cream."
1785,Hot Iced White Chocolate Strawberry Mocha,coffee,hot,regular,medium,"[1,20,44,36,33]","['dessert','fruity','refreshing']; augmented; temp_hot",0.838815005437247,"Hot Iced White Chocolate Strawberry Mocha is a hot coffee drink with regular sweetness and medium caffeine. Featuring espresso shot, white chocolate syrup, strawberry puree, ice."
1786,Hot Iced White Chocolate Strawberry Mocha,coffee,hot,regular,medium,"[1,20,44,36,33]","['dessert','fruity','refreshing']; augmented; temp_hot",0.9018089155370022,"Hot Iced White Chocolate Strawberry Mocha is a hot coffee drink with regular sweetness and medium caffeine. Featuring espresso shot, white chocolate syrup, strawberry puree, ice."
1787,Iced Iced White Chocolate Strawberry Mocha,coffee,iced,regular,medium,"[1,22,33,36,44]","['dessert','fruity','refreshing']; augmented; ingredient_swap",0.838010914431562,"Iced Iced White Chocolate Strawberry Mocha is a iced coffee drink with regular sweetness and medium caffeine. Featuring espresso shot, brown sugar syrup, whipped cream, ice."
1788,Iced Iced White Chocolate Strawberry Mocha,coffee,iced,regular,medium,"[20,33,36,44,46]","['dessert','fruity','refreshing']; augmented; ingredient_swap",0.8567405417725565,"Iced Iced White Chocolate Strawberry Mocha is a iced coffee drink with regular sweetness and medium caffeine. Featuring white chocolate syrup, whipped cream, ice, strawberry puree."
1789,Hot White Chocolate Matcha Latte (Half Sugar),tea,hot,half,medium,"[26,20,10,33]","['comfort','light_healthy']; augmented; caffeine_medium",0.8479777249561926,"Hot White Chocolate Matcha Latte (Half Sugar) is a hot tea drink with half sugar and medium caffeine. Featuring matcha powder, white chocolate syrup, whole milk, whipped cream."
1790,"Hot White Chocolate Matcha Latte (Half Sugar, Decaf)",tea,hot,half,none,"[26,20,10,33]","['comfort','light_healthy']; augmented; caffeine_none",0.777449028012009,"Hot White Chocolate Matcha Latte (Half Sugar, Decaf) is a hot tea drink with half sugar and decaf. Featuring matcha powder, white chocolate syrup, whole milk, whipped cream."
1791,Hot White Chocolate Matcha Latte (Decaf),tea,hot,regular,none,"[10,20,26,34]","['comfort','light_healthy']; augmented; combo",0.7671757356405767,"Hot White Chocolate Matcha Latte (Decaf) is a hot tea drink with regular sweetness and decaf. Featuring whole milk, white chocolate syrup, matcha powder, cold foam."
1792,Hot White Chocolate Matcha Latte (Zero Sugar),tea,hot,zero,medium,"[3,10,20,24,33]","['comfort','light_healthy']; augmented; combo",0.7742303105628972,"Hot White Chocolate Matcha Latte (Zero Sugar) is a hot tea drink with zero sugar and medium caffeine. Featuring brewed coffee, whole milk, white chocolate syrup, cinnamon powder."
1793,Hot White Chocolate Matcha Latte (Half Sugar),tea,hot,half,low,"[10,20,24,33,34]","['comfort','light_healthy']; augmented; swap_add",0.8578775231028154,"Hot White Chocolate Matcha Latte (Half Sugar) is a hot tea drink with half sugar and low caffeine. Featuring whole milk, white chocolate syrup, cinnamon powder, whipped cream."
1794,Iced Iced White Chocolate Coconut Latte (Extra Caffeine),coffee,iced,regular,high,"[1,20,38,36]","['dessert','refreshing']; augmented; caffeine_high",0.8234442556232265,"Iced Iced White Chocolate Coconut Latte (Extra Caffeine) is a iced coffee drink with regular sweetness and high caffeine. Featuring espresso shot, white chocolate syrup, coconut milk, ice."
1795,Iced Iced White Chocolate Coconut Latte,coffee,iced,regular,medium,"[1,36,38,39]","['dessert','refreshing']; augmented; ingredient_swap",0.9167459785700476,"Iced Iced White Chocolate Coconut Latte is a iced coffee drink with regular sweetness and medium caffeine. Featuring espresso shot, ice, coconut milk, pecan syrup."
1796,Hot Iced White Chocolate Coconut Latte,coffee,hot,regular,medium,"[1,20,38,36]","['dessert','refreshing']; augmented; temp_hot",0.8230725720402783,"Hot Iced White Chocolate Coconut Latte is a hot coffee drink with regular sweetness and medium caffeine. Featuring espresso shot, white chocolate syrup, coconut milk, ice."
1797,Iced Iced White Chocolate Coconut Latte (Extra Caffeine),coffee,iced,regular,high,"[1,20,38,36]","['dessert','refreshing']; augmented; caffeine_high",0.8455365390959111,"Iced Iced White Chocolate Coconut Latte (Extra Caffeine) is a iced coffee drink with regular sweetness and high caffeine. Featuring espresso shot, white chocolate syrup, coconut milk, ice."
1798,Iced Iced White Chocolate Coconut Latte,coffee,iced,regular,medium,"[1,21,36,38]","['dessert','refreshing']; augmented; ingredient_swap",0.8862632985770362,"Iced Iced White Chocolate Coconut Latte is a iced coffee drink with regular sweetness and medium caffeine. Featuring espresso shot, pumpkin spice syrup, ice, coconut milk."
1799,Hot Peppermint White Chocolate Mocha,coffee,hot,regular,medium,"[3,20,33,34,40]","['dessert','seasonal','warm_spice']; augmented; swap_add",0.9301827866447737,"Hot Peppermint White Chocolate Mocha is a hot coffee drink with regular sweetness and medium caffeine. Featuring brewed coffee, white chocolate syrup, whipped cream, cold foam."
1800,Hot Peppermint White Chocolate Mocha,coffee,hot,regular,low,"[3,20,40,33]","['dessert','seasonal','warm_spice']; augmented; caffeine_low",0.931845107299092,"Hot Peppermint White Chocolate Mocha is a hot coffee drink with regular sweetness and low caffeine. Featuring brewed coffee, white chocolate syrup, peppermint syrup, whipped cream."
1801,Hot Peppermint White Chocolate Mocha (Extra Caffeine),coffee,hot,regular,high,"[3,20,40,33]","['dessert','seasonal','warm_spice']; augmented; caffeine_high",0.9062509869177943,"Hot Peppermint White Chocolate Mocha (Extra Caffeine) is a hot coffee drink with regular sweetness and high caffeine. Featuring brewed coffee, white chocolate syrup, peppermint syrup, whipped cream."
1802,Hot Peppermint White Chocolate Mocha,coffee,hot,regular,medium,"[3,20,34,40]","['dessert','seasonal','warm_spice']; augmented; ingredient_swap",0.9007218757743438,"Hot Peppermint White Chocolate Mocha is a hot coffee drink with regular sweetness and medium caffeine. Featuring brewed coffee, white chocolate syrup, cold foam, peppermint syrup."
1803,Hot Peppermint White Chocolate Mocha,coffee,hot,regular,medium,"[3,28,33,39,40]","['dessert','seasonal','warm_spice']; augmented; swap_add",0.8877758084760354,"Hot Peppermint White Chocolate Mocha is a hot coffee drink with regular sweetness and medium caffeine. Featuring brewed coffee, strawberry pieces, whipped cream, pecan syrup."
1804,"Hot Gingerbread White Chocolate Latte (Half Sugar, Extra Caffeine)",coffee,hot,half,high,"[3,20,21,33,34,41]","['dessert','seasonal','warm_spice','comfort']; augmented; combo",0.9033508322849991,"Hot Gingerbread White Chocolate Latte (Half Sugar, Extra Caffeine) is a hot coffee drink with half sugar and high caffeine. Featuring brewed coffee, white chocolate syrup, pumpkin spice syrup, whipped cream."
1805,Hot Gingerbread White Chocolate Latte (Extra Caffeine),coffee,hot,regular,high,"[3,20,21,23,33,40]","['dessert','seasonal','warm_spice','comfort']; augmented; combo",0.863464428510144,"Hot Gingerbread White Chocolate Latte (Extra Caffeine) is a hot coffee drink with regular sweetness and high caffeine. Featuring brewed coffee, white chocolate syrup, pumpkin spice syrup, nutmeg powder."
1806,Hot Gingerbread White Chocolate Latte,coffee,hot,regular,medium,"[3,20,22,33,41]","['dessert','seasonal','warm_spice','comfort']; augmented; ingredient_swap",0.8554540334973308,"Hot Gingerbread White Chocolate Latte is a hot coffee drink with regular sweetness and medium caffeine. Featuring brewed coffee, white chocolate syrup, brown sugar syrup, whipped cream."
1807,Iced Gingerbread White Chocolate Latte,coffee,iced,regular,medium,"[3,20,41,21,33]","['dessert','seasonal','warm_spice','comfort']; augmented; temp_iced",0.8798987662776715,"Iced Gingerbread White Chocolate Latte is a iced coffee drink with regular sweetness and medium caffeine. Featuring brewed coffee, white chocolate syrup, gingerbread syrup, pumpkin spice syrup."
1808,Hot Gingerbread White Chocolate Latte,coffee,hot,regular,medium,"[3,20,21,33,40]","['dessert','seasonal','warm_spice','comfort']; augmented; swap_add",0.8748944613242522,"Hot Gingerbread White Chocolate Latte is a hot coffee drink with regular sweetness and medium caffeine. Featuring brewed coffee, white chocolate syrup, pumpkin spice syrup, whipped cream."
1809,Blended White Chocolate Strawberry Creme Frappe,frappe,blended,regular,low,"[20,29,36,44,47]","['dessert','fruity','house_favorite']; augmented; ingredient_swap",0.8864031585201818,"Blended White Chocolate Strawberry Creme Frappe is a blended frappe drink with regular sweetness and low caffeine. Featuring white chocolate syrup, blueberry puree, ice, strawberry puree."
1810,"Blended White Chocolate Strawberry Creme Frappe (Half Sugar, Decaf)",frappe,blended,half,none,"[4,17,29,36,44]","['dessert','fruity','house_favorite']; augmented; combo",0.9208916234237015,"Blended White Chocolate Strawberry Creme Frappe (Half Sugar, Decaf) is a blended frappe drink with half sugar and decaf. Featuring creme base, hazelnut syrup, blueberry puree, ice."
1811,Blended White Chocolate Strawberry Creme Frappe,frappe,blended,regular,low,"[4,20,29,30,36]","['dessert','fruity','house_favorite']; augmented; ingredient_swap",0.9286591562571154,"Blended White Chocolate Strawberry Creme Frappe is a blended frappe drink with regular sweetness and low caffeine. Featuring creme base, white chocolate syrup, blueberry puree, banana."
1812,Blended White Chocolate Strawberry Creme Frappe,frappe,blended,regular,low,"[4,20,28,29,36]","['dessert','fruity','house_favorite']; augmented; swap_add",0.9026522065887554,"Blended White Chocolate Strawberry Creme Frappe is a blended frappe drink with regular sweetness and low caffeine. Featuring creme base, white chocolate syrup, strawberry pieces, blueberry puree."
1813,Blended White Chocolate Strawberry Creme Frappe,frappe,blended,regular,low,"[4,20,29,30,36]","['dessert','fruity','house_favorite']; augmented; swap_add",0.9443259024316579,"Blended White Chocolate Strawberry Creme Frappe is a blended frappe drink with regular sweetness and low caffeine. Featuring creme base, white chocolate syrup, blueberry puree, banana."
1814,Blended White Chocolate Berry Yogurt Smoothie (Decaf),smoothie,blended,regular,none,"[7,20,28,29,36]","['dessert','fruity','comfort']; augmented; caffeine_none",0.7957493265759948,"Blended White Chocolate Berry Yogurt Smoothie (Decaf) is a blended smoothie drink with regular sweetness and decaf. Featuring yogurt base, white chocolate syrup, strawberry pieces, blueberry puree."
1815,Blended White Chocolate Berry Yogurt Smoothie (Decaf),smoothie,blended,regular,none,"[7,17,28,29,36]","['dessert','fruity','comfort']; augmented; swap_add",0.8241902162216084,"Blended White Chocolate Berry Yogurt Smoothie (Decaf) is a blended smoothie drink with regular sweetness and decaf. Featuring yogurt base, hazelnut syrup, strawberry pieces, blueberry puree."
1816,Blended White Chocolate Berry Yogurt Smoothie (Decaf),smoothie,blended,regular,none,"[7,20,28,29,36]","['dessert','fruity','comfort']; augmented; temp_blended",0.8084953303819158,"Blended White Chocolate Berry Yogurt Smoothie (Decaf) is a blended smoothie drink with regular sweetness and decaf. Featuring yogurt base, white chocolate syrup, strawberry pieces, blueberry puree."
1817,Blended White Chocolate Berry Yogurt Smoothie (Decaf),smoothie,blended,regular,none,"[7,27,28,29,36,43]","['dessert','fruity','comfort']; augmented; swap_add",0.7740039014878082,"Blended White Chocolate Berry Yogurt Smoothie (Decaf) is a blended smoothie drink with regular sweetness and decaf. Featuring yogurt base, mango puree, strawberry pieces, blueberry puree."
1818,Blended White Chocolate Berry Yogurt Smoothie (Decaf),smoothie,blended,regular,none,"[7,20,28,29,36]","['dessert','fruity','comfort']; augmented; caffeine_none",0.827519579424719,"Blended White Chocolate Berry Yogurt Smoothie (Decaf) is a blended smoothie drink with regular sweetness and decaf. Featuring yogurt base, white chocolate syrup, strawberry pieces, blueberry puree."
